image,model,psnr,ssim,lpips,elapsed_sec
000000000311.jpg,Zhang16 Pretrained,16.808700343881853,0.9050963165325282,0.32166510820388794,0.8892490863800049
000000002380.jpg,Zhang16 Pretrained,17.536895870718887,0.6266696364232248,0.4351029396057129,0.2077314853668213
000000002418.jpg,Zhang16 Pretrained,20.483596960838675,0.7957087410659484,0.42121556401252747,0.23750734329223633
000000002427.jpg,Zhang16 Pretrained,16.602263166320313,0.5379913872511745,0.6054428219795227,0.21229028701782227
000000002439.jpg,Zhang16 Pretrained,17.319814782954666,0.6873143059375902,0.4419044554233551,0.20058202743530273
000000002797.jpg,Zhang16 Pretrained,14.646721373091985,0.5126957607438891,0.6125660538673401,0.14176630973815918
000000002925.jpg,Zhang16 Pretrained,16.735683210295683,0.5068833126591064,0.43689262866973877,0.18648123741149902
000000003384.jpg,Zhang16 Pretrained,12.002827430184023,0.8586665739483403,0.4596278965473175,0.20380520820617676
000000003748.jpg,Zhang16 Pretrained,16.265854871953668,0.5638179987067563,0.531391441822052,0.11178898811340332
000000004649.jpg,Zhang16 Pretrained,13.89362882445364,0.5773098175918713,0.5846990346908569,0.1661970615386963
000000005401.jpg,Zhang16 Pretrained,14.248691619028808,0.561483875393919,0.5542498826980591,0.17635059356689453
000000005578.jpg,Zhang16 Pretrained,17.01906635881898,0.7705731750379541,0.5670381188392639,0.1801607608795166
000000005976.jpg,Zhang16 Pretrained,17.516800014795958,0.6318515918306343,0.47986745834350586,0.19045329093933105
000000007543.jpg,Zhang16 Pretrained,15.678049850045337,0.656525333046207,0.49658405780792236,0.14179491996765137
000000007843.jpg,Zhang16 Pretrained,19.86654082487446,0.955267017842051,0.41885730624198914,0.20485544204711914
000000008258.jpg,Zhang16 Pretrained,20.342504111428106,0.7459925842820038,0.3398960530757904,0.1869676113128662
000000008609.jpg,Zhang16 Pretrained,21.58911769534267,0.9044279892382976,0.21353860199451447,0.2056407928466797
000000009264.jpg,Zhang16 Pretrained,16.57492217514363,0.7113916882595345,0.38425499200820923,0.1415855884552002
000000009703.jpg,Zhang16 Pretrained,14.651122025067378,0.7020222250730696,0.4873480796813965,0.1144251823425293
000000011379.jpg,Zhang16 Pretrained,13.699580963761523,0.6583187893339436,0.4517970085144043,0.10148119926452637
000000011413.jpg,Zhang16 Pretrained,18.648806961493655,0.8346628193734098,0.2801836133003235,0.18770790100097656
000000011958.jpg,Zhang16 Pretrained,16.004264856317494,0.6344068533553987,0.4796347916126251,0.18311023712158203
000000013207.jpg,Zhang16 Pretrained,13.25121983784677,0.7219981640957535,0.5063379406929016,0.19469285011291504
000000014119.jpg,Zhang16 Pretrained,17.573548074492834,0.6431673009518463,0.367603063583374,0.21891570091247559
000000014224.jpg,Zhang16 Pretrained,14.594816961400909,0.860953961396715,0.38500267267227173,0.19572806358337402
000000014408.jpg,Zhang16 Pretrained,16.244685545721957,0.7977160567110578,0.4840242862701416,0.20222163200378418
000000014550.jpg,Zhang16 Pretrained,22.26162599971371,0.8966912600455473,0.19993242621421814,0.10359883308410645
000000015088.jpg,Zhang16 Pretrained,20.029506593890275,0.626351886694754,0.4553129971027374,0.16811299324035645
000000015568.jpg,Zhang16 Pretrained,17.63141306302846,0.6036109132340273,0.4404752850532532,0.21970248222351074
000000015602.jpg,Zhang16 Pretrained,13.355335411620196,0.3456344024638231,0.7955602407455444,0.12292289733886719
000000016833.jpg,Zhang16 Pretrained,17.735012137772603,0.44634051649548256,0.5267444252967834,0.17430996894836426
000000017568.jpg,Zhang16 Pretrained,20.03416617081251,0.9532660357319456,0.29855871200561523,0.15312433242797852
000000017974.jpg,Zhang16 Pretrained,14.376572805405852,0.5436323354157827,0.596744954586029,0.13480377197265625
000000019204.jpg,Zhang16 Pretrained,17.07881181229991,0.7906914473818144,0.3352082073688507,0.21871709823608398
000000019648.jpg,Zhang16 Pretrained,15.834259904853745,0.7725020262106833,0.4389696717262268,0.19754362106323242
000000020048.jpg,Zhang16 Pretrained,15.47832245797445,0.45887247765179145,0.5564460754394531,0.18848013877868652
000000021557.jpg,Zhang16 Pretrained,13.020790753211823,0.6748123145437365,0.5777921676635742,0.14155840873718262
000000022445.jpg,Zhang16 Pretrained,20.537630430026294,0.767752022236906,0.28692731261253357,0.19214129447937012
000000023533.jpg,Zhang16 Pretrained,14.3068932445812,0.606120391136546,0.622211754322052,0.2059459686279297
000000024930.jpg,Zhang16 Pretrained,13.285776415253308,0.5619083597653675,0.6494497060775757,0.2160959243774414
000000025064.jpg,Zhang16 Pretrained,16.895786340947033,0.8216913864147557,0.2552433907985687,0.18716859817504883
000000025092.jpg,Zhang16 Pretrained,15.533913302638151,0.7529466792247366,0.3454737365245819,0.1951742172241211
000000025164.jpg,Zhang16 Pretrained,16.389939610685534,0.67334526090638,0.33955246210098267,0.16988682746887207
000000025330.jpg,Zhang16 Pretrained,14.360733558872557,0.6164100386495325,0.5519856810569763,0.20353055000305176
000000025893.jpg,Zhang16 Pretrained,14.035115722067957,0.4305729590369733,0.5826537609100342,0.12827682495117188
000000026649.jpg,Zhang16 Pretrained,17.722465452181673,0.7429091625407495,0.505784809589386,0.13251638412475586
000000026770.jpg,Zhang16 Pretrained,12.848770671152279,0.7044088982332903,0.46773388981819153,0.19987797737121582
000000027034.jpg,Zhang16 Pretrained,13.500251112000525,0.5292519930418713,0.6248412728309631,0.20271754264831543
000000028203.jpg,Zhang16 Pretrained,14.597080565104012,0.46501891544951457,0.7308010458946228,0.19739437103271484
000000028500.jpg,Zhang16 Pretrained,14.676638007966503,0.5723436627661872,0.6735127568244934,0.20624017715454102
000000028709.jpg,Zhang16 Pretrained,15.312437617743416,0.5962138612393345,0.5839414000511169,0.19536900520324707
000000028753.jpg,Zhang16 Pretrained,17.329092313984685,0.8089775243127896,0.2910331189632416,0.17935609817504883
000000030101.jpg,Zhang16 Pretrained,17.16314670703079,0.5226456874130001,0.5826685428619385,0.2275385856628418
000000030584.jpg,Zhang16 Pretrained,19.92862994786596,0.8114146144048036,0.29581311345100403,0.19167661666870117
000000030687.jpg,Zhang16 Pretrained,15.702331277050185,0.4662550884551495,0.7143423557281494,0.1818714141845703
000000031724.jpg,Zhang16 Pretrained,18.668206511114022,0.8686610796005506,0.2581198811531067,0.17165040969848633
000000032096.jpg,Zhang16 Pretrained,15.75594915316844,0.7024964259724431,0.482774943113327,0.24270057678222656
000000032545.jpg,Zhang16 Pretrained,14.717646261389374,0.6647160073821271,0.3704221546649933,0.18361496925354004
000000033060.jpg,Zhang16 Pretrained,22.36557852421978,0.8683019411058756,0.25713789463043213,0.21138334274291992
000000033986.jpg,Zhang16 Pretrained,21.035722461846742,0.7455844773152224,0.35783088207244873,0.18633437156677246
000000034844.jpg,Zhang16 Pretrained,14.340487482534904,0.6298365917259807,0.4864931106567383,0.1460874080657959
000000035073.jpg,Zhang16 Pretrained,21.983099012047095,0.9091085959275862,0.24329796433448792,0.18564105033874512
000000036076.jpg,Zhang16 Pretrained,15.44056062707891,0.5449499129273648,0.5466176271438599,0.17771196365356445
000000036302.jpg,Zhang16 Pretrained,19.650972812956688,0.7468649172815486,0.2696092128753662,0.17340898513793945
000000036369.jpg,Zhang16 Pretrained,15.151025380205983,0.7379694606963875,0.44501179456710815,0.12152504920959473
000000036375.jpg,Zhang16 Pretrained,17.327631520633915,0.7437637070571655,0.3860539495944977,0.15685272216796875
000000037218.jpg,Zhang16 Pretrained,22.01415330807633,0.7986030928501462,0.2739369571208954,0.1205132007598877
000000037997.jpg,Zhang16 Pretrained,19.508947479224194,0.8506921560400497,0.32503873109817505,0.18500256538391113
000000038260.jpg,Zhang16 Pretrained,18.10145531479481,0.77247275062869,0.24665884673595428,0.16382670402526855
000000038600.jpg,Zhang16 Pretrained,20.663237392270663,0.9372907610182092,0.1946665346622467,0.16037225723266602
000000038915.jpg,Zhang16 Pretrained,18.36318228850359,0.8809724884145842,0.36959171295166016,0.18768668174743652
000000039056.jpg,Zhang16 Pretrained,18.53609300797723,0.7403154970619134,0.3821365237236023,0.1732492446899414
000000039260.jpg,Zhang16 Pretrained,25.701614578680044,0.7621792355769806,0.2185993492603302,0.07117986679077148
000000042660.jpg,Zhang16 Pretrained,19.996231855499545,0.9265070346231455,0.40079352259635925,0.19272136688232422
000000043631.jpg,Zhang16 Pretrained,17.803582011405876,0.7625602539379996,0.4153817892074585,0.16282153129577637
000000044390.jpg,Zhang16 Pretrained,18.313672252590568,0.7465551241446272,0.39487698674201965,0.1698780059814453
000000044819.jpg,Zhang16 Pretrained,18.97288561325916,0.6383559133579318,0.37182047963142395,0.18649029731750488
000000045457.jpg,Zhang16 Pretrained,12.834778373890465,0.49408823039150157,0.6231077909469604,0.15881562232971191
000000046158.jpg,Zhang16 Pretrained,21.04728528774183,0.9281136131560132,0.20697766542434692,0.11826348304748535
000000046527.jpg,Zhang16 Pretrained,19.312334176510383,0.3085984529130616,0.6886412501335144,0.16761279106140137
000000046601.jpg,Zhang16 Pretrained,14.629481864763408,0.5408262315677016,0.5494524836540222,0.1683943271636963
000000046661.jpg,Zhang16 Pretrained,22.75635991924245,0.7938839421883762,0.28983938694000244,0.1910090446472168
000000046721.jpg,Zhang16 Pretrained,16.784656164402055,0.7606967390256844,0.3372153639793396,0.20471835136413574
000000048642.jpg,Zhang16 Pretrained,22.67264125305875,0.6705873473303855,0.342362642288208,0.15351390838623047
000000048693.jpg,Zhang16 Pretrained,16.14701367494727,0.6878169448943069,0.3797033131122589,0.24129104614257812
000000049067.jpg,Zhang16 Pretrained,14.845031690209456,0.39432951155457285,0.820707380771637,0.19597268104553223
000000049246.jpg,Zhang16 Pretrained,19.336262892383647,0.9272478241057724,0.271159827709198,0.1995091438293457
000000049305.jpg,Zhang16 Pretrained,17.95867884586697,0.6993837618679793,0.32808902859687805,0.17173480987548828
000000049410.jpg,Zhang16 Pretrained,13.753389245423964,0.7586986185725856,0.4008670151233673,0.20995473861694336
000000049919.jpg,Zhang16 Pretrained,15.980407371768061,0.6873154977199949,0.542012095451355,0.1835165023803711
000000050630.jpg,Zhang16 Pretrained,15.80186343735348,0.6320354648279183,0.4219079315662384,0.1815481185913086
000000051867.jpg,Zhang16 Pretrained,14.525519695800298,0.825147121385737,0.4862505793571472,0.16824674606323242
000000052483.jpg,Zhang16 Pretrained,14.248928591106791,0.42608858633589364,0.7405974864959717,0.16732096672058105
000000052520.jpg,Zhang16 Pretrained,15.696257229086099,0.5299729588858533,0.5967369079589844,0.18417096138000488
000000052587.jpg,Zhang16 Pretrained,14.162523513676062,0.6641484321452379,0.44106224179267883,0.1704244613647461
000000053857.jpg,Zhang16 Pretrained,15.18034892206937,0.6653769876739253,0.4255967140197754,0.1651613712310791
000000054070.jpg,Zhang16 Pretrained,17.762592798276902,0.6993137110589135,0.5354852676391602,0.18666720390319824
000000056220.jpg,Zhang16 Pretrained,15.809478570450908,0.8169599740086061,0.36100277304649353,0.2693979740142822
000000056757.jpg,Zhang16 Pretrained,21.39056461457475,0.9220169774235059,0.37628161907196045,0.1692056655883789
000000057079.jpg,Zhang16 Pretrained,21.03771486578433,0.6877502207024969,0.260683536529541,0.10652422904968262
000000057549.jpg,Zhang16 Pretrained,19.272831856797524,0.770443101566884,0.32624486088752747,0.18169498443603516
000000058620.jpg,Zhang16 Pretrained,15.849140680337063,0.8775749200316815,0.3585403859615326,0.18516969680786133
000000058932.jpg,Zhang16 Pretrained,20.60507487334041,0.8195063356637037,0.3434140086174011,0.19974231719970703
000000058983.jpg,Zhang16 Pretrained,21.221320911134423,0.8892056867756243,0.27110567688941956,0.16631126403808594
000000059942.jpg,Zhang16 Pretrained,15.970330730585012,0.6289393944472174,0.47481146454811096,0.17722845077514648
000000061055.jpg,Zhang16 Pretrained,14.505942195752684,0.7547727727578647,0.4101575016975403,0.14468932151794434
000000061691.jpg,Zhang16 Pretrained,19.754611539096903,0.8651598143336795,0.24455629289150238,0.16858649253845215
000000062335.jpg,Zhang16 Pretrained,17.052063378309516,0.7298214948048939,0.5166268348693848,0.18622374534606934
000000062728.jpg,Zhang16 Pretrained,18.487591534038433,0.6650790005279995,0.41639426350593567,0.14067554473876953
000000063840.jpg,Zhang16 Pretrained,21.908348278439412,0.8182979316525092,0.2717958688735962,0.1885979175567627
000000065576.jpg,Zhang16 Pretrained,14.6905694325671,0.61413949181356,0.6459497809410095,0.20535540580749512
000000066102.jpg,Zhang16 Pretrained,16.35705003949655,0.5255732317327012,0.6427428126335144,0.1625213623046875
000000066590.jpg,Zhang16 Pretrained,20.43726114928992,0.8574495062565913,0.263560950756073,0.21988153457641602
000000066724.jpg,Zhang16 Pretrained,20.804459531593086,0.8643623440625764,0.2314121425151825,0.16587495803833008
000000067250.jpg,Zhang16 Pretrained,14.891148718348294,0.7634641114592376,0.43958085775375366,0.22647500038146973
000000067343.jpg,Zhang16 Pretrained,19.85753289384968,0.8329020972326183,0.3472348153591156,0.1615293025970459
000000067579.jpg,Zhang16 Pretrained,13.420414514333675,0.5482604171296938,0.4339674115180969,0.13176608085632324
000000068216.jpg,Zhang16 Pretrained,21.540478845348122,0.6802371359848883,0.38124212622642517,0.14002585411071777
000000068371.jpg,Zhang16 Pretrained,16.22304637833434,0.6874467241964789,0.39612114429473877,0.18788361549377441
000000068806.jpg,Zhang16 Pretrained,18.15044183839911,0.6316518485655205,0.5175769329071045,0.1911792755126953
000000068846.jpg,Zhang16 Pretrained,21.01503563091974,0.8402231217716541,0.19323600828647614,0.16429710388183594
000000069237.jpg,Zhang16 Pretrained,16.68672290708906,0.6823109933205099,0.5093578696250916,0.191972017288208
000000069430.jpg,Zhang16 Pretrained,17.288175459786807,0.8353044061188938,0.31464532017707825,0.18759417533874512
000000069623.jpg,Zhang16 Pretrained,17.211537528785932,0.5857424159152168,0.5620602965354919,0.12494087219238281
000000069760.jpg,Zhang16 Pretrained,21.43697651998828,0.9049621083637825,0.27015116810798645,0.24570703506469727
000000070098.jpg,Zhang16 Pretrained,18.91722515730084,0.815139260895553,0.2481183111667633,0.17081236839294434
000000070274.jpg,Zhang16 Pretrained,19.767513198414935,0.9324811520435595,0.3622080981731415,0.1854248046875
000000070419.jpg,Zhang16 Pretrained,17.974375231781885,0.8515596283307825,0.30840688943862915,0.1750631332397461
000000070625.jpg,Zhang16 Pretrained,18.728274053308144,0.7460438089976194,0.30654042959213257,0.17990636825561523
000000072087.jpg,Zhang16 Pretrained,12.9882404045634,0.7425477338719791,0.4122278392314911,0.17382216453552246
000000072464.jpg,Zhang16 Pretrained,17.264940898154773,0.8494103550374561,0.264024943113327,0.16245150566101074
000000072665.jpg,Zhang16 Pretrained,17.849862661457124,0.880254302953324,0.28605401515960693,0.17601466178894043
000000073103.jpg,Zhang16 Pretrained,11.988892814165492,0.8019400843304078,0.5889400839805603,0.1757969856262207
000000073817.jpg,Zhang16 Pretrained,13.11684337546128,0.3839889460780251,0.7306751608848572,0.10309720039367676
000000073886.jpg,Zhang16 Pretrained,16.308778643356916,0.73984194594585,0.4059934616088867,0.2191762924194336
000000075086.jpg,Zhang16 Pretrained,16.42779358555743,0.7124381668246694,0.4318927526473999,0.23020267486572266
000000075889.jpg,Zhang16 Pretrained,18.639891014774673,0.6895114888840178,0.37939557433128357,0.11745595932006836
000000076774.jpg,Zhang16 Pretrained,15.722295910515385,0.7519979861254198,0.4386556148529053,0.16608738899230957
000000078408.jpg,Zhang16 Pretrained,15.99529519495306,0.8508571699971329,0.4245757758617401,0.1907954216003418
000000078568.jpg,Zhang16 Pretrained,20.502730788294382,0.8060092800922573,0.2786165475845337,0.16325712203979492
000000078734.jpg,Zhang16 Pretrained,12.74220838312254,0.6541775888706303,0.6151309013366699,0.174818754196167
000000078931.jpg,Zhang16 Pretrained,19.900347734995346,0.8704805384029607,0.19853873550891876,0.22517919540405273
000000079050.jpg,Zhang16 Pretrained,16.091846807032788,0.5113502178443882,0.42354682087898254,0.11516046524047852
000000079246.jpg,Zhang16 Pretrained,17.413173670698622,0.5618852760442627,0.6559375524520874,0.2007458209991455
000000080024.jpg,Zhang16 Pretrained,22.632608645603977,0.7697791189040868,0.3832341134548187,0.19589710235595703
000000080499.jpg,Zhang16 Pretrained,19.250297024078492,0.7286383981675894,0.379338800907135,0.11791324615478516
000000080607.jpg,Zhang16 Pretrained,15.382520183283763,0.7769250707311756,0.4321371018886566,0.1761634349822998
000000080799.jpg,Zhang16 Pretrained,13.658125910870071,0.5747003398636518,0.5771940350532532,0.17919015884399414
000000080986.jpg,Zhang16 Pretrained,19.34553992443647,0.8575561018024533,0.2519511282444,0.24347662925720215
000000081007.jpg,Zhang16 Pretrained,14.74573753599445,0.5581032203785286,0.6187494397163391,0.19286203384399414
000000081986.jpg,Zhang16 Pretrained,14.76339753949139,0.8618811635531086,0.34053683280944824,0.16635584831237793
000000081992.jpg,Zhang16 Pretrained,18.166072220275584,0.5983241103231914,0.3269357979297638,0.13385486602783203
000000082265.jpg,Zhang16 Pretrained,15.519079836706949,0.7309516032169,0.37543025612831116,0.12642645835876465
000000083366.jpg,Zhang16 Pretrained,18.745317742567433,0.8033332176380651,0.32127606868743896,0.1731739044189453
000000084112.jpg,Zhang16 Pretrained,15.043368829023242,0.39736925279499946,0.8513790369033813,0.2121591567993164
000000084342.jpg,Zhang16 Pretrained,17.77958818520921,0.7454232420749912,0.3150951862335205,0.20044541358947754
000000084381.jpg,Zhang16 Pretrained,15.873399047473356,0.6411883089449462,0.4471977651119232,0.2118384838104248
000000086028.jpg,Zhang16 Pretrained,14.361713618509599,0.670373604118042,0.453542560338974,0.24348139762878418
000000086187.jpg,Zhang16 Pretrained,18.769529443518735,0.7318193476174121,0.4881882071495056,0.20332717895507812
000000087759.jpg,Zhang16 Pretrained,20.530409984135737,0.7425873928381428,0.37858960032463074,0.21553802490234375
000000087952.jpg,Zhang16 Pretrained,18.352543779362726,0.7390182403235878,0.34127098321914673,0.18113446235656738
000000088049.jpg,Zhang16 Pretrained,17.82010002343015,0.9570635847677144,0.2439137101173401,0.18973422050476074
000000088687.jpg,Zhang16 Pretrained,17.29425456521251,0.8809449892501479,0.38182657957077026,0.25607895851135254
000000089237.jpg,Zhang16 Pretrained,14.13451165745336,0.6019710684038552,0.584792971611023,0.2028663158416748
000000089626.jpg,Zhang16 Pretrained,14.418333112500882,0.6881172871380232,0.6321022510528564,0.20284056663513184
000000090601.jpg,Zhang16 Pretrained,22.680506985058827,0.8589164105502621,0.23419800400733948,0.21613168716430664
000000090828.jpg,Zhang16 Pretrained,14.772824258076678,0.3839030190216189,0.8015937209129333,0.1780540943145752
000000090971.jpg,Zhang16 Pretrained,18.0295425952049,0.7550274488769277,0.45797520875930786,0.1921687126159668
000000092360.jpg,Zhang16 Pretrained,15.431522444265042,0.6869971892083432,0.41508355736732483,0.1809685230255127
000000092434.jpg,Zhang16 Pretrained,19.27202447472585,0.7492834456933132,0.30593815445899963,0.20200276374816895
000000092908.jpg,Zhang16 Pretrained,16.573053423828107,0.6892531582017104,0.5562659502029419,0.22177362442016602
000000093076.jpg,Zhang16 Pretrained,15.923783084830754,0.5143485249048018,0.6663187146186829,0.18106460571289062
000000095259.jpg,Zhang16 Pretrained,18.89710190104716,0.6989535580980917,0.41151219606399536,0.1794440746307373
000000096098.jpg,Zhang16 Pretrained,17.552817812401095,0.6710599709651958,0.4421541690826416,0.1987769603729248
000000096518.jpg,Zhang16 Pretrained,16.294630129409104,0.7684692518817423,0.3366955816745758,0.17113375663757324
000000096584.jpg,Zhang16 Pretrained,14.677821848601408,0.5229307207797539,0.5855236053466797,0.18573665618896484
000000096605.jpg,Zhang16 Pretrained,19.916452074940484,0.8436406620389478,0.37113073468208313,0.1768805980682373
000000096846.jpg,Zhang16 Pretrained,17.046177583225685,0.8242565342247684,0.3213008642196655,0.17173409461975098
000000098657.jpg,Zhang16 Pretrained,18.685401541348767,0.6558870125288087,0.4163645803928375,0.17290639877319336
000000098712.jpg,Zhang16 Pretrained,10.26873139763105,0.32297212543124404,0.8678727149963379,0.1782846450805664
000000098861.jpg,Zhang16 Pretrained,16.862320569685966,0.6739545841012856,0.5076162815093994,0.21321439743041992
000000099420.jpg,Zhang16 Pretrained,17.14243102684058,0.8554860584141247,0.3168600797653198,0.21149611473083496
000000099764.jpg,Zhang16 Pretrained,17.629005926449494,0.6394845519803299,0.38218533992767334,0.19304370880126953
000000099889.jpg,Zhang16 Pretrained,14.67023881221655,0.4246523598847282,0.8187549114227295,0.2378547191619873
000000101119.jpg,Zhang16 Pretrained,14.936611822431892,0.6889112964348848,0.2912564277648926,0.19960713386535645
000000102399.jpg,Zhang16 Pretrained,17.95256218836159,0.6361247769725105,0.34594491124153137,0.1864631175994873
000000102767.jpg,Zhang16 Pretrained,19.143084796767926,0.9067021881140188,0.1958601325750351,0.20072126388549805
000000103350.jpg,Zhang16 Pretrained,20.798079216835312,0.8687264103444087,0.2001877874135971,0.22980117797851562
000000103391.jpg,Zhang16 Pretrained,17.10396266602655,0.7685970297947056,0.33361688256263733,0.19399690628051758
000000103451.jpg,Zhang16 Pretrained,15.416299883549447,0.787389037542415,0.4023696780204773,0.2364959716796875
000000103721.jpg,Zhang16 Pretrained,19.01343079163451,0.8298232672711011,0.2942623794078827,0.1637558937072754
000000103777.jpg,Zhang16 Pretrained,14.59230071075761,0.4730233748070316,0.7459228038787842,0.18206071853637695
000000105054.jpg,Zhang16 Pretrained,13.0425019096839,0.7978202331509904,0.420434832572937,0.13737726211547852
000000105130.jpg,Zhang16 Pretrained,11.713979470520686,0.4338857633819797,0.8021280765533447,0.19874858856201172
000000105400.jpg,Zhang16 Pretrained,15.460991022849129,0.5008864972458155,0.6920503973960876,0.19399333000183105
000000105654.jpg,Zhang16 Pretrained,20.951742351545466,0.8256991423468248,0.2904718220233917,0.20016264915466309
000000105965.jpg,Zhang16 Pretrained,12.70014093567816,0.6561820835910878,0.5675777792930603,0.1769118309020996
000000107224.jpg,Zhang16 Pretrained,16.453586416640796,0.7497385189303651,0.36738255620002747,0.20020699501037598
000000107600.jpg,Zhang16 Pretrained,21.01278891938934,0.8733995998175769,0.18876062333583832,0.14914417266845703
000000107717.jpg,Zhang16 Pretrained,21.303275941577798,0.9174021640698905,0.2819315791130066,0.21405863761901855
000000107916.jpg,Zhang16 Pretrained,14.632702595703254,0.5301892422939914,0.6370161771774292,0.19074130058288574
000000108001.jpg,Zhang16 Pretrained,17.842961208039586,0.7357673318541265,0.3853914141654968,0.14620232582092285
000000108469.jpg,Zhang16 Pretrained,18.199644622015004,0.5806560800910371,0.5490978360176086,0.13928484916687012
000000111540.jpg,Zhang16 Pretrained,16.51234653399434,0.8579699644601589,0.42689868807792664,0.18538904190063477
000000111816.jpg,Zhang16 Pretrained,12.368878280204715,0.6781778224428937,0.5863112211227417,0.21587514877319336
000000111847.jpg,Zhang16 Pretrained,13.433441544909554,0.5201152098073901,0.6706113219261169,0.18727898597717285
000000111915.jpg,Zhang16 Pretrained,12.314019524029941,0.43111732512422246,0.7370600700378418,0.16190576553344727
000000112067.jpg,Zhang16 Pretrained,17.466814055647607,0.7882397722142115,0.4482523798942566,0.20554232597351074
000000113538.jpg,Zhang16 Pretrained,15.993653536027812,0.7202757733318981,0.4171947240829468,0.1762399673461914
000000114991.jpg,Zhang16 Pretrained,14.050031729128738,0.6667543169934959,0.5964196920394897,0.17561697959899902
000000115628.jpg,Zhang16 Pretrained,17.561917382542052,0.8361941285278095,0.39202165603637695,0.21102595329284668
000000116400.jpg,Zhang16 Pretrained,13.84277181458096,0.8642295758854522,0.4372187852859497,0.16271138191223145
000000116547.jpg,Zhang16 Pretrained,21.304599011011085,0.8527319481556752,0.2706659436225891,0.19025278091430664
000000116704.jpg,Zhang16 Pretrained,17.75768525919308,0.8918944935785502,0.3586217761039734,0.2571909427642822
000000116795.jpg,Zhang16 Pretrained,14.193071557714454,0.5739180544236349,0.5239304304122925,0.1868455410003662
000000117516.jpg,Zhang16 Pretrained,20.206468432624636,0.7420634786419794,0.320609450340271,0.2271585464477539
000000118491.jpg,Zhang16 Pretrained,15.79279675448701,0.6692057131988572,0.42561084032058716,0.18967461585998535
000000119193.jpg,Zhang16 Pretrained,13.514871193281412,0.4945549696206712,0.5829434394836426,0.12438058853149414
000000121257.jpg,Zhang16 Pretrained,17.782101316140384,0.49948722137728846,0.5805040597915649,0.18718791007995605
000000123364.jpg,Zhang16 Pretrained,16.194877775632087,0.5592460502864488,0.5081372857093811,0.176133394241333
000000125203.jpg,Zhang16 Pretrained,16.893906131042332,0.3250888785869522,0.624763011932373,0.16712498664855957
000000125465.jpg,Zhang16 Pretrained,16.88119235412285,0.8405927072453557,0.3670288920402527,0.17627215385437012
000000125604.jpg,Zhang16 Pretrained,17.51335140049246,0.49934958679505875,0.5892794132232666,0.20031499862670898
000000127771.jpg,Zhang16 Pretrained,14.036496770312933,0.4956773822885425,0.6259680390357971,0.21116328239440918
000000129360.jpg,Zhang16 Pretrained,20.646776009632163,0.9424055037718313,0.16798847913742065,0.19397592544555664
000000129714.jpg,Zhang16 Pretrained,19.161701864422493,0.7570270640609351,0.34069880843162537,0.19683480262756348
000000130669.jpg,Zhang16 Pretrained,15.860947922293601,0.4235356403632089,0.5773065090179443,0.12173748016357422
000000132364.jpg,Zhang16 Pretrained,15.740914617069276,0.43314440114974645,0.5849911570549011,0.21815967559814453
000000132545.jpg,Zhang16 Pretrained,15.955863046927279,0.7836226477422414,0.589066207408905,0.17795705795288086
000000133947.jpg,Zhang16 Pretrained,21.590335044918632,0.8475841670451484,0.39844849705696106,0.19124460220336914
000000134275.jpg,Zhang16 Pretrained,24.511068430338145,0.9327888549222253,0.16748909652233124,0.17867803573608398
000000134696.jpg,Zhang16 Pretrained,14.449937287300381,0.5281955334604743,0.5736063718795776,0.11733603477478027
000000135597.jpg,Zhang16 Pretrained,14.673575775525528,0.6509271774792604,0.4387664794921875,0.1946885585784912
000000135629.jpg,Zhang16 Pretrained,12.438528551052784,0.8527510898274299,0.5531120300292969,0.18233156204223633
000000136090.jpg,Zhang16 Pretrained,16.05672977021733,0.39299940412403817,0.7063148021697998,0.15692424774169922
000000136545.jpg,Zhang16 Pretrained,19.802510672538656,0.8522199881528286,0.4047674536705017,0.18472981452941895
000000136759.jpg,Zhang16 Pretrained,15.60165538081386,0.46060169567115067,0.6880024671554565,0.17186188697814941
000000137086.jpg,Zhang16 Pretrained,13.27190463002452,0.7743642013521446,0.4100116193294525,0.19521093368530273
000000137565.jpg,Zhang16 Pretrained,14.925407346947427,0.5002022747946437,0.61463862657547,0.17138981819152832
000000137840.jpg,Zhang16 Pretrained,18.770083066777136,0.7053512611019593,0.34115317463874817,0.18994426727294922
000000138012.jpg,Zhang16 Pretrained,23.359299325479043,0.9495673784934269,0.24229297041893005,0.17245817184448242
000000138178.jpg,Zhang16 Pretrained,16.1093639958799,0.5041275846648687,0.751000165939331,0.18752765655517578
000000139084.jpg,Zhang16 Pretrained,15.681426914678244,0.5356899428257874,0.6040835976600647,0.17456436157226562
000000139498.jpg,Zhang16 Pretrained,17.536548145728222,0.7218862983114279,0.38155949115753174,0.1862938404083252
000000139713.jpg,Zhang16 Pretrained,15.580700731819135,0.730267371232788,0.3865455985069275,0.15248560905456543
000000140023.jpg,Zhang16 Pretrained,14.356996429213961,0.5541091153644562,0.6839093565940857,0.1755657196044922
000000140357.jpg,Zhang16 Pretrained,17.803424946079204,0.8242087753819868,0.3728204667568207,0.0817720890045166
000000140894.jpg,Zhang16 Pretrained,13.018884215523446,0.7744986294747368,0.46544089913368225,0.1299610137939453
000000141550.jpg,Zhang16 Pretrained,17.996443910084515,0.8540894020918651,0.3072797954082489,0.17791461944580078
000000141551.jpg,Zhang16 Pretrained,15.723136214252548,0.5144107845314653,0.700210452079773,0.19916224479675293
000000142594.jpg,Zhang16 Pretrained,22.877720201063582,0.6586121105342533,0.33713456988334656,0.18175244331359863
000000143278.jpg,Zhang16 Pretrained,16.153979611269968,0.4787208650397899,0.5872383117675781,0.18553948402404785
000000144387.jpg,Zhang16 Pretrained,13.284191850209048,0.628619547707607,0.6307719945907593,0.17409086227416992
000000144636.jpg,Zhang16 Pretrained,19.274880893156844,0.8720643408684011,0.3168463110923767,0.19875741004943848
000000144751.jpg,Zhang16 Pretrained,11.123929298648063,0.5997879771050553,0.45145055651664734,0.19730687141418457
000000144943.jpg,Zhang16 Pretrained,20.192013953115577,0.9258257649837957,0.3387569189071655,0.18243408203125
000000146180.jpg,Zhang16 Pretrained,11.514587090334285,0.7298067756660668,0.48590216040611267,0.19373250007629395
000000146265.jpg,Zhang16 Pretrained,16.96104743911841,0.5799967331575364,0.5430821776390076,0.20035529136657715
000000146298.jpg,Zhang16 Pretrained,15.317044392551225,0.6215593222765865,0.6019282937049866,0.1781926155090332
000000146906.jpg,Zhang16 Pretrained,16.39236261924991,0.5801339495823475,0.5779011845588684,0.18628954887390137
000000147005.jpg,Zhang16 Pretrained,15.058589526087465,0.59948822649051,0.4686730206012726,0.21425580978393555
000000147191.jpg,Zhang16 Pretrained,15.164414045765248,0.6202160219413265,0.5533230900764465,0.18699884414672852
000000147321.jpg,Zhang16 Pretrained,15.648089905184788,0.46330260166058607,0.7129439115524292,0.19075751304626465
000000147456.jpg,Zhang16 Pretrained,15.254314603066206,0.79468537428508,0.4866850972175598,0.1848001480102539
000000148220.jpg,Zhang16 Pretrained,13.869338688060237,0.4636584063394209,0.8198165893554688,0.24648380279541016
000000148367.jpg,Zhang16 Pretrained,16.37071615219103,0.410161545395001,0.7142334580421448,0.18585801124572754
000000148388.jpg,Zhang16 Pretrained,18.72512550051731,0.9602193094256118,0.32794880867004395,0.2001032829284668
000000148535.jpg,Zhang16 Pretrained,14.42121606860697,0.48279235991965175,0.6569321155548096,0.1863384246826172
000000148681.jpg,Zhang16 Pretrained,15.282079764669174,0.828126950626722,0.3741319179534912,0.19608759880065918
000000149491.jpg,Zhang16 Pretrained,14.656408050028567,0.5549180119055536,0.6068980693817139,0.15540051460266113
000000149848.jpg,Zhang16 Pretrained,19.584624770341716,0.855112170941038,0.296631783246994,0.19309139251708984
000000150167.jpg,Zhang16 Pretrained,18.2288257450014,0.9479254330735424,0.3747312128543854,0.1797475814819336
000000150389.jpg,Zhang16 Pretrained,12.666072224993368,0.4188502582142502,0.6136749982833862,0.13298416137695312
000000150856.jpg,Zhang16 Pretrained,19.394534974365023,0.7755843426238122,0.3105773329734802,0.12938404083251953
000000151504.jpg,Zhang16 Pretrained,19.258351482352055,0.8900778896027104,0.28514277935028076,0.2134089469909668
000000152445.jpg,Zhang16 Pretrained,15.155994545532831,0.6788185426415706,0.6150552034378052,0.1749250888824463
000000154115.jpg,Zhang16 Pretrained,14.999874597424272,0.9298746197911099,0.39062294363975525,0.1851184368133545
000000154655.jpg,Zhang16 Pretrained,17.967791107553907,0.60042643401801,0.5243381261825562,0.23572349548339844
000000155600.jpg,Zhang16 Pretrained,16.232853226925368,0.7327287143417395,0.45588448643684387,0.18311047554016113
000000155619.jpg,Zhang16 Pretrained,17.26740250609424,0.7505509868616312,0.294796884059906,0.11227250099182129
000000155837.jpg,Zhang16 Pretrained,20.254917065515095,0.9324923359713394,0.23069538176059723,0.2094428539276123
000000156742.jpg,Zhang16 Pretrained,18.71457997745376,0.6392718729667323,0.4220094382762909,0.17734360694885254
000000156965.jpg,Zhang16 Pretrained,18.89745835761422,0.9027536466475193,0.39288994669914246,0.18310046195983887
000000157443.jpg,Zhang16 Pretrained,15.867056728287015,0.49288013315332163,0.49995797872543335,0.15659189224243164
000000157464.jpg,Zhang16 Pretrained,14.14598604995395,0.6165403140312625,0.5866944789886475,0.18528318405151367
000000158131.jpg,Zhang16 Pretrained,18.33089530361853,0.7318452901539009,0.459812194108963,0.20181512832641602
000000158410.jpg,Zhang16 Pretrained,16.24910451212997,0.8155324451490976,0.4039704203605652,0.19949698448181152
000000159913.jpg,Zhang16 Pretrained,16.62443379559154,0.5466078507341221,0.6065683364868164,0.18451714515686035
000000160561.jpg,Zhang16 Pretrained,17.92478157174544,0.5791950205453703,0.6210907697677612,0.17910003662109375
000000160951.jpg,Zhang16 Pretrained,14.61877134536756,0.783110156054621,0.49739640951156616,0.1375257968902588
000000161012.jpg,Zhang16 Pretrained,16.766424068999108,0.7561954240890163,0.31185147166252136,0.21386194229125977
000000161484.jpg,Zhang16 Pretrained,18.476463027106828,0.7913217356773349,0.23198845982551575,0.2195422649383545
000000162219.jpg,Zhang16 Pretrained,15.058191262768634,0.5798366376478374,0.5332716107368469,0.2651817798614502
000000162513.jpg,Zhang16 Pretrained,21.34396695835376,0.843023695872712,0.22488409280776978,0.13782000541687012
000000163735.jpg,Zhang16 Pretrained,14.470602987165028,0.5357513358731762,0.6667965054512024,0.22292280197143555
000000164589.jpg,Zhang16 Pretrained,17.665003579861988,0.7983987529017016,0.3988310396671295,0.25096631050109863
000000164896.jpg,Zhang16 Pretrained,15.710656200524157,0.5043101057790604,0.4789360761642456,0.18699431419372559
000000165846.jpg,Zhang16 Pretrained,16.426788179705568,0.6971059098526591,0.4122093915939331,0.17873692512512207
000000167158.jpg,Zhang16 Pretrained,14.15170841329272,0.5228501086822145,0.7181124091148376,0.21513009071350098
000000167258.jpg,Zhang16 Pretrained,16.86158631626148,0.6487130596214132,0.3779081702232361,0.20236682891845703
000000167924.jpg,Zhang16 Pretrained,17.259826167261977,0.8189009587744535,0.39493876695632935,0.2105250358581543
000000168177.jpg,Zhang16 Pretrained,14.635347651734726,0.6656707862259967,0.5097625851631165,0.19464397430419922
000000168280.jpg,Zhang16 Pretrained,19.055476697481602,0.721921306629917,0.4543893337249756,0.16338324546813965
000000168641.jpg,Zhang16 Pretrained,15.682132001545007,0.8046452785448732,0.4375649392604828,0.20650482177734375
000000168986.jpg,Zhang16 Pretrained,20.49663616877329,0.8918363911581145,0.25772345066070557,0.26299166679382324
000000169551.jpg,Zhang16 Pretrained,16.12168592693158,0.5251478480612985,0.5468533039093018,0.13168931007385254
000000169707.jpg,Zhang16 Pretrained,14.263717815141554,0.49158984043360726,0.6594777703285217,0.17944741249084473
000000170397.jpg,Zhang16 Pretrained,14.702251907621092,0.8783922286474208,0.3709380626678467,0.12665891647338867
000000170598.jpg,Zhang16 Pretrained,20.841274865199246,0.8975220365103224,0.4181763529777527,0.24934172630310059
000000170894.jpg,Zhang16 Pretrained,19.550288062589466,0.912795840450892,0.3582838475704193,0.17028141021728516
000000171213.jpg,Zhang16 Pretrained,13.931229582540567,0.6047163764251647,0.6245942711830139,0.20320510864257812
000000172290.jpg,Zhang16 Pretrained,21.334397872222443,0.6487096586486718,0.2834089696407318,0.1705644130706787
000000172576.jpg,Zhang16 Pretrained,17.044192894962052,0.781324638826964,0.37741711735725403,0.1768171787261963
000000172972.jpg,Zhang16 Pretrained,21.742306549791714,0.8242367555887804,0.3122948706150055,0.14510178565979004
000000174650.jpg,Zhang16 Pretrained,16.818966290798812,0.6557538240390952,0.4185566306114197,0.17694759368896484
000000175062.jpg,Zhang16 Pretrained,13.10466797441449,0.8514920101709308,0.3715898394584656,0.20599889755249023
000000175888.jpg,Zhang16 Pretrained,17.754703303294022,0.7267865980732268,0.5049557685852051,0.18009567260742188
000000175895.jpg,Zhang16 Pretrained,23.1086344092768,0.8068913351187135,0.25608041882514954,0.1940157413482666
000000176703.jpg,Zhang16 Pretrained,17.978399441962715,0.581023269705269,0.4702233672142029,0.15514326095581055
000000178730.jpg,Zhang16 Pretrained,18.461808896655583,0.5916705111506563,0.3595484793186188,0.18738627433776855
000000179023.jpg,Zhang16 Pretrained,15.292292376064943,0.655312147974901,0.4675225019454956,0.19173789024353027
000000179262.jpg,Zhang16 Pretrained,16.51105714324247,0.6967558004347073,0.3794651925563812,0.17951440811157227
000000179872.jpg,Zhang16 Pretrained,16.496838756875317,0.6131065317139123,0.4659658670425415,0.1660778522491455
000000180500.jpg,Zhang16 Pretrained,14.978581520643887,0.7115192568354952,0.3173404633998871,0.11523556709289551
000000180598.jpg,Zhang16 Pretrained,18.203679392198065,0.748900193555332,0.4045031666755676,0.1861555576324463
000000180707.jpg,Zhang16 Pretrained,19.815981031666713,0.9222881345414579,0.3516218066215515,0.18861603736877441
000000180901.jpg,Zhang16 Pretrained,13.892494762979904,0.3053954321326024,0.5320160388946533,0.09682393074035645
000000181130.jpg,Zhang16 Pretrained,17.581531438318276,0.8076294289783253,0.32725653052330017,0.19284772872924805
000000182004.jpg,Zhang16 Pretrained,14.679185073016024,0.6795806105148171,0.49608880281448364,0.18723082542419434
000000182982.jpg,Zhang16 Pretrained,19.9068297347696,0.7452854673419241,0.2571503520011902,0.1180727481842041
000000183609.jpg,Zhang16 Pretrained,15.409365061092979,0.6227288912894885,0.4868376851081848,0.16726136207580566
000000183951.jpg,Zhang16 Pretrained,13.794373755018938,0.5735185830360042,0.6154166460037231,0.17913079261779785
000000184380.jpg,Zhang16 Pretrained,16.576814383790662,0.7790519038752878,0.2420191764831543,0.18343758583068848
000000185728.jpg,Zhang16 Pretrained,15.336548529739211,0.7305849375838345,0.3598143756389618,0.1613473892211914
000000186085.jpg,Zhang16 Pretrained,16.44670808082556,0.7721564594233074,0.2622527778148651,0.11045694351196289
000000186203.jpg,Zhang16 Pretrained,19.186709033504755,0.8646279719460592,0.334871768951416,0.11043810844421387
000000187712.jpg,Zhang16 Pretrained,18.440672053526846,0.7002019482304861,0.44969600439071655,0.17728447914123535
000000188856.jpg,Zhang16 Pretrained,14.918183169326609,0.6122720546748414,0.5948774814605713,0.16088056564331055
000000188984.jpg,Zhang16 Pretrained,17.993288961546195,0.7603588755471934,0.2484513819217682,0.18021774291992188
000000189779.jpg,Zhang16 Pretrained,16.932559018050515,0.7943135874717974,0.413247287273407,0.16147756576538086
000000189823.jpg,Zhang16 Pretrained,14.913384816840775,0.7433973927092487,0.34084025025367737,0.17266631126403809
000000189871.jpg,Zhang16 Pretrained,19.676260007318213,0.9038349681946919,0.37068870663642883,0.19504332542419434
000000189928.jpg,Zhang16 Pretrained,13.824554349903108,0.5946679648616212,0.5073376297950745,0.1541755199432373
000000190129.jpg,Zhang16 Pretrained,15.46019453525501,0.6643202841187564,0.4380494952201843,0.18076586723327637
000000190269.jpg,Zhang16 Pretrained,13.992449530693909,0.5406430451071754,0.6855510473251343,0.16989636421203613
000000190976.jpg,Zhang16 Pretrained,11.5732461412764,0.43737307322459323,0.8493490815162659,0.16068220138549805
000000192506.jpg,Zhang16 Pretrained,13.404037811803803,0.6003253114432706,0.519213855266571,0.18048405647277832
000000193581.jpg,Zhang16 Pretrained,19.8586968135968,0.727927756970501,0.272953599691391,0.15176773071289062
000000194821.jpg,Zhang16 Pretrained,19.98112669315828,0.7514116612944504,0.29229670763015747,0.19899487495422363
000000195236.jpg,Zhang16 Pretrained,14.993479407029875,0.7031744871888099,0.47415199875831604,0.14449477195739746
000000195407.jpg,Zhang16 Pretrained,13.909337733759353,0.42819574910778074,0.608363926410675,0.0821845531463623
000000196392.jpg,Zhang16 Pretrained,11.859817541191468,0.4877791505581273,0.7351094484329224,0.19779419898986816
000000196412.jpg,Zhang16 Pretrained,17.786885279622332,0.6752652398239795,0.5081548690795898,0.21351337432861328
000000197468.jpg,Zhang16 Pretrained,15.988833669567867,0.5947636534936933,0.6059138774871826,0.17896032333374023
000000198231.jpg,Zhang16 Pretrained,14.715708519176188,0.49006335275634033,0.5760069489479065,0.16463613510131836
000000198380.jpg,Zhang16 Pretrained,13.571537534208424,0.6009790002783867,0.5136668086051941,0.18872380256652832
000000198554.jpg,Zhang16 Pretrained,18.620224604777434,0.7034101728861889,0.4035186171531677,0.19774603843688965
000000198954.jpg,Zhang16 Pretrained,14.937423188137,0.6087009411175298,0.43911874294281006,0.2153470516204834
000000199414.jpg,Zhang16 Pretrained,19.67755879124433,0.8418537458549497,0.24217268824577332,0.17426395416259766
000000199684.jpg,Zhang16 Pretrained,15.878591084756957,0.6051724255233196,0.4948232173919678,0.16350173950195312
000000199998.jpg,Zhang16 Pretrained,20.750080505970196,0.8024509722858669,0.34987616539001465,0.19032621383666992
000000201315.jpg,Zhang16 Pretrained,15.17442858155896,0.4206662999992827,0.724820077419281,0.2081153392791748
000000201522.jpg,Zhang16 Pretrained,14.205964006361045,0.6568853261205349,0.4673256278038025,0.20060253143310547
000000201619.jpg,Zhang16 Pretrained,13.166330733107747,0.6261811121437382,0.5824078321456909,0.1974620819091797
000000205326.jpg,Zhang16 Pretrained,18.82085513588806,0.7682303781830521,0.37241050601005554,0.19607329368591309
000000205910.jpg,Zhang16 Pretrained,20.028822228454736,0.8970034398894183,0.3004343807697296,0.2304697036743164
000000206010.jpg,Zhang16 Pretrained,15.867550822916353,0.6123133371283048,0.5243257880210876,0.1731576919555664
000000206287.jpg,Zhang16 Pretrained,13.9369941463668,0.5971526109478987,0.7229505181312561,0.2049098014831543
000000206507.jpg,Zhang16 Pretrained,15.627618493703913,0.48756565094815324,0.4747175872325897,0.20955681800842285
000000206608.jpg,Zhang16 Pretrained,20.47052312908334,0.9248861716766094,0.1922060251235962,0.15441083908081055
000000206970.jpg,Zhang16 Pretrained,16.007242729754665,0.6152224693284483,0.4261680543422699,0.19900274276733398
000000210349.jpg,Zhang16 Pretrained,16.11646068517007,0.5152815664674132,0.3701157867908478,0.11767864227294922
000000210911.jpg,Zhang16 Pretrained,17.256820605609278,0.7843054599393575,0.2967715263366699,0.17511582374572754
000000211459.jpg,Zhang16 Pretrained,15.026617450572619,0.541950213587911,0.5856809020042419,0.21405553817749023
000000213425.jpg,Zhang16 Pretrained,16.810069093174597,0.8784691524170548,0.33433088660240173,0.22822093963623047
000000213467.jpg,Zhang16 Pretrained,15.270671463045753,0.5315639632497063,0.6612638235092163,0.23888468742370605
000000213900.jpg,Zhang16 Pretrained,19.41016329769384,0.9263563941111178,0.27764561772346497,0.1928391456604004
000000213994.jpg,Zhang16 Pretrained,17.443186640390923,0.6519016550415535,0.43061771988868713,0.247725248336792
000000214019.jpg,Zhang16 Pretrained,18.76657604890077,0.8248684893747976,0.20168916881084442,0.22560477256774902
000000214410.jpg,Zhang16 Pretrained,16.598776457836035,0.5946850508765213,0.5497238039970398,0.18655085563659668
000000215008.jpg,Zhang16 Pretrained,11.834211962049174,0.7903666599911143,0.5151022672653198,0.23705577850341797
000000215059.jpg,Zhang16 Pretrained,17.53858885305215,0.6311153643677289,0.36382415890693665,0.17445898056030273
000000215294.jpg,Zhang16 Pretrained,10.37809601132797,0.5270735416935143,0.7494784593582153,0.11846613883972168
000000215822.jpg,Zhang16 Pretrained,20.252747911184894,0.6733857964889411,0.4782717823982239,0.15401697158813477
000000216139.jpg,Zhang16 Pretrained,17.438354158446103,0.8786052056559398,0.34174400568008423,0.1650099754333496
000000216318.jpg,Zhang16 Pretrained,13.227328684839804,0.8476439682647925,0.38440659642219543,0.17213988304138184
000000216423.jpg,Zhang16 Pretrained,16.31331695020044,0.7145398161396672,0.3850191831588745,0.16286110877990723
000000216533.jpg,Zhang16 Pretrained,15.357545006839448,0.7351032692735487,0.4317004680633545,0.13319158554077148
000000216821.jpg,Zhang16 Pretrained,19.21288005464516,0.9423671172788485,0.21940946578979492,0.15857672691345215
000000216836.jpg,Zhang16 Pretrained,15.422623401359367,0.6402235106853338,0.37177759408950806,0.11158967018127441
000000217999.jpg,Zhang16 Pretrained,13.196626857764375,0.4553446736273196,0.6942881941795349,0.13536715507507324
000000218753.jpg,Zhang16 Pretrained,14.826955137896734,0.7167471142852531,0.5135824084281921,0.1907956600189209
000000219054.jpg,Zhang16 Pretrained,17.58123414245626,0.5468354317112077,0.4946461617946625,0.15697860717773438
000000220985.jpg,Zhang16 Pretrained,14.479681004542691,0.5439424335564816,0.6823771595954895,0.17589259147644043
000000221783.jpg,Zhang16 Pretrained,19.67366670113792,0.7614089858801564,0.40639376640319824,0.1650679111480713
000000222124.jpg,Zhang16 Pretrained,17.690757136382697,0.7769141628328228,0.3787030279636383,0.12420177459716797
000000224084.jpg,Zhang16 Pretrained,14.76284236178377,0.7010876297848255,0.48301416635513306,0.1999974250793457
000000224261.jpg,Zhang16 Pretrained,11.927361677583932,0.646210964309404,0.430575430393219,0.15820765495300293
000000224338.jpg,Zhang16 Pretrained,15.55036593896876,0.6098136016609964,0.4312824606895447,0.12941765785217285
000000224360.jpg,Zhang16 Pretrained,14.125257329426208,0.526623519948279,0.5260290503501892,0.1509537696838379
000000225114.jpg,Zhang16 Pretrained,15.11262121847105,0.751139647722313,0.4788215458393097,0.20291757583618164
000000228116.jpg,Zhang16 Pretrained,13.978870352917802,0.493967996353403,0.5901168584823608,0.1620018482208252
000000231699.jpg,Zhang16 Pretrained,14.973954637152428,0.47352643842533654,0.626395583152771,0.18119382858276367
000000232798.jpg,Zhang16 Pretrained,21.086753774592154,0.9202958776914435,0.3217810094356537,0.18753814697265625
000000233333.jpg,Zhang16 Pretrained,15.608491501503718,0.5591503170049473,0.6929988861083984,0.17947030067443848
000000233659.jpg,Zhang16 Pretrained,19.164632543147412,0.8404811492943923,0.27970466017723083,0.19620561599731445
000000233695.jpg,Zhang16 Pretrained,17.135448060211427,0.663826510715105,0.4475065767765045,0.19064021110534668
000000233725.jpg,Zhang16 Pretrained,13.172786414993567,0.6495224517431625,0.5077604651451111,0.13103699684143066
000000234411.jpg,Zhang16 Pretrained,15.255897654033483,0.7448001716034316,0.3601882755756378,0.22031736373901367
000000234909.jpg,Zhang16 Pretrained,15.281451504772068,0.5474120587344949,0.4474290609359741,0.16858291625976562
000000235859.jpg,Zhang16 Pretrained,18.286354141697664,0.6231750940019933,0.40151920914649963,0.15577030181884766
000000236112.jpg,Zhang16 Pretrained,15.885072290021077,0.6816950934321038,0.3810012936592102,0.2017498016357422
000000236286.jpg,Zhang16 Pretrained,17.354033416936545,0.48909010673647807,0.5513067841529846,0.20364642143249512
000000236707.jpg,Zhang16 Pretrained,14.241469596532529,0.4628244671350725,0.4483394920825958,0.03414201736450195
000000236900.jpg,Zhang16 Pretrained,18.098363113613857,0.5087352502775272,0.5293092131614685,0.18491482734680176
000000238754.jpg,Zhang16 Pretrained,22.86417400764772,0.9179019751101678,0.15521065890789032,0.19857525825500488
000000240050.jpg,Zhang16 Pretrained,17.582597059271134,0.8323625263905864,0.34706002473831177,0.08748006820678711
000000240366.jpg,Zhang16 Pretrained,15.288375055123439,0.6915188333746761,0.5176321268081665,0.1825878620147705
000000240724.jpg,Zhang16 Pretrained,16.526384556724736,0.5926173217501747,0.586689829826355,0.21232318878173828
000000241686.jpg,Zhang16 Pretrained,20.55736158349505,0.7207889845937471,0.37665286660194397,0.19600176811218262
000000241788.jpg,Zhang16 Pretrained,14.427574638392642,0.6782364324416531,0.47246795892715454,0.19842791557312012
000000242023.jpg,Zhang16 Pretrained,21.11892254611622,0.8123499896556367,0.2741134762763977,0.168043851852417
000000243546.jpg,Zhang16 Pretrained,15.832733559480555,0.7286419082093353,0.48499631881713867,0.19653844833374023
000000243943.jpg,Zhang16 Pretrained,22.068051262993468,0.9067402396761444,0.17828872799873352,0.2009739875793457
000000244029.jpg,Zhang16 Pretrained,17.610545238979856,0.6682836587880648,0.3313315510749817,0.09093856811523438
000000244192.jpg,Zhang16 Pretrained,18.59657271518387,0.8139879562606062,0.41016635298728943,0.21776151657104492
000000244773.jpg,Zhang16 Pretrained,18.434749459655386,0.7458489041170928,0.2685821056365967,0.07116127014160156
000000245636.jpg,Zhang16 Pretrained,17.749604494823586,0.8315279068451904,0.21649745106697083,0.20689797401428223
000000249468.jpg,Zhang16 Pretrained,19.432235099753218,0.7616709769771717,0.40496882796287537,0.10707616806030273
000000250098.jpg,Zhang16 Pretrained,14.610759757328179,0.5575738406403201,0.5447852611541748,0.1667633056640625
000000251020.jpg,Zhang16 Pretrained,21.200405630550023,0.909042199427943,0.28491246700286865,0.19645357131958008
000000251099.jpg,Zhang16 Pretrained,20.42031853980944,0.7175914766326909,0.3781720995903015,0.1076650619506836
000000251176.jpg,Zhang16 Pretrained,16.20607021102878,0.6074978498421902,0.4637055993080139,0.17922568321228027
000000251649.jpg,Zhang16 Pretrained,15.017287610150925,0.5295874092566951,0.6312391757965088,0.21797823905944824
000000252657.jpg,Zhang16 Pretrained,20.922736664605686,0.8611628265832337,0.4821053743362427,0.215728759765625
000000253623.jpg,Zhang16 Pretrained,14.700937551943154,0.6292269869304593,0.44606778025627136,0.12826108932495117
000000253720.jpg,Zhang16 Pretrained,15.152702380214658,0.6232594626496276,0.44807612895965576,0.1588456630706787
000000254776.jpg,Zhang16 Pretrained,15.241949598311386,0.724787395152973,0.5105929374694824,0.20426368713378906
000000255025.jpg,Zhang16 Pretrained,17.818192276606414,0.5621034149214315,0.5915310978889465,0.15658950805664062
000000256185.jpg,Zhang16 Pretrained,16.340830411374846,0.735581377621692,0.4178754389286041,0.1265850067138672
000000256694.jpg,Zhang16 Pretrained,16.84995189122907,0.7516171826768208,0.34235870838165283,0.21068525314331055
000000256729.jpg,Zhang16 Pretrained,12.801891887054097,0.7571902937890425,0.44070014357566833,0.12143373489379883
000000257222.jpg,Zhang16 Pretrained,18.257297304592292,0.9139749831385439,0.2929476201534271,0.14767980575561523
000000258172.jpg,Zhang16 Pretrained,21.27440660623328,0.9275226887762057,0.24976535141468048,0.19011187553405762
000000259564.jpg,Zhang16 Pretrained,18.513386352620902,0.782231391119591,0.4061245322227478,0.18927311897277832
000000259818.jpg,Zhang16 Pretrained,20.338916804631868,0.8553685510626945,0.3060813546180725,0.1280355453491211
000000259950.jpg,Zhang16 Pretrained,20.739092510425664,0.8194548615795666,0.23849932849407196,0.1165170669555664
000000260574.jpg,Zhang16 Pretrained,21.042378183640942,0.8715410646538642,0.20547211170196533,0.1425647735595703
000000260734.jpg,Zhang16 Pretrained,17.5071148978909,0.812789532899756,0.357069730758667,0.16757941246032715
000000260985.jpg,Zhang16 Pretrained,16.89521374531423,0.6984577104699349,0.5311137437820435,0.1900317668914795
000000262062.jpg,Zhang16 Pretrained,20.410520139294267,0.903343549286424,0.20219498872756958,0.19390273094177246
000000262380.jpg,Zhang16 Pretrained,15.372915882183031,0.6852210578338008,0.45200955867767334,0.11486268043518066
000000262593.jpg,Zhang16 Pretrained,14.865048514163668,0.7755658586759866,0.48074448108673096,0.18056678771972656
000000263139.jpg,Zhang16 Pretrained,13.332181208644005,0.875047300319018,0.46101343631744385,0.1739490032196045
000000263368.jpg,Zhang16 Pretrained,20.486125784525697,0.714639856004883,0.27917200326919556,0.16214394569396973
000000264107.jpg,Zhang16 Pretrained,14.297075165700848,0.6496518511395574,0.3911265730857849,0.24164772033691406
000000264453.jpg,Zhang16 Pretrained,16.826950931190773,0.6453929290635891,0.3486379384994507,0.16820549964904785
000000265205.jpg,Zhang16 Pretrained,18.91820737988812,0.7547443490396063,0.40301135182380676,0.18268442153930664
000000265413.jpg,Zhang16 Pretrained,12.826783387727101,0.6379973369603867,0.48734229803085327,0.17364096641540527
000000265496.jpg,Zhang16 Pretrained,19.35718908644,0.8552629807559177,0.24820910394191742,0.18563342094421387
000000266085.jpg,Zhang16 Pretrained,17.104743854257453,0.8988852589062724,0.3727480471134186,0.15881776809692383
000000266457.jpg,Zhang16 Pretrained,15.886296659532306,0.8558172568877987,0.32406389713287354,0.17694783210754395
000000266731.jpg,Zhang16 Pretrained,19.141764941076794,0.6944884335702216,0.41139650344848633,0.16083741188049316
000000267368.jpg,Zhang16 Pretrained,17.31357029735659,0.7681302793364829,0.450630784034729,0.1643517017364502
000000268104.jpg,Zhang16 Pretrained,18.178499781187405,0.4846231890667457,0.4856283664703369,0.11242222785949707
000000268401.jpg,Zhang16 Pretrained,16.602832622495693,0.7032565333186488,0.38893482089042664,0.18271613121032715
000000269118.jpg,Zhang16 Pretrained,14.938940017328733,0.647334430055775,0.5410810708999634,0.157822847366333
000000269509.jpg,Zhang16 Pretrained,14.441400848365113,0.626604201235733,0.5538507699966431,0.17474102973937988
000000269765.jpg,Zhang16 Pretrained,15.772338319951304,0.8086537681286335,0.3317307233810425,0.13329339027404785
000000269809.jpg,Zhang16 Pretrained,14.814754582108414,0.5548090349555889,0.6534560918807983,0.16394281387329102
000000270349.jpg,Zhang16 Pretrained,14.771071102906912,0.5053796702296361,0.5882653594017029,0.14915013313293457
000000270858.jpg,Zhang16 Pretrained,16.2846484107543,0.7909522321832845,0.2531318664550781,0.1918947696685791
000000271074.jpg,Zhang16 Pretrained,10.412693019187119,0.6504153131215239,0.5867964029312134,0.15006113052368164
000000271129.jpg,Zhang16 Pretrained,14.82059450278588,0.43985971744681196,0.6805790662765503,0.17166447639465332
000000271589.jpg,Zhang16 Pretrained,18.400938015593795,0.8279834352794619,0.42828279733657837,0.1573011875152588
000000272107.jpg,Zhang16 Pretrained,14.739641736189693,0.8362460165411901,0.4186275601387024,0.10711312294006348
000000272135.jpg,Zhang16 Pretrained,20.151427939197827,0.9001024696804022,0.19514094293117523,0.18010616302490234
000000272313.jpg,Zhang16 Pretrained,17.758111557595413,0.8377576134139235,0.3741801977157593,0.15468072891235352
000000274100.jpg,Zhang16 Pretrained,14.015568437506477,0.45953743554665394,0.573656439781189,0.13375210762023926
000000274628.jpg,Zhang16 Pretrained,15.364116377390221,0.44034324750683673,0.6208932399749756,0.1491224765777588
000000275071.jpg,Zhang16 Pretrained,16.447374567577377,0.8599106474788621,0.31736111640930176,0.20773720741271973
000000275093.jpg,Zhang16 Pretrained,18.31904035213325,0.7326290732917107,0.4223458766937256,0.19473600387573242
000000275756.jpg,Zhang16 Pretrained,18.56485503704364,0.8695337220571062,0.29469484090805054,0.18478822708129883
000000276011.jpg,Zhang16 Pretrained,16.305346353395223,0.7549124668317625,0.35367128252983093,0.16195130348205566
000000276114.jpg,Zhang16 Pretrained,21.151883354936626,0.8449738647159882,0.344247043132782,0.17611384391784668
000000276141.jpg,Zhang16 Pretrained,17.357003506108498,0.49180433142608765,0.48186126351356506,0.163346529006958
000000276738.jpg,Zhang16 Pretrained,17.158655605224425,0.706250303586506,0.3852940499782562,0.1492750644683838
000000278120.jpg,Zhang16 Pretrained,15.41772237889699,0.6788944355014707,0.4031596779823303,0.1765270233154297
000000278122.jpg,Zhang16 Pretrained,18.871356736475498,0.8911831314980873,0.2946934700012207,0.16916155815124512
000000278460.jpg,Zhang16 Pretrained,14.229608302969083,0.5394597817028367,0.5730946063995361,0.15228652954101562
000000278515.jpg,Zhang16 Pretrained,14.207365657646813,0.5423898535076707,0.5205123424530029,0.17521190643310547
000000278828.jpg,Zhang16 Pretrained,15.978735434596825,0.6496811888564943,0.4525942802429199,0.15620660781860352
000000280201.jpg,Zhang16 Pretrained,14.935189695906228,0.5296828040034599,0.5980345606803894,0.15736675262451172
000000280658.jpg,Zhang16 Pretrained,19.225665556915082,0.7256518654050237,0.4106828570365906,0.15129828453063965
000000280676.jpg,Zhang16 Pretrained,14.092526084309682,0.49401084156324976,0.6473250985145569,0.16019558906555176
000000281639.jpg,Zhang16 Pretrained,17.503210875867662,0.8068366823625762,0.5083239674568176,0.2009422779083252
000000282330.jpg,Zhang16 Pretrained,14.522167331350893,0.45094496170529497,0.6992775797843933,0.18905401229858398
000000282536.jpg,Zhang16 Pretrained,21.982670887680488,0.9460222030227591,0.1174936443567276,0.12378573417663574
000000282895.jpg,Zhang16 Pretrained,18.526803225305045,0.9113115945102143,0.27364641427993774,0.17810654640197754
000000283594.jpg,Zhang16 Pretrained,16.586183952251034,0.7661842525788986,0.5006386041641235,0.11926937103271484
000000283789.jpg,Zhang16 Pretrained,23.26762125358211,0.8457919578222471,0.3020919859409332,0.17218661308288574
000000284881.jpg,Zhang16 Pretrained,19.501799572573702,0.7921051546784684,0.196902334690094,0.10995054244995117
000000285393.jpg,Zhang16 Pretrained,18.334272818230637,0.7798720846897917,0.28750625252723694,0.20913100242614746
000000286032.jpg,Zhang16 Pretrained,20.108491091324513,0.721253711745769,0.3203929662704468,0.13281536102294922
000000286107.jpg,Zhang16 Pretrained,14.789344227910284,0.7017655148739189,0.47432976961135864,0.18277740478515625
000000286709.jpg,Zhang16 Pretrained,18.621577237794714,0.5992696665648051,0.38584721088409424,0.16004443168640137
000000286714.jpg,Zhang16 Pretrained,15.366813239317402,0.6021938079773568,0.4526701271533966,0.15392208099365234
000000286721.jpg,Zhang16 Pretrained,12.171589227711817,0.5213437550842691,0.6905573010444641,0.17228221893310547
000000287127.jpg,Zhang16 Pretrained,18.014419221308795,0.7676407410171948,0.39351245760917664,0.2573051452636719
000000287227.jpg,Zhang16 Pretrained,15.741844128886592,0.6477091323720469,0.48135262727737427,0.17561626434326172
000000287818.jpg,Zhang16 Pretrained,17.172950135125053,0.5281599618292668,0.48899415135383606,0.15181231498718262
000000288572.jpg,Zhang16 Pretrained,22.588071748912064,0.8984667190197034,0.2485343962907791,0.1640312671661377
000000289877.jpg,Zhang16 Pretrained,14.92962234160303,0.6458926733102038,0.5098832845687866,0.1286618709564209
000000290680.jpg,Zhang16 Pretrained,17.442999243686668,0.7507808221585948,0.43952569365501404,0.1026773452758789
000000290844.jpg,Zhang16 Pretrained,18.269320071436546,0.8133432964779576,0.21989019215106964,0.16132307052612305
000000290904.jpg,Zhang16 Pretrained,16.153612269703753,0.3704690825072221,0.47167861461639404,0.1253516674041748
000000290917.jpg,Zhang16 Pretrained,18.584974370951667,0.6643054817941202,0.38714247941970825,0.14275026321411133
000000291283.jpg,Zhang16 Pretrained,20.58316108133475,0.8253744000057717,0.2988182306289673,0.2276170253753662
000000292423.jpg,Zhang16 Pretrained,21.83907042104325,0.6811955111340127,0.38281023502349854,0.18249821662902832
000000292604.jpg,Zhang16 Pretrained,18.58153000404257,0.8426463524827287,0.3343082368373871,0.15352535247802734
000000292619.jpg,Zhang16 Pretrained,17.09800943243856,0.5482803758033513,0.5108705759048462,0.16990113258361816
000000294613.jpg,Zhang16 Pretrained,14.471939471158636,0.5570310997905434,0.5807376503944397,0.1603085994720459
000000294684.jpg,Zhang16 Pretrained,23.324175888297546,0.9558393043136446,0.24000369012355804,0.1825563907623291
000000295029.jpg,Zhang16 Pretrained,16.295919676542255,0.8238145455650597,0.32608258724212646,0.1830451488494873
000000295047.jpg,Zhang16 Pretrained,19.929645170394203,0.7409257540159501,0.31173956394195557,0.17137384414672852
000000296250.jpg,Zhang16 Pretrained,15.910902732084793,0.5036259419028747,0.6153576970100403,0.17615509033203125
000000296591.jpg,Zhang16 Pretrained,17.830646774877785,0.8102404946806474,0.27810147404670715,0.18035554885864258
000000298104.jpg,Zhang16 Pretrained,14.035498765953687,0.41444962774929034,0.7917158603668213,0.16744685173034668
000000298108.jpg,Zhang16 Pretrained,20.436559629639866,0.7896929994505553,0.2645244598388672,0.19852733612060547
000000299078.jpg,Zhang16 Pretrained,19.07706958819688,0.8241798464497972,0.2518898844718933,0.1951436996459961
000000301736.jpg,Zhang16 Pretrained,16.075092830654356,0.9299521252310612,0.3556228578090668,0.18603730201721191
000000301738.jpg,Zhang16 Pretrained,14.760242674235968,0.4918326958241601,0.6005939841270447,0.10331010818481445
000000302296.jpg,Zhang16 Pretrained,18.204892713438152,0.7485556564214649,0.3724307715892792,0.18961095809936523
000000302309.jpg,Zhang16 Pretrained,17.38069201166721,0.8135087406847163,0.31465354561805725,0.15917348861694336
000000302879.jpg,Zhang16 Pretrained,14.903208317826657,0.7805887969009667,0.4157666265964508,0.1783583164215088
000000302947.jpg,Zhang16 Pretrained,14.60218629075112,0.7200457583215205,0.41386038064956665,0.1769564151763916
000000303353.jpg,Zhang16 Pretrained,16.41070943037076,0.7217347381564533,0.31865981221199036,0.15880346298217773
000000303363.jpg,Zhang16 Pretrained,15.58485284118518,0.8959906342958727,0.339412122964859,0.16249513626098633
000000303714.jpg,Zhang16 Pretrained,22.717973878822754,0.850752966980478,0.29999619722366333,0.2042374610900879
000000304766.jpg,Zhang16 Pretrained,21.226571133574865,0.7780925718254034,0.2764911353588104,0.14867115020751953
000000305221.jpg,Zhang16 Pretrained,23.295900498509326,0.8275127959702734,0.19057771563529968,0.2056584358215332
000000306965.jpg,Zhang16 Pretrained,22.309502740518894,0.8698323342599156,0.3537364900112152,0.15136003494262695
000000307127.jpg,Zhang16 Pretrained,14.083398225933399,0.5619762954161912,0.6088306903839111,0.19936442375183105
000000307321.jpg,Zhang16 Pretrained,19.77531292653682,0.8598603602502809,0.31777024269104004,0.16797161102294922
000000308650.jpg,Zhang16 Pretrained,15.949249896037799,0.6851222286190759,0.4855940639972687,0.2091825008392334
000000308991.jpg,Zhang16 Pretrained,21.333050649656528,0.9428659330724566,0.2760569155216217,0.1910536289215088
000000309416.jpg,Zhang16 Pretrained,14.681535860233137,0.5397221198851784,0.5950967669487,0.18711090087890625
000000309779.jpg,Zhang16 Pretrained,18.299830233559874,0.7776728620086342,0.431026816368103,0.16824889183044434
000000309857.jpg,Zhang16 Pretrained,14.38665429729189,0.49433509624951905,0.5815144181251526,0.16525888442993164
000000309990.jpg,Zhang16 Pretrained,14.78801097036487,0.4947468689475876,0.5843178033828735,0.16933178901672363
000000310520.jpg,Zhang16 Pretrained,16.32186773329503,0.45428654219546605,0.6866198182106018,0.167799711227417
000000310625.jpg,Zhang16 Pretrained,17.456667270573355,0.861372667182097,0.34812039136886597,0.1802680492401123
000000310650.jpg,Zhang16 Pretrained,14.434033940219827,0.5317405407523746,0.6223859786987305,0.17804956436157227
000000310828.jpg,Zhang16 Pretrained,17.376263902390463,0.6888040893058655,0.4534604549407959,0.16954946517944336
000000312037.jpg,Zhang16 Pretrained,14.03306008030167,0.6989117283528071,0.4722054898738861,0.17278075218200684
000000312554.jpg,Zhang16 Pretrained,13.751029753718385,0.7991085084839701,0.49027886986732483,0.12091636657714844
000000312699.jpg,Zhang16 Pretrained,15.44160421447115,0.6755142686930804,0.6105754971504211,0.17111706733703613
000000313894.jpg,Zhang16 Pretrained,18.964772634436315,0.7318308953894247,0.43087613582611084,0.20760059356689453
000000314860.jpg,Zhang16 Pretrained,16.23152858486979,0.6274960749313195,0.6000003814697266,0.20168209075927734
000000315499.jpg,Zhang16 Pretrained,18.387413870747253,0.7846920592904487,0.33653271198272705,0.19187712669372559
000000315665.jpg,Zhang16 Pretrained,13.105938775503441,0.5112406290364938,0.7661882042884827,0.16333985328674316
000000315731.jpg,Zhang16 Pretrained,14.753069633593878,0.5950139491617905,0.45734357833862305,0.11125755310058594
000000315917.jpg,Zhang16 Pretrained,15.877920279337145,0.5696919829445717,0.46051380038261414,0.1705183982849121
000000316246.jpg,Zhang16 Pretrained,19.574544349592593,0.7201458872706817,0.33838382363319397,0.20929956436157227
000000316300.jpg,Zhang16 Pretrained,14.527516713605204,0.5746046844056227,0.5765385031700134,0.1766369342803955
000000316986.jpg,Zhang16 Pretrained,15.123105462174209,0.5794518210254581,0.4773772358894348,0.18297481536865234
000000317669.jpg,Zhang16 Pretrained,14.67459581778418,0.6255511429681311,0.5750257968902588,0.1727278232574463
000000317976.jpg,Zhang16 Pretrained,19.11142221966502,0.7342029956453668,0.3935551941394806,0.1734635829925537
000000318038.jpg,Zhang16 Pretrained,14.951857181364439,0.616249033959065,0.35299092531204224,0.12608814239501953
000000318215.jpg,Zhang16 Pretrained,17.845271099685707,0.501480171596661,0.5915439128875732,0.16925334930419922
000000319814.jpg,Zhang16 Pretrained,17.674126217650336,0.705053629809783,0.3526543974876404,0.15964150428771973
000000319833.jpg,Zhang16 Pretrained,22.781300782338064,0.8669342488096019,0.33832499384880066,0.1968824863433838
000000320251.jpg,Zhang16 Pretrained,18.48350628137206,0.7170096585947087,0.41481852531433105,0.24791169166564941
000000320571.jpg,Zhang16 Pretrained,15.27952199152919,0.48474378480527913,0.7541694045066833,0.1829063892364502
000000321487.jpg,Zhang16 Pretrained,18.48807054702681,0.5595251046350372,0.4817770719528198,0.19022798538208008
000000321696.jpg,Zhang16 Pretrained,16.31694403032222,0.4806019674981732,0.7154229283332825,0.1693248748779297
000000322058.jpg,Zhang16 Pretrained,19.70131815902516,0.6946702523642156,0.3485930860042572,0.1652510166168213
000000322421.jpg,Zhang16 Pretrained,20.56360389771996,0.8491983509693594,0.2633626461029053,0.1715691089630127
000000322450.jpg,Zhang16 Pretrained,12.409258051910626,0.42683440667612577,0.6684303283691406,0.18615007400512695
000000323194.jpg,Zhang16 Pretrained,17.152130693812634,0.5273159107800554,0.560687780380249,0.14786171913146973
000000324081.jpg,Zhang16 Pretrained,19.183302347551642,0.8447747405581202,0.3044514060020447,0.17933082580566406
000000325491.jpg,Zhang16 Pretrained,20.99884549199541,0.6235196754180664,0.43072932958602905,0.19902729988098145
000000328378.jpg,Zhang16 Pretrained,18.881957894498534,0.8013089876203741,0.2924671471118927,0.23966407775878906
000000329424.jpg,Zhang16 Pretrained,17.417657539758334,0.5756792107216048,0.36161288619041443,0.12277555465698242
000000329686.jpg,Zhang16 Pretrained,18.546247445870375,0.8487509095260192,0.30327725410461426,0.20256400108337402
000000329986.jpg,Zhang16 Pretrained,14.042436842676963,0.44428980388408795,0.7013320326805115,0.16894006729125977
000000333273.jpg,Zhang16 Pretrained,12.885192235294351,0.5832831850669948,0.7029392719268799,0.1789252758026123
000000333711.jpg,Zhang16 Pretrained,14.929644527402445,0.7446375861225324,0.38762882351875305,0.18018507957458496
000000334360.jpg,Zhang16 Pretrained,13.13982380673432,0.45482037370781186,0.647672176361084,0.15387749671936035
000000334870.jpg,Zhang16 Pretrained,19.37997496858063,0.7469721132338506,0.37325263023376465,0.22289252281188965
000000336200.jpg,Zhang16 Pretrained,19.387145995933956,0.8737991380445363,0.37527409195899963,0.16089820861816406
000000336212.jpg,Zhang16 Pretrained,11.607010661121409,0.4688798929060541,0.7360538840293884,0.16127729415893555
000000336256.jpg,Zhang16 Pretrained,15.980036713596913,0.6463674364337582,0.5850536227226257,0.16817378997802734
000000336794.jpg,Zhang16 Pretrained,22.32127599019574,0.8676248909986602,0.301506370306015,0.1853196620941162
000000336815.jpg,Zhang16 Pretrained,20.5357932803329,0.8392258725195348,0.2894569933414459,0.11752438545227051
000000337223.jpg,Zhang16 Pretrained,12.011283760273074,0.5192811009895868,0.4397818148136139,0.1415259838104248
000000337346.jpg,Zhang16 Pretrained,18.27217149834555,0.7754592797932097,0.38078224658966064,0.18338274955749512
000000338110.jpg,Zhang16 Pretrained,19.502883243903696,0.7911395019795284,0.2787052392959595,0.1860823631286621
000000339523.jpg,Zhang16 Pretrained,15.107503026480003,0.5525184784372553,0.6931627988815308,0.17617416381835938
000000339739.jpg,Zhang16 Pretrained,16.413744409212214,0.5778838448827343,0.4500419795513153,0.16034626960754395
000000339889.jpg,Zhang16 Pretrained,15.307438457642844,0.6728345909107237,0.4363122582435608,0.15889954566955566
000000339995.jpg,Zhang16 Pretrained,16.2084764206596,0.6539628917254913,0.47052621841430664,0.15853095054626465
000000341044.jpg,Zhang16 Pretrained,19.45474887728327,0.7658306179658455,0.28675490617752075,0.15698575973510742
000000341256.jpg,Zhang16 Pretrained,18.76070027914047,0.8816219678626188,0.2678588032722473,0.15818142890930176
000000341261.jpg,Zhang16 Pretrained,14.22871474985385,0.6803592775667141,0.6400607228279114,0.14953064918518066
000000342482.jpg,Zhang16 Pretrained,20.84258280896136,0.8963893953939911,0.1967989057302475,0.1676018238067627
000000343237.jpg,Zhang16 Pretrained,17.39888035585811,0.6713839208914797,0.3124154210090637,0.17055368423461914
000000343785.jpg,Zhang16 Pretrained,15.503356454273664,0.619747180295959,0.5415622591972351,0.1580049991607666
000000344448.jpg,Zhang16 Pretrained,14.912884092807836,0.5559280343525388,0.6516631841659546,0.1722249984741211
000000344651.jpg,Zhang16 Pretrained,17.455901037695234,0.5080509397249261,0.6018064022064209,0.21318435668945312
000000344723.jpg,Zhang16 Pretrained,14.396287802915836,0.46789740715865075,0.5485555529594421,0.11473679542541504
000000345794.jpg,Zhang16 Pretrained,16.110652357438017,0.5061259984271779,0.503556489944458,0.15238332748413086
000000346035.jpg,Zhang16 Pretrained,18.555938998487566,0.7946506209493616,0.3462609052658081,0.15795421600341797
000000346159.jpg,Zhang16 Pretrained,14.674697545931267,0.6443073192838392,0.5182453393936157,0.16391253471374512
000000346522.jpg,Zhang16 Pretrained,16.318663327550585,0.6371500601994488,0.4711478650569916,0.16985058784484863
000000348778.jpg,Zhang16 Pretrained,15.629889760443136,0.5545084689090715,0.34701162576675415,0.13144922256469727
000000349674.jpg,Zhang16 Pretrained,15.007665873146198,0.5518529607072583,0.5973587036132812,0.15352630615234375
000000349764.jpg,Zhang16 Pretrained,21.286201094469742,0.9768488708060756,0.2199014276266098,0.18115520477294922
000000350509.jpg,Zhang16 Pretrained,14.261679681655801,0.6524546350047561,0.6486383676528931,0.16379022598266602
000000350906.jpg,Zhang16 Pretrained,18.884125353558307,0.7952107346619757,0.3541724681854248,0.2252979278564453
000000353450.jpg,Zhang16 Pretrained,19.18396493297237,0.6691620687458103,0.33319291472435,0.12084412574768066
000000354287.jpg,Zhang16 Pretrained,13.082375816310208,0.6156616666559165,0.45803025364875793,0.21462631225585938
000000354872.jpg,Zhang16 Pretrained,14.36163710323991,0.6049626612851795,0.518477737903595,0.17839503288269043
000000355127.jpg,Zhang16 Pretrained,15.098750278617036,0.5960049986866262,0.5719273090362549,0.1884779930114746
000000357170.jpg,Zhang16 Pretrained,18.499646261796315,0.8496926253862161,0.27467983961105347,0.18090605735778809
000000358299.jpg,Zhang16 Pretrained,17.724912982796205,0.8550465610409694,0.3279822766780853,0.19865894317626953
000000358710.jpg,Zhang16 Pretrained,16.292111831884842,0.5475050310648554,0.5550577640533447,0.23689627647399902
000000358955.jpg,Zhang16 Pretrained,15.524838377001203,0.4517008045003997,0.6104530096054077,0.10727882385253906
000000359657.jpg,Zhang16 Pretrained,15.628148922233349,0.5770109286821614,0.3915034532546997,0.10793805122375488
000000359742.jpg,Zhang16 Pretrained,16.162500950348853,0.8320790662476641,0.4481102228164673,0.151932954788208
000000361105.jpg,Zhang16 Pretrained,16.118883817567383,0.36276526406247483,0.6473903059959412,0.1435863971710205
000000361348.jpg,Zhang16 Pretrained,15.719589418542094,0.645419232621448,0.5836600065231323,0.18399477005004883
000000361818.jpg,Zhang16 Pretrained,21.166689528994848,0.8637855419855422,0.2656242847442627,0.17118000984191895
000000361906.jpg,Zhang16 Pretrained,14.762487267886893,0.7168208905049128,0.5209858417510986,0.10847234725952148
000000362559.jpg,Zhang16 Pretrained,15.066689618708748,0.6020252567226528,0.6245007514953613,0.16312909126281738
000000362663.jpg,Zhang16 Pretrained,23.26336624479009,0.9486264039041642,0.29805874824523926,0.18604159355163574
000000364170.jpg,Zhang16 Pretrained,18.22851548256222,0.8738971595577523,0.2353154718875885,0.15659165382385254
000000364318.jpg,Zhang16 Pretrained,20.262673383216136,0.8456699654030237,0.26064568758010864,0.25101661682128906
000000365823.jpg,Zhang16 Pretrained,16.070817935118043,0.4723200630349628,0.6030905246734619,0.16495156288146973
000000366800.jpg,Zhang16 Pretrained,20.810585312067815,0.9057502224676651,0.2676330804824829,0.1614246368408203
000000367016.jpg,Zhang16 Pretrained,17.293126241193534,0.5892483309187733,0.6012280583381653,0.14957690238952637
000000368464.jpg,Zhang16 Pretrained,16.624922594584458,0.4522600180758458,0.5912836790084839,0.17764925956726074
000000368801.jpg,Zhang16 Pretrained,15.753322572460814,0.8234781017678522,0.3574996292591095,0.19284367561340332
000000369464.jpg,Zhang16 Pretrained,16.08772323783092,0.6402069337794886,0.5345089435577393,0.16404104232788086
000000369549.jpg,Zhang16 Pretrained,23.10658880982052,0.9217577734580611,0.2836333215236664,0.11882972717285156
000000369586.jpg,Zhang16 Pretrained,15.553490952271334,0.8687309566219291,0.362337201833725,0.1837778091430664
000000369984.jpg,Zhang16 Pretrained,16.052063551623398,0.3795600256529427,0.5920786261558533,0.19910144805908203
000000370789.jpg,Zhang16 Pretrained,16.535446436036057,0.8915743819325419,0.3469151556491852,0.18544316291809082
000000371895.jpg,Zhang16 Pretrained,21.341539535527843,0.9463728332474428,0.2442215234041214,0.17843055725097656
000000372189.jpg,Zhang16 Pretrained,16.872852544954977,0.7078450594490032,0.3822273015975952,0.15894746780395508
000000372598.jpg,Zhang16 Pretrained,13.779013575926012,0.5681575991229235,0.538967490196228,0.1583244800567627
000000373031.jpg,Zhang16 Pretrained,16.7569565778525,0.8222016759645179,0.39781224727630615,0.1166374683380127
000000375355.jpg,Zhang16 Pretrained,19.512706188317633,0.9537514382814448,0.222323477268219,0.19973134994506836
000000376023.jpg,Zhang16 Pretrained,17.612810383876024,0.6948282869544368,0.4189223349094391,0.1440565586090088
000000376100.jpg,Zhang16 Pretrained,18.877339792675745,0.8343014294517695,0.31432443857192993,0.14883017539978027
000000377126.jpg,Zhang16 Pretrained,16.710188738966508,0.7379749828273314,0.44062432646751404,0.16214776039123535
000000377253.jpg,Zhang16 Pretrained,19.892378630736957,0.6156132280776442,0.3698217272758484,0.1559305191040039
000000377374.jpg,Zhang16 Pretrained,15.572820129763985,0.653897407676581,0.4996354281902313,0.16336798667907715
000000377452.jpg,Zhang16 Pretrained,17.11401984631478,0.8322704483956982,0.3596321940422058,0.16138339042663574
000000378483.jpg,Zhang16 Pretrained,21.946897830101562,0.9088769036515,0.2562706172466278,0.15134572982788086
000000380004.jpg,Zhang16 Pretrained,15.697218918604863,0.7588687437629164,0.49128225445747375,0.16743254661560059
000000381553.jpg,Zhang16 Pretrained,19.33856298243205,0.8624375221805799,0.2237650752067566,0.11064624786376953
000000382299.jpg,Zhang16 Pretrained,15.57280654084522,0.5954453641135903,0.5135738253593445,0.16084027290344238
000000384571.jpg,Zhang16 Pretrained,14.26535487162778,0.5233849996605787,0.6387704014778137,0.15889549255371094
000000384581.jpg,Zhang16 Pretrained,24.433035029996176,0.8921716794539324,0.19304770231246948,0.15886998176574707
000000384702.jpg,Zhang16 Pretrained,19.739522143487463,0.7572746619709244,0.3148626983165741,0.15283608436584473
000000386180.jpg,Zhang16 Pretrained,18.772900302166306,0.7669105643768424,0.3653583526611328,0.17747950553894043
000000386519.jpg,Zhang16 Pretrained,17.693287274542428,0.5929675307417627,0.5398799777030945,0.15645122528076172
000000388111.jpg,Zhang16 Pretrained,19.61199345731475,0.6332970216605422,0.4021258056163788,0.16382288932800293
000000388470.jpg,Zhang16 Pretrained,15.38613897826735,0.6484592573386773,0.4597485661506653,0.1633157730102539
000000388535.jpg,Zhang16 Pretrained,19.117727105348052,0.8416338736168293,0.22957095503807068,0.11365747451782227
000000388749.jpg,Zhang16 Pretrained,16.591356039924886,0.7503511218289484,0.40932485461235046,0.21473240852355957
000000389501.jpg,Zhang16 Pretrained,14.95005139019545,0.4851233050735874,0.5243822336196899,0.11393928527832031
000000389593.jpg,Zhang16 Pretrained,14.968953823617113,0.6026531478891711,0.5309267044067383,0.17963385581970215
000000390623.jpg,Zhang16 Pretrained,16.14132829816391,0.554177347718045,0.5619245767593384,0.16185474395751953
000000390786.jpg,Zhang16 Pretrained,17.167672270661033,0.7542349704442941,0.31230753660202026,0.15981101989746094
000000391705.jpg,Zhang16 Pretrained,18.83559732304225,0.7625168368064282,0.32559850811958313,0.19774341583251953
000000391719.jpg,Zhang16 Pretrained,16.05426582811492,0.7398473874472274,0.3507164716720581,0.19315433502197266
000000391929.jpg,Zhang16 Pretrained,14.642709856033933,0.5299628709891954,0.745740532875061,0.2226853370666504
000000392628.jpg,Zhang16 Pretrained,21.537491269808278,0.8786953881853043,0.26146697998046875,0.17082762718200684
000000392823.jpg,Zhang16 Pretrained,17.661496533704593,0.8208410952657141,0.5523614287376404,0.1836099624633789
000000393740.jpg,Zhang16 Pretrained,16.85380736656818,0.7694837858712679,0.4449407160282135,0.18116235733032227
000000393861.jpg,Zhang16 Pretrained,20.50385002357729,0.7029281144054851,0.2786363959312439,0.10960674285888672
000000394086.jpg,Zhang16 Pretrained,16.440747748869665,0.6521393123974443,0.5244770646095276,0.22193026542663574
000000394136.jpg,Zhang16 Pretrained,22.085149140820064,0.7159773773211109,0.27290967106819153,0.1591660976409912
000000394350.jpg,Zhang16 Pretrained,17.743221766288954,0.8677010754833158,0.3494558036327362,0.10793018341064453
000000395857.jpg,Zhang16 Pretrained,16.985279243296617,0.7385535714846289,0.44796478748321533,0.17401480674743652
000000397493.jpg,Zhang16 Pretrained,19.10189375673669,0.9145147843299517,0.16502465307712555,0.17967772483825684
000000399316.jpg,Zhang16 Pretrained,16.49206425585243,0.5195194704251622,0.5234265327453613,0.17087793350219727
000000399424.jpg,Zhang16 Pretrained,14.093898812693993,0.6302253942434047,0.5957483053207397,0.16286087036132812
000000401252.jpg,Zhang16 Pretrained,17.212426215427506,0.6875106783303302,0.4820683002471924,0.1811070442199707
000000402724.jpg,Zhang16 Pretrained,15.364164708319256,0.8136465702053096,0.5371991991996765,0.17249107360839844
000000402750.jpg,Zhang16 Pretrained,14.660379787318307,0.4784877791066633,0.5741657018661499,0.1755969524383545
000000403129.jpg,Zhang16 Pretrained,13.25218685444657,0.6280198385803099,0.5650426149368286,0.18104958534240723
000000403734.jpg,Zhang16 Pretrained,18.12694937044161,0.7077370832841435,0.3639698624610901,0.15856719017028809
000000405363.jpg,Zhang16 Pretrained,15.497551362668592,0.3833548714685469,0.5595214366912842,0.1253199577331543
000000406179.jpg,Zhang16 Pretrained,20.036017029473232,0.5774922639934753,0.36543259024620056,0.11433839797973633
000000407250.jpg,Zhang16 Pretrained,18.48084896895546,0.8866381246632414,0.26397693157196045,0.166029691696167
000000407258.jpg,Zhang16 Pretrained,17.380448970099273,0.6656441461052895,0.5187932252883911,0.18024134635925293
000000408663.jpg,Zhang16 Pretrained,20.51055089492468,0.8780349595253355,0.21372880041599274,0.16001343727111816
000000409253.jpg,Zhang16 Pretrained,15.584484303517145,0.6464379340287856,0.48512449860572815,0.1591958999633789
000000409827.jpg,Zhang16 Pretrained,19.651586218311387,0.7774667927898865,0.3162057399749756,0.18146252632141113
000000410025.jpg,Zhang16 Pretrained,21.15816209279184,0.7989773477951013,0.24232788383960724,0.11443972587585449
000000410158.jpg,Zhang16 Pretrained,18.189204609827982,0.8249734734690705,0.30531132221221924,0.14397978782653809
000000410317.jpg,Zhang16 Pretrained,13.640336773773205,0.5676419404476001,0.4546600878238678,0.16205191612243652
000000410685.jpg,Zhang16 Pretrained,14.511600443711357,0.5365560665109523,0.6385570764541626,0.16910266876220703
000000410738.jpg,Zhang16 Pretrained,14.81519545436752,0.6707109446457985,0.5256232023239136,0.1866292953491211
000000410811.jpg,Zhang16 Pretrained,19.97507599498531,0.7376186279432964,0.2686570882797241,0.17766666412353516
000000411194.jpg,Zhang16 Pretrained,13.954163179037064,0.4700789660051164,0.6759487390518188,0.12259030342102051
000000412329.jpg,Zhang16 Pretrained,21.595908235892935,0.6271924253965397,0.35790514945983887,0.13383030891418457
000000412601.jpg,Zhang16 Pretrained,16.223696704615712,0.881617551476836,0.2862677276134491,0.15981340408325195
000000412921.jpg,Zhang16 Pretrained,19.39108100441549,0.847161598915858,0.23800355195999146,0.1864030361175537
000000414191.jpg,Zhang16 Pretrained,14.326318597503791,0.6505093705432525,0.4717744290828705,0.1568317413330078
000000414702.jpg,Zhang16 Pretrained,16.171493224159356,0.7072259720718046,0.40147140622138977,0.17375731468200684
000000415431.jpg,Zhang16 Pretrained,17.244617239523087,0.47841295367763026,0.5835012197494507,0.1807727813720703
000000415744.jpg,Zhang16 Pretrained,19.306914688896132,0.7740409085099386,0.2660387456417084,0.13625288009643555
000000415774.jpg,Zhang16 Pretrained,17.207255567821736,0.9085586702341368,0.3876524865627289,0.1381826400756836
000000415908.jpg,Zhang16 Pretrained,17.911426595140895,0.8659460401314975,0.29858431220054626,0.1839911937713623
000000416056.jpg,Zhang16 Pretrained,13.91027888105498,0.5278358031531911,0.5622408390045166,0.18019652366638184
000000416173.jpg,Zhang16 Pretrained,12.238340651685801,0.7296876072563497,0.6236744523048401,0.162886381149292
000000416797.jpg,Zhang16 Pretrained,18.572446873663395,0.5053734255399389,0.6273521184921265,0.16559314727783203
000000417785.jpg,Zhang16 Pretrained,18.276376132156635,0.8742957693102644,0.40269869565963745,0.1916487216949463
000000418660.jpg,Zhang16 Pretrained,19.38073681485515,0.8082973679569485,0.3586353659629822,0.1579759120941162
000000418795.jpg,Zhang16 Pretrained,14.348276956222977,0.5247522268290012,0.7516528367996216,0.19290447235107422
000000420336.jpg,Zhang16 Pretrained,16.48931276892226,0.684044102309643,0.38815435767173767,0.17606663703918457
000000420773.jpg,Zhang16 Pretrained,15.842679957940701,0.6399311798437606,0.36994603276252747,0.17863869667053223
000000421482.jpg,Zhang16 Pretrained,17.944071066419557,0.7655351772687928,0.34200519323349,0.14080405235290527
000000421695.jpg,Zhang16 Pretrained,19.04505893621846,0.6342653923199809,0.5568222999572754,0.19900989532470703
000000422993.jpg,Zhang16 Pretrained,17.793617109809023,0.7069063179512987,0.35294705629348755,0.11362648010253906
000000423159.jpg,Zhang16 Pretrained,16.257997870079077,0.7112115638311612,0.4675755202770233,0.2046830654144287
000000423460.jpg,Zhang16 Pretrained,17.25861974569289,0.24772546211846413,0.6529588103294373,0.148667573928833
000000423831.jpg,Zhang16 Pretrained,17.61144527262928,0.8476754802867573,0.4001622200012207,0.18056583404541016
000000424004.jpg,Zhang16 Pretrained,18.349119596359117,0.781148140824199,0.4304227828979492,0.16548800468444824
000000424639.jpg,Zhang16 Pretrained,24.12506298624015,0.947082038715795,0.2508208751678467,0.16878366470336914
000000425241.jpg,Zhang16 Pretrained,15.262860323267912,0.6732755872429741,0.4798222482204437,0.15373539924621582
000000425700.jpg,Zhang16 Pretrained,14.921720345136178,0.47404791988682354,0.629963755607605,0.11010289192199707
000000425738.jpg,Zhang16 Pretrained,16.583894633857025,0.5335303261644863,0.5694475173950195,0.15338778495788574
000000426272.jpg,Zhang16 Pretrained,18.758110525197544,0.8352873097731869,0.2728124260902405,0.18004512786865234
000000426362.jpg,Zhang16 Pretrained,16.72028947737265,0.6888354039636897,0.3555900454521179,0.11748003959655762
000000428511.jpg,Zhang16 Pretrained,18.418656834478035,0.9367437875681687,0.26980528235435486,0.1914842128753662
000000428958.jpg,Zhang16 Pretrained,19.93070729655748,0.929434364524711,0.30352240800857544,0.23035955429077148
000000429665.jpg,Zhang16 Pretrained,17.809877227057044,0.9070799289757083,0.1548323631286621,0.24212956428527832
000000430806.jpg,Zhang16 Pretrained,13.170943209166527,0.5230222556829468,0.7018401026725769,0.21521639823913574
000000432177.jpg,Zhang16 Pretrained,15.808708987645964,0.7842942441796182,0.4748727083206177,0.18895554542541504
000000432208.jpg,Zhang16 Pretrained,14.756215214273688,0.6735507873866003,0.5780453085899353,0.1628880500793457
000000432536.jpg,Zhang16 Pretrained,13.383953694177551,0.4977114121155977,0.5974191427230835,0.17572426795959473
000000433471.jpg,Zhang16 Pretrained,18.64629070961211,0.8397987599578137,0.34774333238601685,0.1654808521270752
000000433620.jpg,Zhang16 Pretrained,20.938810615060845,0.7371671344325997,0.3081996440887451,0.22924447059631348
000000434395.jpg,Zhang16 Pretrained,22.910734569356492,0.8407456537484977,0.27068859338760376,0.1754457950592041
000000434770.jpg,Zhang16 Pretrained,14.494462053145508,0.5953065020763563,0.49259912967681885,0.17384767532348633
000000435195.jpg,Zhang16 Pretrained,20.382753114132896,0.7699813873850777,0.34454023838043213,0.17830276489257812
000000435502.jpg,Zhang16 Pretrained,22.410348984818302,0.5762306713830377,0.40510863065719604,0.14215517044067383
000000439064.jpg,Zhang16 Pretrained,15.475391529858094,0.4227561508254578,0.6153754591941833,0.13507938385009766
000000439671.jpg,Zhang16 Pretrained,16.17570055164714,0.7375521749805526,0.40568795800209045,0.17705655097961426
000000440464.jpg,Zhang16 Pretrained,14.507332669251404,0.463128539386662,0.7368180155754089,0.1762247085571289
000000440770.jpg,Zhang16 Pretrained,15.798943259289251,0.6562953530871153,0.4388560950756073,0.17325115203857422
000000440800.jpg,Zhang16 Pretrained,14.768341565227406,0.4537317204886968,0.5968607664108276,0.12389564514160156
000000440888.jpg,Zhang16 Pretrained,20.892266235453043,0.8633324849821843,0.26394858956336975,0.16367554664611816
000000441209.jpg,Zhang16 Pretrained,18.3458113678804,0.6886871161967983,0.427987664937973,0.17627239227294922
000000441388.jpg,Zhang16 Pretrained,17.94366408979399,0.7288384362915602,0.36302971839904785,0.15737628936767578
000000441692.jpg,Zhang16 Pretrained,20.401144587696717,0.8853375952771444,0.3216140866279602,0.19266295433044434
000000443219.jpg,Zhang16 Pretrained,16.02391365841214,0.7208932351033298,0.39254599809646606,0.19356179237365723
000000443252.jpg,Zhang16 Pretrained,16.151467062230257,0.5834797214314372,0.4737145006656647,0.15428757667541504
000000443355.jpg,Zhang16 Pretrained,18.26709453455501,0.759846681475486,0.35909032821655273,0.15804409980773926
000000443378.jpg,Zhang16 Pretrained,22.353967995286407,0.8387734125915887,0.34702467918395996,0.15913653373718262
000000444243.jpg,Zhang16 Pretrained,19.516815558023005,0.9334833452179101,0.3452339470386505,0.13819289207458496
000000444653.jpg,Zhang16 Pretrained,16.401158770123622,0.6494821063255104,0.5365914702415466,0.18116998672485352
000000444902.jpg,Zhang16 Pretrained,17.618768249360826,0.6837777307897995,0.34059202671051025,0.19523119926452637
000000445021.jpg,Zhang16 Pretrained,21.49148780140373,0.747323984969206,0.4164246618747711,0.14736294746398926
000000445302.jpg,Zhang16 Pretrained,23.676278658360683,0.9503909271662191,0.21444515883922577,0.17870235443115234
000000445852.jpg,Zhang16 Pretrained,21.080800308736343,0.6433193730232792,0.4684751629829407,0.15548968315124512
000000447805.jpg,Zhang16 Pretrained,19.27643041360934,0.536209880137561,0.41991308331489563,0.19277310371398926
000000448272.jpg,Zhang16 Pretrained,15.826649718076307,0.7964049619921715,0.44960257411003113,0.16423392295837402
000000448515.jpg,Zhang16 Pretrained,17.34403956594081,0.597847398136451,0.6691439747810364,0.17572307586669922
000000449074.jpg,Zhang16 Pretrained,18.606594997602926,0.8731714084128722,0.27768969535827637,0.17862248420715332
000000449582.jpg,Zhang16 Pretrained,12.213078752269835,0.49320717019030164,0.615797758102417,0.17054200172424316
000000449696.jpg,Zhang16 Pretrained,13.393158791140769,0.580561319477109,0.720636785030365,0.22353315353393555
000000449982.jpg,Zhang16 Pretrained,17.340170272663993,0.7445889045137015,0.33419695496559143,0.15775012969970703
000000450211.jpg,Zhang16 Pretrained,19.998252958162837,0.9100546767676807,0.2516866624355316,0.16593551635742188
000000450645.jpg,Zhang16 Pretrained,15.196660765588717,0.6896150073296908,0.4389759302139282,0.15880489349365234
000000450656.jpg,Zhang16 Pretrained,17.302656056627594,0.5699369275476195,0.5230053067207336,0.1602468490600586
000000451570.jpg,Zhang16 Pretrained,17.83153157892488,0.7392457464251199,0.3858622908592224,0.15488386154174805
000000451582.jpg,Zhang16 Pretrained,20.282104848994532,0.8022877430277523,0.2894800901412964,0.16440296173095703
000000452032.jpg,Zhang16 Pretrained,16.047908935907152,0.7677513509817319,0.2932589054107666,0.11678218841552734
000000452325.jpg,Zhang16 Pretrained,21.257105745366815,0.9577835261551014,0.25729671120643616,0.2424609661102295
000000453437.jpg,Zhang16 Pretrained,15.26081014932956,0.6928544480120551,0.3476436734199524,0.0733330249786377
000000453564.jpg,Zhang16 Pretrained,17.33477003274411,0.850377269371835,0.3221830427646637,0.17546749114990234
000000454266.jpg,Zhang16 Pretrained,19.112960993138124,0.919912449875755,0.35805991291999817,0.22941207885742188
000000454939.jpg,Zhang16 Pretrained,14.189998224891609,0.5537834876738029,0.5700796246528625,0.17455363273620605
000000454980.jpg,Zhang16 Pretrained,18.096336791246227,0.6348570244418364,0.4068024754524231,0.1796245574951172
000000456363.jpg,Zhang16 Pretrained,15.815263577818637,0.5879324219045515,0.520073413848877,0.17003083229064941
000000457302.jpg,Zhang16 Pretrained,16.134631452636174,0.7676410196648593,0.38451388478279114,0.21436715126037598
000000457391.jpg,Zhang16 Pretrained,19.910403602665482,0.9132818062862095,0.31993573904037476,0.16811490058898926
000000457958.jpg,Zhang16 Pretrained,14.203541549122129,0.5329471721100982,0.6849754452705383,0.17827773094177246
000000458293.jpg,Zhang16 Pretrained,24.909803975041534,0.9475692714451874,0.16859883069992065,0.1754164695739746
000000461432.jpg,Zhang16 Pretrained,18.54260861039291,0.8236910191048156,0.24469633400440216,0.19318628311157227
000000462337.jpg,Zhang16 Pretrained,22.68291444494475,0.705478274979496,0.4048992991447449,0.10407376289367676
000000462351.jpg,Zhang16 Pretrained,18.184313158098934,0.8815717935110546,0.2674804627895355,0.16963720321655273
000000464189.jpg,Zhang16 Pretrained,20.738207493597418,0.9268281485831565,0.29575851559638977,0.16051197052001953
000000464936.jpg,Zhang16 Pretrained,17.47068434592281,0.8457013462888213,0.40239909291267395,0.11981034278869629
000000465628.jpg,Zhang16 Pretrained,20.997150399708808,0.8971613609038552,0.20947910845279694,0.16753315925598145
000000467291.jpg,Zhang16 Pretrained,18.36194162879137,0.7668674284626928,0.3717838227748871,0.1746973991394043
000000467306.jpg,Zhang16 Pretrained,23.049388892568597,0.8540702304233515,0.2576887011528015,0.16802430152893066
000000467695.jpg,Zhang16 Pretrained,20.908337819041854,0.8732135862578166,0.25195229053497314,0.24271750450134277
000000467850.jpg,Zhang16 Pretrained,18.21316140059534,0.5760462803490801,0.4679339528083801,0.11037802696228027
000000468268.jpg,Zhang16 Pretrained,15.604605245717886,0.8206381539745503,0.364866703748703,0.11198663711547852
000000469044.jpg,Zhang16 Pretrained,19.446133877145304,0.8018236177129902,0.3424436151981354,0.1575615406036377
000000469511.jpg,Zhang16 Pretrained,16.83581727810057,0.631401298924315,0.5596083998680115,0.19293928146362305
000000470427.jpg,Zhang16 Pretrained,16.90883333491471,0.6025973231550786,0.5957692861557007,0.17095375061035156
000000471388.jpg,Zhang16 Pretrained,13.99459679240345,0.7051340107985009,0.49005234241485596,0.11901211738586426
000000472523.jpg,Zhang16 Pretrained,18.773393839175633,0.7692759030985323,0.2622600197792053,0.15369415283203125
000000472688.jpg,Zhang16 Pretrained,18.96440944251989,0.7957420873100487,0.3353787362575531,0.11932945251464844
000000473303.jpg,Zhang16 Pretrained,18.957870758108545,0.7862357107292156,0.3058483600616455,0.18376421928405762
000000473400.jpg,Zhang16 Pretrained,16.447064360348477,0.6153912194140646,0.4812432825565338,0.1902012825012207
000000473864.jpg,Zhang16 Pretrained,15.451509242609102,0.6280637490120294,0.4446389675140381,0.19189071655273438
000000473909.jpg,Zhang16 Pretrained,15.059394410878067,0.47649826879077883,0.7133932113647461,0.23127198219299316
000000474812.jpg,Zhang16 Pretrained,19.089084097813604,0.9409269950050634,0.30098170042037964,0.16375279426574707
000000475246.jpg,Zhang16 Pretrained,19.17924003673201,0.8250229393719314,0.26013028621673584,0.15673398971557617
000000476390.jpg,Zhang16 Pretrained,21.130207660160032,0.8341964723666989,0.32418936491012573,0.18201041221618652
000000477323.jpg,Zhang16 Pretrained,19.96798702221084,0.890219059401875,0.33635473251342773,0.16949105262756348
000000477832.jpg,Zhang16 Pretrained,20.96618088038496,0.8655975100578314,0.2608678936958313,0.11765670776367188
000000478183.jpg,Zhang16 Pretrained,14.539311703202006,0.4678049996975909,0.6799219846725464,0.17493128776550293
000000478218.jpg,Zhang16 Pretrained,19.464380709970285,0.6881499107918607,0.4363696575164795,0.15597867965698242
000000478746.jpg,Zhang16 Pretrained,20.50272287670685,0.8412386240936301,0.2800653278827667,0.16305875778198242
000000479224.jpg,Zhang16 Pretrained,17.7800359358333,0.7526189888950169,0.38781723380088806,0.23476457595825195
000000480149.jpg,Zhang16 Pretrained,16.920258305984103,0.5982279527911656,0.6344298124313354,0.1895143985748291
000000480276.jpg,Zhang16 Pretrained,14.829295581564052,0.46779823781349106,0.750487208366394,0.17807745933532715
000000480466.jpg,Zhang16 Pretrained,16.844966633568202,0.47390714505938564,0.5905886888504028,0.09771966934204102
000000480987.jpg,Zhang16 Pretrained,20.768806744410305,0.941057520147043,0.17660404741764069,0.1348891258239746
000000481307.jpg,Zhang16 Pretrained,21.7252008198157,0.8664678534413964,0.16948798298835754,0.1720139980316162
000000482289.jpg,Zhang16 Pretrained,14.088621694617592,0.7047991633035376,0.5927380919456482,0.1424727439880371
000000482640.jpg,Zhang16 Pretrained,16.6628809296113,0.32045800169389776,0.6405911445617676,0.15607523918151855
000000482645.jpg,Zhang16 Pretrained,15.41468778389837,0.6203140431776976,0.39416664838790894,0.11756753921508789
000000482973.jpg,Zhang16 Pretrained,14.474205671629237,0.4237971799343649,0.7188205122947693,0.2189617156982422
000000483619.jpg,Zhang16 Pretrained,16.338389554659962,0.6111255194691925,0.503856897354126,0.2325725555419922
000000486591.jpg,Zhang16 Pretrained,20.216386383224616,0.8569288902311046,0.2613218128681183,0.14499163627624512
000000487158.jpg,Zhang16 Pretrained,18.50421376402891,0.8238774752462499,0.23932111263275146,0.1587824821472168
000000487214.jpg,Zhang16 Pretrained,15.866956504326325,0.8022979677155074,0.5126529335975647,0.20608043670654297
000000487789.jpg,Zhang16 Pretrained,19.149426722329,0.801058889180941,0.4145642817020416,0.17020630836486816
000000487969.jpg,Zhang16 Pretrained,16.050701058439053,0.7640844020536633,0.49355581402778625,0.1643972396850586
000000488067.jpg,Zhang16 Pretrained,19.021710270396607,0.8563023247698913,0.3492644727230072,0.18430018424987793
000000488900.jpg,Zhang16 Pretrained,15.524192314918704,0.5225020417021581,0.5701455473899841,0.17755794525146484
000000489092.jpg,Zhang16 Pretrained,16.466784059991358,0.6340019861673464,0.45842668414115906,0.16387629508972168
000000489240.jpg,Zhang16 Pretrained,18.20633658702743,0.7667899353856672,0.30630916357040405,0.16366839408874512
000000489365.jpg,Zhang16 Pretrained,13.709912879724548,0.5488102835105539,0.6626881957054138,0.24605321884155273
000000489392.jpg,Zhang16 Pretrained,18.464865379255905,0.6823437574318122,0.215939462184906,0.10760688781738281
000000489536.jpg,Zhang16 Pretrained,18.28359157374015,0.6931183295263366,0.3641701936721802,0.18982315063476562
000000489562.jpg,Zhang16 Pretrained,18.54076037012792,0.8111530660065459,0.34222596883773804,0.1852550506591797
000000489925.jpg,Zhang16 Pretrained,17.370578938360623,0.6943483387842418,0.2901155650615692,0.23399710655212402
000000490229.jpg,Zhang16 Pretrained,19.706805152135097,0.8727579340922724,0.29737183451652527,0.1824955940246582
000000490573.jpg,Zhang16 Pretrained,20.524263145661635,0.8738073616503215,0.3323582112789154,0.1571354866027832
000000492688.jpg,Zhang16 Pretrained,17.636853198568602,0.9241674484321897,0.29636722803115845,0.18028712272644043
000000493693.jpg,Zhang16 Pretrained,21.3545502932661,0.9220137552207417,0.2661818265914917,0.1550295352935791
000000493948.jpg,Zhang16 Pretrained,19.63084836605139,0.8897593748515472,0.2969455122947693,0.17890214920043945
000000494088.jpg,Zhang16 Pretrained,16.149478990753423,0.5586781856986036,0.5683413743972778,0.16550040245056152
000000495016.jpg,Zhang16 Pretrained,13.559663161211908,0.43496613687631364,0.781466007232666,0.17980575561523438
000000495550.jpg,Zhang16 Pretrained,17.870195642165147,0.5077982928942364,0.508190393447876,0.17918896675109863
000000495998.jpg,Zhang16 Pretrained,15.34738854832002,0.7825383270741472,0.3704414665699005,0.15447759628295898
000000496163.jpg,Zhang16 Pretrained,19.782274459113612,0.9184127821032769,0.2795308828353882,0.16924405097961426
000000496590.jpg,Zhang16 Pretrained,15.705802000824034,0.5717464815475354,0.5176577568054199,0.17639780044555664
000000496827.jpg,Zhang16 Pretrained,15.223254118877342,0.5450801782316418,0.6164270639419556,0.16170787811279297
000000496852.jpg,Zhang16 Pretrained,18.937879118922126,0.4285130264563734,0.5445247888565063,0.15915703773498535
000000497293.jpg,Zhang16 Pretrained,14.565052447863065,0.4920832774380725,0.742728054523468,0.1179814338684082
000000497346.jpg,Zhang16 Pretrained,14.606602831545317,0.7433915889943048,0.4612042307853699,0.17991852760314941
000000497814.jpg,Zhang16 Pretrained,20.58608402694656,0.9279031126102222,0.18947553634643555,0.18504548072814941
000000497866.jpg,Zhang16 Pretrained,15.205040110636679,0.36741266621337615,0.6381033658981323,0.16553664207458496
000000497886.jpg,Zhang16 Pretrained,16.25385395871776,0.6588751634093724,0.6076316833496094,0.19620251655578613
000000499178.jpg,Zhang16 Pretrained,14.765726195186577,0.36285738868132755,0.716313362121582,0.13971567153930664
000000499769.jpg,Zhang16 Pretrained,14.2643191535564,0.7754695325144731,0.3102441728115082,0.16907501220703125
000000500131.jpg,Zhang16 Pretrained,13.838524112149331,0.6616017791787104,0.42113667726516724,0.1922435760498047
000000500308.jpg,Zhang16 Pretrained,17.969496765424967,0.5010663867013769,0.462103009223938,0.1645355224609375
000000500397.jpg,Zhang16 Pretrained,17.30991553108691,0.6347507981999008,0.5047563910484314,0.17272114753723145
000000501024.jpg,Zhang16 Pretrained,15.306741245199655,0.8702604798010913,0.5296480059623718,0.11979913711547852
000000501068.jpg,Zhang16 Pretrained,15.581847339972404,0.7303558667210232,0.4364085793495178,0.20440244674682617
000000501207.jpg,Zhang16 Pretrained,20.65765899720695,0.8638968132696997,0.2320137321949005,0.19441771507263184
000000502734.jpg,Zhang16 Pretrained,15.218243532730956,0.6361626899997096,0.4391622543334961,0.13206815719604492
000000502834.jpg,Zhang16 Pretrained,20.791687694091703,0.9632736613316505,0.29322904348373413,0.19337987899780273
000000504966.jpg,Zhang16 Pretrained,15.104414181921031,0.5440169688075994,0.6911174058914185,0.24215316772460938
000000505231.jpg,Zhang16 Pretrained,12.70754018865724,0.6661751183802536,0.5030248165130615,0.17871904373168945
000000507156.jpg,Zhang16 Pretrained,16.215028423482927,0.8456098239152601,0.3986000418663025,0.1739053726196289
000000507433.jpg,Zhang16 Pretrained,18.557101876670142,0.8573820238739905,0.39402467012405396,0.20368361473083496
000000508587.jpg,Zhang16 Pretrained,17.224781900997,0.5532311491183431,0.3901565372943878,0.11390399932861328
000000508942.jpg,Zhang16 Pretrained,17.676767485721065,0.7204035620412034,0.341815710067749,0.20291447639465332
000000509125.jpg,Zhang16 Pretrained,14.694147360562624,0.5043136942394212,0.6673038601875305,0.2057180404663086
000000509857.jpg,Zhang16 Pretrained,14.938795566498143,0.45849150142809975,0.6170840859413147,0.17010045051574707
000000510575.jpg,Zhang16 Pretrained,19.64972031201217,0.9085758559674998,0.35245129466056824,0.20455169677734375
000000512278.jpg,Zhang16 Pretrained,20.01400163965569,0.8424483213511912,0.33059942722320557,0.19789886474609375
000000513747.jpg,Zhang16 Pretrained,14.01495966255756,0.48446503342247266,0.7019583582878113,0.22371578216552734
000000513763.jpg,Zhang16 Pretrained,14.360252070434115,0.45046712132004124,0.8039012551307678,0.1959373950958252
000000513788.jpg,Zhang16 Pretrained,17.38195296012522,0.4733296678185495,0.5536266565322876,0.17310762405395508
000000514876.jpg,Zhang16 Pretrained,16.412232997907434,0.8218957973427125,0.28161680698394775,0.1830275058746338
000000516166.jpg,Zhang16 Pretrained,12.15016864221906,0.41101560801152487,0.8082118630409241,0.19289827346801758
000000516746.jpg,Zhang16 Pretrained,19.011776204755048,0.7597232091748415,0.4261088967323303,0.1729440689086914
000000517892.jpg,Zhang16 Pretrained,15.417851469363669,0.5605064759596228,0.6556047201156616,0.17927861213684082
000000518461.jpg,Zhang16 Pretrained,20.55324668600324,0.9227331681586319,0.2977583408355713,0.13697242736816406
000000519456.jpg,Zhang16 Pretrained,18.366901975798093,0.8787099020508032,0.23837131261825562,0.18308711051940918
000000519473.jpg,Zhang16 Pretrained,22.709715363760182,0.8343295748588465,0.28616535663604736,0.15967702865600586
000000519698.jpg,Zhang16 Pretrained,21.67086825508099,0.8333742981498281,0.23233751952648163,0.16672611236572266
000000519825.jpg,Zhang16 Pretrained,14.489533068111909,0.6350439384808423,0.5948451161384583,0.17748594284057617
000000521265.jpg,Zhang16 Pretrained,15.052814398139098,0.6127935017837802,0.728830873966217,0.17635393142700195
000000522648.jpg,Zhang16 Pretrained,19.901859443817372,0.9371526201637369,0.2902561128139496,0.24283599853515625
000000524566.jpg,Zhang16 Pretrained,15.836724581506818,0.5154558964560797,0.6533040404319763,0.17145228385925293
000000524687.jpg,Zhang16 Pretrained,22.025650149998953,0.8821501923510415,0.32476744055747986,0.15860414505004883
000000525901.jpg,Zhang16 Pretrained,15.172989107740486,0.4921413169153792,0.5625554323196411,0.11766934394836426
000000526918.jpg,Zhang16 Pretrained,17.096866575559883,0.6608660808878487,0.5162756443023682,0.18402671813964844
000000527007.jpg,Zhang16 Pretrained,18.761168831722397,0.7592075696797899,0.37618884444236755,0.12183117866516113
000000527162.jpg,Zhang16 Pretrained,20.339706852062346,0.7171034097415245,0.3987216055393219,0.1729598045349121
000000528103.jpg,Zhang16 Pretrained,12.946124274927211,0.39505497201820133,0.7916996479034424,0.14637970924377441
000000528703.jpg,Zhang16 Pretrained,16.372531901087374,0.7272707743295351,0.4291698932647705,0.1700892448425293
000000528902.jpg,Zhang16 Pretrained,16.572329267078715,0.6579188386859863,0.4336501955986023,0.15951776504516602
000000529149.jpg,Zhang16 Pretrained,17.247675876925154,0.4507461566367638,0.7088611721992493,0.1755542755126953
000000530032.jpg,Zhang16 Pretrained,14.125526981180435,0.4039451632450355,0.7639622688293457,0.11930990219116211
000000530139.jpg,Zhang16 Pretrained,15.60686400050307,0.46797764146696047,0.6747096180915833,0.11885976791381836
000000531310.jpg,Zhang16 Pretrained,19.61654033757531,0.90191967100082,0.39627206325531006,0.20332884788513184
000000532528.jpg,Zhang16 Pretrained,14.176462767050664,0.5213605535928566,0.559412956237793,0.1678943634033203
000000532794.jpg,Zhang16 Pretrained,16.907883663474227,0.6833619910968206,0.3617982864379883,0.1148531436920166
000000532939.jpg,Zhang16 Pretrained,12.98470492789108,0.45861375715240155,0.7798240184783936,0.1375255584716797
000000533167.jpg,Zhang16 Pretrained,14.62507621283258,0.5186104985446953,0.8291422724723816,0.23836040496826172
000000533492.jpg,Zhang16 Pretrained,19.830022897939934,0.8043290111167858,0.35141101479530334,0.18963980674743652
000000534563.jpg,Zhang16 Pretrained,15.44530061408097,0.6504198273910625,0.43797194957733154,0.15060639381408691
000000534893.jpg,Zhang16 Pretrained,15.514777486308573,0.571639937573928,0.4760994017124176,0.16619420051574707
000000534929.jpg,Zhang16 Pretrained,14.309186648941129,0.5787162432949798,0.5870937705039978,0.1827080249786377
000000535594.jpg,Zhang16 Pretrained,16.289195971401043,0.6957020433038297,0.41155388951301575,0.16826248168945312
000000535744.jpg,Zhang16 Pretrained,17.900790038555062,0.551152865787171,0.4163903594017029,0.06316828727722168
000000536197.jpg,Zhang16 Pretrained,18.573113452313535,0.8981797715913874,0.27683141827583313,0.18314003944396973
000000536256.jpg,Zhang16 Pretrained,18.150947191285923,0.6894831764906959,0.44016849994659424,0.1795051097869873
000000536591.jpg,Zhang16 Pretrained,17.531515306102467,0.8176382309564613,0.4166606664657593,0.18828511238098145
000000537394.jpg,Zhang16 Pretrained,23.347419029564826,0.7479934538715324,0.26782122254371643,0.1440722942352295
000000537747.jpg,Zhang16 Pretrained,14.893753893212661,0.7368011726566973,0.4410941004753113,0.17613506317138672
000000538365.jpg,Zhang16 Pretrained,19.63325284360291,0.8105111565554791,0.42220935225486755,0.1669168472290039
000000538767.jpg,Zhang16 Pretrained,20.83852930086779,0.6558201058456,0.2536887228488922,0.14549684524536133
000000539512.jpg,Zhang16 Pretrained,20.01952758413863,0.679342992066609,0.3897802531719208,0.21303176879882812
000000540650.jpg,Zhang16 Pretrained,13.805827811112362,0.4988175062209231,0.696508526802063,0.16896724700927734
000000540908.jpg,Zhang16 Pretrained,16.573471434222004,0.8341589646769444,0.4063490033149719,0.21507763862609863
000000541946.jpg,Zhang16 Pretrained,19.784368114733397,0.8877507226284949,0.3857996165752411,0.1952211856842041
000000543061.jpg,Zhang16 Pretrained,16.17647960302384,0.5992824535788305,0.4217279851436615,0.1872880458831787
000000543624.jpg,Zhang16 Pretrained,12.039164316535809,0.8416515650899239,0.5358230471611023,0.1648404598236084
000000544049.jpg,Zhang16 Pretrained,25.084475731998825,0.9072287469681571,0.15075932443141937,0.17169404029846191
000000544468.jpg,Zhang16 Pretrained,17.24365326944512,0.701070753435686,0.38007333874702454,0.1927788257598877
000000544509.jpg,Zhang16 Pretrained,20.542168110957384,0.8928562060331431,0.14571182429790497,0.1708669662475586
000000544790.jpg,Zhang16 Pretrained,17.35625557247932,0.6996048165702202,0.4228508174419403,0.12238812446594238
000000546072.jpg,Zhang16 Pretrained,18.633778560293845,0.7351374584540243,0.39873984456062317,0.18614649772644043
000000546573.jpg,Zhang16 Pretrained,17.039680462061213,0.8315485528987839,0.3541557490825653,0.18726754188537598
000000546982.jpg,Zhang16 Pretrained,15.891146088148622,0.8987588193476707,0.3289334774017334,0.16856002807617188
000000547466.jpg,Zhang16 Pretrained,19.024043665934776,0.7962797936900031,0.34963130950927734,0.18233346939086914
000000547729.jpg,Zhang16 Pretrained,16.276353712556894,0.6936519063786836,0.48149698972702026,0.2075202465057373
000000548023.jpg,Zhang16 Pretrained,13.46376006038517,0.6193557518466534,0.6097612380981445,0.17862176895141602
000000548152.jpg,Zhang16 Pretrained,16.056550751194823,0.6839840737425287,0.2968214750289917,0.10413551330566406
000000548290.jpg,Zhang16 Pretrained,18.593647490468467,0.8975565856052526,0.38619616627693176,0.15121769905090332
000000548392.jpg,Zhang16 Pretrained,14.993719992795791,0.4646977486688919,0.7311325073242188,0.1796412467956543
000000549516.jpg,Zhang16 Pretrained,15.119747992441914,0.8254926370605072,0.41964957118034363,0.16110658645629883
000000549791.jpg,Zhang16 Pretrained,21.06959765834043,0.8587556398955863,0.1270613670349121,0.23706388473510742
000000549863.jpg,Zhang16 Pretrained,17.89698769558232,0.6792876865045092,0.39150482416152954,0.16167998313903809
000000551893.jpg,Zhang16 Pretrained,19.475507626318183,0.8577132363179046,0.369314968585968,0.18086647987365723
000000552051.jpg,Zhang16 Pretrained,16.28802191592245,0.7770125065649541,0.39150285720825195,0.20793437957763672
000000552524.jpg,Zhang16 Pretrained,20.740976880173328,0.8990573431041261,0.24576598405838013,0.12308096885681152
000000553782.jpg,Zhang16 Pretrained,19.43604492414478,0.8732119765262943,0.3786958158016205,0.20703864097595215
000000554072.jpg,Zhang16 Pretrained,13.360888917382903,0.6371239511323142,0.5492362976074219,0.18888425827026367
000000554696.jpg,Zhang16 Pretrained,15.479392704094568,0.7333561381447119,0.5802872776985168,0.1604306697845459
000000555111.jpg,Zhang16 Pretrained,17.808911581975575,0.6108061753124688,0.5373390913009644,0.1665022373199463
000000556059.jpg,Zhang16 Pretrained,13.371993594629757,0.43001108317775677,0.6466951370239258,0.1241912841796875
000000557665.jpg,Zhang16 Pretrained,16.2968715726646,0.7389829835757896,0.39643216133117676,0.1423511505126953
000000558003.jpg,Zhang16 Pretrained,16.79257865136662,0.2278787121088275,0.5956284999847412,0.13951444625854492
000000558059.jpg,Zhang16 Pretrained,14.328077238429957,0.5836797248205404,0.4929642677307129,0.18708300590515137
000000558240.jpg,Zhang16 Pretrained,13.952466615273948,0.4904320827528544,0.6173863410949707,0.060340166091918945
000000558583.jpg,Zhang16 Pretrained,15.015948565534972,0.607324539346681,0.4368778467178345,0.18252134323120117
000000558778.jpg,Zhang16 Pretrained,18.907762222584548,0.7804102869924425,0.24657392501831055,0.18854999542236328
000000560672.jpg,Zhang16 Pretrained,19.4220075778831,0.7291925312877535,0.4677475392818451,0.19553375244140625
000000560696.jpg,Zhang16 Pretrained,20.103046585716434,0.88919005653115,0.26422637701034546,0.13443756103515625
000000562022.jpg,Zhang16 Pretrained,21.672029196690296,0.8142970744020817,0.2159694880247116,0.15417146682739258
000000562439.jpg,Zhang16 Pretrained,19.913209093093393,0.9209381313496808,0.25893279910087585,0.20778656005859375
000000563425.jpg,Zhang16 Pretrained,17.487461369141162,0.7312232163335856,0.33796337246894836,0.3021972179412842
000000563629.jpg,Zhang16 Pretrained,12.885948030209706,0.5745860514260315,0.5418405532836914,0.20557093620300293
000000563703.jpg,Zhang16 Pretrained,16.162267870754434,0.6097036203957743,0.39105191826820374,0.2270658016204834
000000563908.jpg,Zhang16 Pretrained,15.49246853075054,0.8775561448642676,0.2681369483470917,0.20959782600402832
000000566196.jpg,Zhang16 Pretrained,21.69559666256717,0.765280032285041,0.21197018027305603,0.15824460983276367
000000566702.jpg,Zhang16 Pretrained,15.72262334579312,0.6706364042601288,0.40934377908706665,0.11585569381713867
000000567272.jpg,Zhang16 Pretrained,18.644730071271383,0.9093809750273234,0.4033586084842682,0.20052528381347656
000000567623.jpg,Zhang16 Pretrained,17.035178825449904,0.914498937054907,0.34440740942955017,0.19802355766296387
000000570575.jpg,Zhang16 Pretrained,17.249054048247135,0.6934347758114477,0.37470465898513794,0.12351727485656738
000000570764.jpg,Zhang16 Pretrained,20.535129641098962,0.911311489492408,0.23231598734855652,0.19317841529846191
000000571027.jpg,Zhang16 Pretrained,18.611587511311857,0.8614629053997548,0.3499225080013275,0.18533658981323242
000000571463.jpg,Zhang16 Pretrained,14.699168881215117,0.561118465783363,0.5265112519264221,0.1979680061340332
000000572190.jpg,Zhang16 Pretrained,14.748698916197078,0.5551335027069735,0.5625132322311401,0.19600772857666016
000000572389.jpg,Zhang16 Pretrained,13.918581933191167,0.39763205394126566,0.7447282075881958,0.16297030448913574
000000572562.jpg,Zhang16 Pretrained,18.676161626905653,0.47476402826513925,0.4654356837272644,0.1706676483154297
000000572576.jpg,Zhang16 Pretrained,18.250204866254457,0.8622892738425664,0.2743924856185913,0.13383030891418457
000000575930.jpg,Zhang16 Pretrained,16.572904429957717,0.5739835249444134,0.4418959617614746,0.17146992683410645
000000577218.jpg,Zhang16 Pretrained,18.233056485549458,0.9229021590860943,0.37969914078712463,0.16350555419921875
000000577335.jpg,Zhang16 Pretrained,20.65325417026458,0.8999247472827792,0.23044852912425995,0.1861886978149414
000000577784.jpg,Zhang16 Pretrained,13.915185866473623,0.5918946349251663,0.6466359496116638,0.18563079833984375
000000577861.jpg,Zhang16 Pretrained,18.104256772285524,0.7180229373980406,0.3696700632572174,0.2127077579498291
000000578062.jpg,Zhang16 Pretrained,15.640847105241571,0.6125851400832353,0.5232079029083252,0.1633315086364746
000000579250.jpg,Zhang16 Pretrained,21.5456792993136,0.9490200821659398,0.14134761691093445,0.21611309051513672
000000579597.jpg,Zhang16 Pretrained,18.811064943006716,0.852168486936039,0.34232646226882935,0.11186432838439941
000000579714.jpg,Zhang16 Pretrained,18.700429297329375,0.8659521964636449,0.34830236434936523,0.21839332580566406
000000579733.jpg,Zhang16 Pretrained,14.413681974741245,0.5650272887106814,0.4650222361087799,0.3169896602630615
000000580610.jpg,Zhang16 Pretrained,15.90180219513533,0.645635217074988,0.42540061473846436,0.17238426208496094
000000581265.jpg,Zhang16 Pretrained,21.64495901772574,0.889857001854686,0.2780231237411499,0.22889018058776855
000000581342.jpg,Zhang16 Pretrained,16.18604422651645,0.5118040878984718,0.46273544430732727,0.2662355899810791
000000000311.jpg,Zhang16 Fine-tuned (Ours),21.28117483309483,0.923635069291449,0.19335947930812836,2.855952739715576
000000002380.jpg,Zhang16 Fine-tuned (Ours),24.3236751388911,0.9307080288858183,0.12493494153022766,0.22530865669250488
000000002418.jpg,Zhang16 Fine-tuned (Ours),21.586085294471616,0.8774396241172632,0.38078150153160095,0.1985330581665039
000000002427.jpg,Zhang16 Fine-tuned (Ours),22.710990578043187,0.9356639497999337,0.17716455459594727,0.1672651767730713
000000002439.jpg,Zhang16 Fine-tuned (Ours),20.6021664833729,0.8946657536159265,0.25494951009750366,0.16320419311523438
000000002797.jpg,Zhang16 Fine-tuned (Ours),27.83056679404902,0.9756250173606129,0.1189659982919693,0.14763498306274414
000000002925.jpg,Zhang16 Fine-tuned (Ours),18.426151419063665,0.724450166660263,0.28728389739990234,0.18012738227844238
000000003384.jpg,Zhang16 Fine-tuned (Ours),12.187646667706012,0.8560491989891488,0.49812638759613037,0.1855168342590332
000000003748.jpg,Zhang16 Fine-tuned (Ours),20.980829909060404,0.8700143823124352,0.15520304441452026,0.10357928276062012
000000004649.jpg,Zhang16 Fine-tuned (Ours),24.230731664793872,0.964199406261025,0.09357784688472748,0.17041873931884766
000000005401.jpg,Zhang16 Fine-tuned (Ours),21.999567870448242,0.8898375764046583,0.1582140475511551,0.17966580390930176
000000005578.jpg,Zhang16 Fine-tuned (Ours),25.07442646771393,0.9799656930971619,0.15522512793540955,0.16795921325683594
000000005976.jpg,Zhang16 Fine-tuned (Ours),19.97375998670161,0.8827499136514451,0.25498950481414795,0.18775367736816406
000000007543.jpg,Zhang16 Fine-tuned (Ours),17.356633178832904,0.8948131610194654,0.28067052364349365,0.12003207206726074
000000007843.jpg,Zhang16 Fine-tuned (Ours),28.62367504441581,0.9682345524446053,0.1772955358028412,0.19183135032653809
000000008258.jpg,Zhang16 Fine-tuned (Ours),22.98260479796862,0.9399636438770456,0.18350176513195038,0.180436372756958
000000008609.jpg,Zhang16 Fine-tuned (Ours),21.510664051030787,0.9464733652023815,0.17635156214237213,0.19481897354125977
000000009264.jpg,Zhang16 Fine-tuned (Ours),16.648467397025534,0.8210735409327823,0.3031054139137268,0.1255643367767334
000000009703.jpg,Zhang16 Fine-tuned (Ours),27.62741933085256,0.9795890743199965,0.14451168477535248,0.12082529067993164
000000011379.jpg,Zhang16 Fine-tuned (Ours),30.591718765756475,0.9848566857925275,0.07530689984560013,0.10781502723693848
000000011413.jpg,Zhang16 Fine-tuned (Ours),24.77546546075804,0.95014182224388,0.15592877566814423,0.18930792808532715
000000011958.jpg,Zhang16 Fine-tuned (Ours),26.149402534043844,0.9316546850640718,0.14836683869361877,0.18021845817565918
000000013207.jpg,Zhang16 Fine-tuned (Ours),20.869206797078583,0.9305433246060173,0.27975133061408997,0.17913436889648438
000000014119.jpg,Zhang16 Fine-tuned (Ours),20.309278450452297,0.9070293355942817,0.18432685732841492,0.18866896629333496
000000014224.jpg,Zhang16 Fine-tuned (Ours),21.635010926456264,0.9078234648909387,0.18677952885627747,0.1918959617614746
000000014408.jpg,Zhang16 Fine-tuned (Ours),24.39280928492633,0.9575255140478877,0.2799866497516632,0.18526482582092285
000000014550.jpg,Zhang16 Fine-tuned (Ours),25.75888547046184,0.9506474580081851,0.15594951808452606,0.11426544189453125
000000015088.jpg,Zhang16 Fine-tuned (Ours),21.7904177744837,0.7930582596475864,0.23073823750019073,0.16408276557922363
000000015568.jpg,Zhang16 Fine-tuned (Ours),21.94690637378532,0.9262114664078855,0.16846510767936707,0.1805860996246338
000000015602.jpg,Zhang16 Fine-tuned (Ours),27.791575143797054,0.8588531098256906,0.09300529956817627,0.1266324520111084
000000016833.jpg,Zhang16 Fine-tuned (Ours),24.05144577870186,0.9207659139084455,0.15100747346878052,0.1627650260925293
000000017568.jpg,Zhang16 Fine-tuned (Ours),29.33194699595972,0.9721151084296061,0.12426552921533585,0.14469671249389648
000000017974.jpg,Zhang16 Fine-tuned (Ours),31.518530162363632,0.9797317370482165,0.05599411576986313,0.11635851860046387
000000019204.jpg,Zhang16 Fine-tuned (Ours),15.540256275861523,0.7762850816757999,0.366102010011673,0.16417288780212402
000000019648.jpg,Zhang16 Fine-tuned (Ours),23.72099686826081,0.9491150093137478,0.19996286928653717,0.15601634979248047
000000020048.jpg,Zhang16 Fine-tuned (Ours),22.61748971824192,0.9326871276138835,0.14744305610656738,0.15514588356018066
000000021557.jpg,Zhang16 Fine-tuned (Ours),23.948761148171247,0.9590991944010862,0.16000743210315704,0.12669610977172852
000000022445.jpg,Zhang16 Fine-tuned (Ours),25.63792675001296,0.9205515449127938,0.16697794198989868,0.16947174072265625
000000023533.jpg,Zhang16 Fine-tuned (Ours),23.62567251430523,0.9463338054855802,0.20069262385368347,0.20440149307250977
000000024930.jpg,Zhang16 Fine-tuned (Ours),25.076824391693332,0.9573128669773835,0.17112749814987183,0.18719267845153809
000000025064.jpg,Zhang16 Fine-tuned (Ours),24.218795846119065,0.9559622166298687,0.12397382408380508,0.1706099510192871
000000025092.jpg,Zhang16 Fine-tuned (Ours),16.184656335738307,0.8532455861805088,0.27569779753685,0.17470073699951172
000000025164.jpg,Zhang16 Fine-tuned (Ours),23.95219646497061,0.958185370846662,0.1286071240901947,0.1428070068359375
000000025330.jpg,Zhang16 Fine-tuned (Ours),20.91726459855596,0.9161839958562493,0.23469582200050354,0.16734552383422852
000000025893.jpg,Zhang16 Fine-tuned (Ours),23.376068206939888,0.9280502043976501,0.1677279770374298,0.12540555000305176
000000026649.jpg,Zhang16 Fine-tuned (Ours),17.89755049425669,0.768513140639482,0.4698922336101532,0.12955665588378906
000000026770.jpg,Zhang16 Fine-tuned (Ours),14.109659212822208,0.8055961843866778,0.3612223267555237,0.1793229579925537
000000027034.jpg,Zhang16 Fine-tuned (Ours),25.88058584765531,0.9711213316817809,0.11621671915054321,0.17240619659423828
000000028203.jpg,Zhang16 Fine-tuned (Ours),32.687117453626854,0.9754558568870824,0.05389420688152313,0.16881370544433594
000000028500.jpg,Zhang16 Fine-tuned (Ours),22.578880902937435,0.92886447209482,0.24002675712108612,0.1860213279724121
000000028709.jpg,Zhang16 Fine-tuned (Ours),21.463911874985108,0.9142527696195643,0.2213888317346573,0.18476510047912598
000000028753.jpg,Zhang16 Fine-tuned (Ours),27.24843552837069,0.9927748679677091,0.04292422905564308,0.1620340347290039
000000030101.jpg,Zhang16 Fine-tuned (Ours),22.975679704338972,0.929167731603869,0.18514661490917206,0.16199421882629395
000000030584.jpg,Zhang16 Fine-tuned (Ours),26.742348883853584,0.9297830578874953,0.2358437031507492,0.17917871475219727
000000030687.jpg,Zhang16 Fine-tuned (Ours),24.0869384414319,0.9409889794074644,0.16895993053913116,0.17957115173339844
000000031724.jpg,Zhang16 Fine-tuned (Ours),23.54203481845049,0.9500272389155651,0.1491624116897583,0.19129514694213867
000000032096.jpg,Zhang16 Fine-tuned (Ours),17.381531573971923,0.8887514387023104,0.33001938462257385,0.23384690284729004
000000032545.jpg,Zhang16 Fine-tuned (Ours),18.9797845624231,0.9146888300388083,0.192582368850708,0.1702861785888672
000000033060.jpg,Zhang16 Fine-tuned (Ours),23.377003670257505,0.899228082977889,0.18481355905532837,0.191633939743042
000000033986.jpg,Zhang16 Fine-tuned (Ours),26.789481652384648,0.827784845907163,0.24072805047035217,0.18877077102661133
000000034844.jpg,Zhang16 Fine-tuned (Ours),23.602555361103885,0.9226499952902677,0.1305980682373047,0.1543593406677246
000000035073.jpg,Zhang16 Fine-tuned (Ours),21.04498767640665,0.9381048724588045,0.1998865306377411,0.18739891052246094
000000036076.jpg,Zhang16 Fine-tuned (Ours),23.317781362685615,0.8010964423611427,0.28860005736351013,0.19300270080566406
000000036302.jpg,Zhang16 Fine-tuned (Ours),25.73680718873976,0.9341431334278822,0.15567393600940704,0.17508959770202637
000000036369.jpg,Zhang16 Fine-tuned (Ours),24.304427955837813,0.9728009253174913,0.19285747408866882,0.1258242130279541
000000036375.jpg,Zhang16 Fine-tuned (Ours),36.915637729780066,0.9988169540829012,0.010727543383836746,0.1637859344482422
000000037218.jpg,Zhang16 Fine-tuned (Ours),26.354037499062684,0.9306171973900224,0.13811931014060974,0.11803746223449707
000000037997.jpg,Zhang16 Fine-tuned (Ours),15.838504132115258,0.8596080526363195,0.2873084545135498,0.1913747787475586
000000038260.jpg,Zhang16 Fine-tuned (Ours),19.65704981699254,0.9429280681020437,0.1138232871890068,0.2216484546661377
000000038600.jpg,Zhang16 Fine-tuned (Ours),31.902431694457213,0.9881057132701326,0.07778792828321457,0.1727280616760254
000000038915.jpg,Zhang16 Fine-tuned (Ours),27.246251928147935,0.9635775788409426,0.21379727125167847,0.1938633918762207
000000039056.jpg,Zhang16 Fine-tuned (Ours),16.958077187637805,0.7350846420818132,0.3852919042110443,0.18873190879821777
000000039260.jpg,Zhang16 Fine-tuned (Ours),26.355888579107468,0.8998344908380452,0.10099856555461884,0.06996011734008789
000000042660.jpg,Zhang16 Fine-tuned (Ours),19.386291729397595,0.9267146567623095,0.3581432104110718,0.18480396270751953
000000043631.jpg,Zhang16 Fine-tuned (Ours),21.682657948855084,0.8967627126444896,0.26065871119499207,0.24541306495666504
000000044390.jpg,Zhang16 Fine-tuned (Ours),22.749441455011265,0.9827991932852833,0.13691987097263336,0.17071127891540527
000000044819.jpg,Zhang16 Fine-tuned (Ours),24.404916847425774,0.9654736550352734,0.12512806057929993,0.17924833297729492
000000045457.jpg,Zhang16 Fine-tuned (Ours),17.37841655084553,0.845055416245793,0.29422295093536377,0.1706404685974121
000000046158.jpg,Zhang16 Fine-tuned (Ours),29.898456697799368,0.9759137840306353,0.07732689380645752,0.12961721420288086
000000046527.jpg,Zhang16 Fine-tuned (Ours),30.899463733406446,0.863963554131943,0.17863395810127258,0.1669931411743164
000000046601.jpg,Zhang16 Fine-tuned (Ours),23.164493810610498,0.9318899752347587,0.15133526921272278,0.16073894500732422
000000046661.jpg,Zhang16 Fine-tuned (Ours),25.53027781449338,0.9300134039752925,0.16585353016853333,0.19018006324768066
000000046721.jpg,Zhang16 Fine-tuned (Ours),22.058934848141245,0.9145360414211811,0.19581454992294312,0.19203495979309082
000000048642.jpg,Zhang16 Fine-tuned (Ours),19.203512257257135,0.906041350106304,0.18991661071777344,0.1584482192993164
000000048693.jpg,Zhang16 Fine-tuned (Ours),19.871842102166443,0.9025784819016897,0.21307307481765747,0.1778430938720703
000000049067.jpg,Zhang16 Fine-tuned (Ours),21.262578054789824,0.745073657363923,0.3462432622909546,0.16804909706115723
000000049246.jpg,Zhang16 Fine-tuned (Ours),31.842412306903412,0.986585486670513,0.1092362254858017,0.19828414916992188
000000049305.jpg,Zhang16 Fine-tuned (Ours),23.607010627559927,0.9258728550836711,0.14454811811447144,0.2024216651916504
000000049410.jpg,Zhang16 Fine-tuned (Ours),22.527690425886377,0.9406490956052599,0.15007196366786957,0.18192434310913086
000000049919.jpg,Zhang16 Fine-tuned (Ours),22.108876185463288,0.9473140174947408,0.23416568338871002,0.18388676643371582
000000050630.jpg,Zhang16 Fine-tuned (Ours),25.456436219173746,0.9574151589950614,0.11960205435752869,0.18111586570739746
000000051867.jpg,Zhang16 Fine-tuned (Ours),25.252397684591102,0.9751776303839046,0.16489405930042267,0.17293882369995117
000000052483.jpg,Zhang16 Fine-tuned (Ours),29.244480808098764,0.9749690956796355,0.07207164913415909,0.17389631271362305
000000052520.jpg,Zhang16 Fine-tuned (Ours),16.378046398253336,0.8489675254938942,0.3628745377063751,0.1866438388824463
000000052587.jpg,Zhang16 Fine-tuned (Ours),25.89193880317275,0.9751157619956311,0.05615980923175812,0.16193413734436035
000000053857.jpg,Zhang16 Fine-tuned (Ours),26.02857452481329,0.9589705331251525,0.11732365936040878,0.17527484893798828
000000054070.jpg,Zhang16 Fine-tuned (Ours),16.05018077436927,0.8741355368495577,0.33303654193878174,0.19142484664916992
000000056220.jpg,Zhang16 Fine-tuned (Ours),19.44713804272213,0.9254740698914564,0.26619890332221985,0.22826099395751953
000000056757.jpg,Zhang16 Fine-tuned (Ours),26.453294579702327,0.9475966861784905,0.26732391119003296,0.16780757904052734
000000057079.jpg,Zhang16 Fine-tuned (Ours),27.807589226625836,0.8869343969189947,0.11261814832687378,0.12439560890197754
000000057549.jpg,Zhang16 Fine-tuned (Ours),19.756607078601817,0.9476607472908755,0.1954113394021988,0.20209741592407227
000000058620.jpg,Zhang16 Fine-tuned (Ours),26.201467683457867,0.9576182398067218,0.13127848505973816,0.19319963455200195
000000058932.jpg,Zhang16 Fine-tuned (Ours),23.546469616004234,0.8664974710082728,0.2605026662349701,0.21399879455566406
000000058983.jpg,Zhang16 Fine-tuned (Ours),24.118651834291803,0.9503693869493475,0.16934922337532043,0.1803593635559082
000000059942.jpg,Zhang16 Fine-tuned (Ours),25.50985134808364,0.9612003967769932,0.15761785209178925,0.1903245449066162
000000061055.jpg,Zhang16 Fine-tuned (Ours),22.70988580716739,0.9281082125011889,0.1476600170135498,0.13895058631896973
000000061691.jpg,Zhang16 Fine-tuned (Ours),26.647254032501294,0.9423144789300059,0.11117669194936752,0.2024848461151123
000000062335.jpg,Zhang16 Fine-tuned (Ours),22.092375466181014,0.9066855715053691,0.2693023681640625,0.20082688331604004
000000062728.jpg,Zhang16 Fine-tuned (Ours),19.26772503451368,0.9029830374553018,0.19759820401668549,0.1656970977783203
000000063840.jpg,Zhang16 Fine-tuned (Ours),25.821731623936934,0.9206271965036366,0.14127418398857117,0.22977590560913086
000000065576.jpg,Zhang16 Fine-tuned (Ours),28.171636882997415,0.9940538266028293,0.0797840803861618,0.2017536163330078
000000066102.jpg,Zhang16 Fine-tuned (Ours),30.759036865843086,0.9860094529358728,0.09197965264320374,0.17156028747558594
000000066590.jpg,Zhang16 Fine-tuned (Ours),23.88828569154031,0.9334344134381731,0.18365636467933655,0.19019627571105957
000000066724.jpg,Zhang16 Fine-tuned (Ours),25.595317824492227,0.9605143964540644,0.14848913252353668,0.17358088493347168
000000067250.jpg,Zhang16 Fine-tuned (Ours),23.39743586444751,0.965466367947076,0.173982635140419,0.22619318962097168
000000067343.jpg,Zhang16 Fine-tuned (Ours),27.01188759843936,0.9685650650160076,0.13839583098888397,0.17209267616271973
000000067579.jpg,Zhang16 Fine-tuned (Ours),15.595360036299233,0.7762219907058506,0.32786649465560913,0.13971233367919922
000000068216.jpg,Zhang16 Fine-tuned (Ours),23.204926881475426,0.7326967188172059,0.29843586683273315,0.16139888763427734
000000068371.jpg,Zhang16 Fine-tuned (Ours),25.052771044498915,0.9655477179571026,0.11799996346235275,0.2123725414276123
000000068806.jpg,Zhang16 Fine-tuned (Ours),23.67735222428614,0.9045744180357284,0.23935653269290924,0.22399115562438965
000000068846.jpg,Zhang16 Fine-tuned (Ours),27.824492511425372,0.9651405794101809,0.10260601341724396,0.17632174491882324
000000069237.jpg,Zhang16 Fine-tuned (Ours),23.551779532954605,0.9653494634021124,0.16881641745567322,0.1970052719116211
000000069430.jpg,Zhang16 Fine-tuned (Ours),23.735278559516765,0.969752337983644,0.13728216290473938,0.21549248695373535
000000069623.jpg,Zhang16 Fine-tuned (Ours),24.262927717188475,0.9641632014958731,0.14876511693000793,0.13327312469482422
000000069760.jpg,Zhang16 Fine-tuned (Ours),21.717739935109282,0.932842638191612,0.21178406476974487,0.1996772289276123
000000070098.jpg,Zhang16 Fine-tuned (Ours),21.351809639223784,0.8976059372624287,0.1870083212852478,0.18012499809265137
000000070274.jpg,Zhang16 Fine-tuned (Ours),24.878057625116558,0.9605583564493815,0.17144761979579926,0.19673371315002441
000000070419.jpg,Zhang16 Fine-tuned (Ours),26.91016287419423,0.957161826077971,0.16097189486026764,0.2006981372833252
000000070625.jpg,Zhang16 Fine-tuned (Ours),16.721540720998526,0.7333090700664905,0.3387742042541504,0.189894437789917
000000072087.jpg,Zhang16 Fine-tuned (Ours),12.657097008452958,0.7819804008879764,0.30408355593681335,0.18719768524169922
000000072464.jpg,Zhang16 Fine-tuned (Ours),24.01386827386302,0.9652905554717149,0.14205428957939148,0.1723487377166748
000000072665.jpg,Zhang16 Fine-tuned (Ours),22.295426290524585,0.9138772138162921,0.19785837829113007,0.1696181297302246
000000073103.jpg,Zhang16 Fine-tuned (Ours),14.501980301625562,0.9155418169638692,0.3625347912311554,0.2112138271331787
000000073817.jpg,Zhang16 Fine-tuned (Ours),20.177034773999736,0.9139253186539946,0.28006237745285034,0.11742925643920898
000000073886.jpg,Zhang16 Fine-tuned (Ours),16.46443110193154,0.8452222106406021,0.3605559170246124,0.23628997802734375
000000075086.jpg,Zhang16 Fine-tuned (Ours),25.795376000342742,0.9782990961294572,0.15662088990211487,0.23430824279785156
000000075889.jpg,Zhang16 Fine-tuned (Ours),20.585417276132524,0.9367592074001148,0.1696666032075882,0.12500572204589844
000000076774.jpg,Zhang16 Fine-tuned (Ours),31.571566722219956,0.9962097437510739,0.026461949571967125,0.16407370567321777
000000078408.jpg,Zhang16 Fine-tuned (Ours),21.39568799320063,0.9511737674785938,0.25134676694869995,0.2091965675354004
000000078568.jpg,Zhang16 Fine-tuned (Ours),19.06946721287969,0.8628210064370633,0.22799184918403625,0.2006397247314453
000000078734.jpg,Zhang16 Fine-tuned (Ours),18.92812430675637,0.9337871758143979,0.18303647637367249,0.1760239601135254
000000078931.jpg,Zhang16 Fine-tuned (Ours),25.0321522782772,0.9343237828435672,0.1558888703584671,0.20192551612854004
000000079050.jpg,Zhang16 Fine-tuned (Ours),23.948226175808642,0.9406385223964152,0.12835828959941864,0.19208264350891113
000000079246.jpg,Zhang16 Fine-tuned (Ours),27.799317830635758,0.7746213597308061,0.355787456035614,0.21277070045471191
000000080024.jpg,Zhang16 Fine-tuned (Ours),24.709073160247506,0.8037436317720843,0.317369669675827,0.2008967399597168
000000080499.jpg,Zhang16 Fine-tuned (Ours),25.486358222341607,0.8886770016040791,0.18515098094940186,0.12239837646484375
000000080607.jpg,Zhang16 Fine-tuned (Ours),22.06147093906141,0.9611972954372314,0.17934724688529968,0.1821424961090088
000000080799.jpg,Zhang16 Fine-tuned (Ours),26.13453942302354,0.9768802446751299,0.07663767039775848,0.1723191738128662
000000080986.jpg,Zhang16 Fine-tuned (Ours),21.980520194630913,0.9324073441674056,0.1758258044719696,0.22602057456970215
000000081007.jpg,Zhang16 Fine-tuned (Ours),27.24751814373156,0.9740134052612429,0.12503989040851593,0.22611331939697266
000000081986.jpg,Zhang16 Fine-tuned (Ours),18.961556347844848,0.9392754047032122,0.18280832469463348,0.19272303581237793
000000081992.jpg,Zhang16 Fine-tuned (Ours),26.76420802522778,0.8398164974684343,0.1554369330406189,0.1379711627960205
000000082265.jpg,Zhang16 Fine-tuned (Ours),13.950353590080946,0.8407471071523287,0.29844900965690613,0.12940216064453125
000000083366.jpg,Zhang16 Fine-tuned (Ours),23.18460986722689,0.9400200431876002,0.17655932903289795,0.1836075782775879
000000084112.jpg,Zhang16 Fine-tuned (Ours),23.04945760134816,0.9666104453270804,0.147116020321846,0.2176811695098877
000000084342.jpg,Zhang16 Fine-tuned (Ours),18.605236410217188,0.9097473908051589,0.25772517919540405,0.21817564964294434
000000084381.jpg,Zhang16 Fine-tuned (Ours),31.36447203099063,0.9701835719494567,0.11076600104570389,0.23868060111999512
000000086028.jpg,Zhang16 Fine-tuned (Ours),24.489981935582747,0.9433618116203828,0.18439066410064697,0.20764827728271484
000000086187.jpg,Zhang16 Fine-tuned (Ours),21.488078413191786,0.8399875090241457,0.31635046005249023,0.18618988990783691
000000087759.jpg,Zhang16 Fine-tuned (Ours),26.641545968283072,0.9147895015861506,0.1907658874988556,0.21484827995300293
000000087952.jpg,Zhang16 Fine-tuned (Ours),22.037206897095103,0.9138798708484641,0.21841108798980713,0.18286705017089844
000000088049.jpg,Zhang16 Fine-tuned (Ours),30.865827857347554,0.9786165631599698,0.10534121841192245,0.1919243335723877
000000088687.jpg,Zhang16 Fine-tuned (Ours),17.621956654798822,0.8939868814036999,0.3182944655418396,0.2587089538574219
000000089237.jpg,Zhang16 Fine-tuned (Ours),25.0619095332643,0.9716629420793407,0.12777405977249146,0.23039793968200684
000000089626.jpg,Zhang16 Fine-tuned (Ours),27.155343069169668,0.9782062772594524,0.12112201005220413,0.19981980323791504
000000090601.jpg,Zhang16 Fine-tuned (Ours),26.310955944851347,0.8735473586528943,0.1859779953956604,0.22792625427246094
000000090828.jpg,Zhang16 Fine-tuned (Ours),29.734927585652862,0.9817669545746014,0.0973404198884964,0.1886892318725586
000000090971.jpg,Zhang16 Fine-tuned (Ours),19.87139950310007,0.8699769915558638,0.31874048709869385,0.20471739768981934
000000092360.jpg,Zhang16 Fine-tuned (Ours),17.70475971135993,0.8033245189339125,0.30782249569892883,0.17079496383666992
000000092434.jpg,Zhang16 Fine-tuned (Ours),21.74385881491125,0.8916621297261864,0.24006232619285583,0.1928572654724121
000000092908.jpg,Zhang16 Fine-tuned (Ours),30.398417243234267,0.9837680537194043,0.16376620531082153,0.2183828353881836
000000093076.jpg,Zhang16 Fine-tuned (Ours),21.931213673386644,0.9171304461633212,0.18059754371643066,0.17422199249267578
000000095259.jpg,Zhang16 Fine-tuned (Ours),21.218988147656688,0.9470415752857422,0.23368626832962036,0.16641926765441895
000000096098.jpg,Zhang16 Fine-tuned (Ours),25.54877100420052,0.9620843683815252,0.15890072286128998,0.19301557540893555
000000096518.jpg,Zhang16 Fine-tuned (Ours),17.59486741048361,0.880181618605315,0.25294947624206543,0.16329598426818848
000000096584.jpg,Zhang16 Fine-tuned (Ours),29.940017862120317,0.9681652778927843,0.0879640057682991,0.17400741577148438
000000096605.jpg,Zhang16 Fine-tuned (Ours),23.62397495668098,0.9478812359014821,0.22240766882896423,0.17171287536621094
000000096846.jpg,Zhang16 Fine-tuned (Ours),23.312713043545564,0.9515829321564443,0.17283710837364197,0.18117308616638184
000000098657.jpg,Zhang16 Fine-tuned (Ours),24.423477536877538,0.935838213914221,0.14688852429389954,0.19603586196899414
000000098712.jpg,Zhang16 Fine-tuned (Ours),12.079034373797562,0.7116900508314998,0.3817497491836548,0.1770336627960205
000000098861.jpg,Zhang16 Fine-tuned (Ours),27.954381538042206,0.9500562960007236,0.12197276949882507,0.24661540985107422
000000099420.jpg,Zhang16 Fine-tuned (Ours),20.277370656066388,0.9297065747645483,0.28001391887664795,0.24564838409423828
000000099764.jpg,Zhang16 Fine-tuned (Ours),23.787327758354493,0.926840212190255,0.13395194709300995,0.1943962574005127
000000099889.jpg,Zhang16 Fine-tuned (Ours),23.213856571840164,0.9300295810467857,0.1631733626127243,0.25087451934814453
000000101119.jpg,Zhang16 Fine-tuned (Ours),23.900248828136675,0.935258239954304,0.14055900275707245,0.21976613998413086
000000102399.jpg,Zhang16 Fine-tuned (Ours),24.70244828343036,0.9326224573699057,0.15540611743927002,0.23931407928466797
000000102767.jpg,Zhang16 Fine-tuned (Ours),25.495854303063,0.9734780627742229,0.12984523177146912,0.21318864822387695
000000103350.jpg,Zhang16 Fine-tuned (Ours),27.799471126967155,0.9785645918328721,0.10777315497398376,0.20238065719604492
000000103391.jpg,Zhang16 Fine-tuned (Ours),20.69718059602341,0.8683680197686124,0.2087843269109726,0.19468212127685547
000000103451.jpg,Zhang16 Fine-tuned (Ours),13.781836412632313,0.8145512200518814,0.39745989441871643,0.2153770923614502
000000103721.jpg,Zhang16 Fine-tuned (Ours),22.018903364671672,0.845706001984579,0.218915656208992,0.15651392936706543
000000103777.jpg,Zhang16 Fine-tuned (Ours),24.715554149880422,0.9603778118437196,0.14834818243980408,0.17734146118164062
000000105054.jpg,Zhang16 Fine-tuned (Ours),7.738068834819086,0.4706986295569871,0.48987194895744324,0.12477946281433105
000000105130.jpg,Zhang16 Fine-tuned (Ours),26.184673411834012,0.9739978987085408,0.0802508294582367,0.18107867240905762
000000105400.jpg,Zhang16 Fine-tuned (Ours),25.427135809173684,0.9602516680802807,0.18311923742294312,0.18526577949523926
000000105654.jpg,Zhang16 Fine-tuned (Ours),21.081425624268476,0.935729136648834,0.2068430334329605,0.19618725776672363
000000105965.jpg,Zhang16 Fine-tuned (Ours),18.939495340433236,0.9071465278392004,0.26905348896980286,0.16865825653076172
000000107224.jpg,Zhang16 Fine-tuned (Ours),21.785279304719932,0.9172394128379913,0.20143160223960876,0.18169856071472168
000000107600.jpg,Zhang16 Fine-tuned (Ours),27.01930696480097,0.9725652512416622,0.127349853515625,0.10918903350830078
000000107717.jpg,Zhang16 Fine-tuned (Ours),25.444021504072374,0.9540556573654531,0.2341178059577942,0.21633338928222656
000000107916.jpg,Zhang16 Fine-tuned (Ours),20.119765928287613,0.849495966559243,0.2575438320636749,0.18649744987487793
000000108001.jpg,Zhang16 Fine-tuned (Ours),18.994749878538396,0.8656148715084653,0.26926153898239136,0.1216280460357666
000000108469.jpg,Zhang16 Fine-tuned (Ours),25.33499740919545,0.9713334711143702,0.09501665830612183,0.13450312614440918
000000111540.jpg,Zhang16 Fine-tuned (Ours),21.832237986082138,0.9191242814160195,0.3024274408817291,0.1936960220336914
000000111816.jpg,Zhang16 Fine-tuned (Ours),19.413663626228274,0.9544924615830722,0.22012969851493835,0.21814250946044922
000000111847.jpg,Zhang16 Fine-tuned (Ours),26.75356709177875,0.9681790791868009,0.11707855761051178,0.17889690399169922
000000111915.jpg,Zhang16 Fine-tuned (Ours),18.881408614673113,0.855664774843496,0.30989599227905273,0.14833760261535645
000000112067.jpg,Zhang16 Fine-tuned (Ours),30.628535790619654,0.9813338861053152,0.10372717678546906,0.19558310508728027
000000113538.jpg,Zhang16 Fine-tuned (Ours),25.51033727944405,0.9607571211010392,0.11630476266145706,0.1720881462097168
000000114991.jpg,Zhang16 Fine-tuned (Ours),23.7953030796174,0.9617146550260495,0.18869435787200928,0.16985058784484863
000000115628.jpg,Zhang16 Fine-tuned (Ours),17.445694464928042,0.8623576238675765,0.3208646774291992,0.20291900634765625
000000116400.jpg,Zhang16 Fine-tuned (Ours),16.734484995243008,0.9194702748243663,0.27675145864486694,0.16411805152893066
000000116547.jpg,Zhang16 Fine-tuned (Ours),20.799447029617966,0.9174378793476072,0.1950189620256424,0.1750936508178711
000000116704.jpg,Zhang16 Fine-tuned (Ours),22.125563491393677,0.9296979650963282,0.31599345803260803,0.2695131301879883
000000116795.jpg,Zhang16 Fine-tuned (Ours),21.9413490111568,0.9453031037505042,0.15771476924419403,0.17371010780334473
000000117516.jpg,Zhang16 Fine-tuned (Ours),23.068216746297225,0.7756412842558958,0.28086423873901367,0.19676423072814941
000000118491.jpg,Zhang16 Fine-tuned (Ours),15.569542541474998,0.7275965020297402,0.33921658992767334,0.1978473663330078
000000119193.jpg,Zhang16 Fine-tuned (Ours),19.930098802268063,0.897402900727867,0.24752187728881836,0.12953662872314453
000000121257.jpg,Zhang16 Fine-tuned (Ours),20.68836132136264,0.9486022472567143,0.1871240735054016,0.19365477561950684
000000123364.jpg,Zhang16 Fine-tuned (Ours),23.547151111580664,0.9349459112076522,0.1619599163532257,0.1880323886871338
000000125203.jpg,Zhang16 Fine-tuned (Ours),26.40921838353993,0.9461351398601704,0.10355336964130402,0.14510893821716309
000000125465.jpg,Zhang16 Fine-tuned (Ours),17.8957851258239,0.885432124614488,0.3012484312057495,0.15845417976379395
000000125604.jpg,Zhang16 Fine-tuned (Ours),23.319849986769412,0.8321766625678947,0.1747736781835556,0.16350364685058594
000000127771.jpg,Zhang16 Fine-tuned (Ours),24.076259673851045,0.9548479979630166,0.10708791762590408,0.20915699005126953
000000129360.jpg,Zhang16 Fine-tuned (Ours),21.759239256623797,0.9458640337353136,0.16329769790172577,0.22082066535949707
000000129714.jpg,Zhang16 Fine-tuned (Ours),20.682158447774974,0.8862079057520288,0.2118440866470337,0.20462632179260254
000000130669.jpg,Zhang16 Fine-tuned (Ours),26.09079227093812,0.8457224275235027,0.14507798850536346,0.1285107135772705
000000132364.jpg,Zhang16 Fine-tuned (Ours),22.8557440294286,0.9219761884692855,0.16313289105892181,0.22684288024902344
000000132545.jpg,Zhang16 Fine-tuned (Ours),31.428801032550847,0.9836813026070108,0.1382923722267151,0.19582390785217285
000000133947.jpg,Zhang16 Fine-tuned (Ours),20.405039593234328,0.8432894845775843,0.3840548098087311,0.21185612678527832
000000134275.jpg,Zhang16 Fine-tuned (Ours),24.650760042479654,0.953712475664485,0.2040787935256958,0.18662476539611816
000000134696.jpg,Zhang16 Fine-tuned (Ours),27.296177331627142,0.9904306954603412,0.06401875615119934,0.13677000999450684
000000135597.jpg,Zhang16 Fine-tuned (Ours),20.631642140425022,0.9200704160993305,0.19630764424800873,0.21121525764465332
000000135629.jpg,Zhang16 Fine-tuned (Ours),11.3589851386084,0.818592265428662,0.6374467015266418,0.20148539543151855
000000136090.jpg,Zhang16 Fine-tuned (Ours),20.96865401833348,0.9614100215224458,0.21431083977222443,0.11745023727416992
000000136545.jpg,Zhang16 Fine-tuned (Ours),24.55945335987711,0.9083870105335405,0.34124571084976196,0.2349541187286377
000000136759.jpg,Zhang16 Fine-tuned (Ours),21.971025832436524,0.9123727364362049,0.21591904759407043,0.17909932136535645
000000137086.jpg,Zhang16 Fine-tuned (Ours),17.477496795635126,0.945785554630556,0.22871629893779755,0.21115541458129883
000000137565.jpg,Zhang16 Fine-tuned (Ours),26.41249881975976,0.9701984033411536,0.12727761268615723,0.18387627601623535
000000137840.jpg,Zhang16 Fine-tuned (Ours),23.14309419645019,0.74273256094865,0.26635318994522095,0.18989968299865723
000000138012.jpg,Zhang16 Fine-tuned (Ours),24.669138678596262,0.961300282316717,0.19979265332221985,0.17750906944274902
000000138178.jpg,Zhang16 Fine-tuned (Ours),22.55223917630171,0.9377843057295357,0.20796892046928406,0.2017672061920166
000000139084.jpg,Zhang16 Fine-tuned (Ours),26.604592045138446,0.9335518821073708,0.11333412677049637,0.17798542976379395
000000139498.jpg,Zhang16 Fine-tuned (Ours),18.799931298975316,0.8846336621986103,0.21610145270824432,0.19910192489624023
000000139713.jpg,Zhang16 Fine-tuned (Ours),16.169749333661226,0.8084745205205213,0.3196146786212921,0.16572093963623047
000000140023.jpg,Zhang16 Fine-tuned (Ours),21.425613630829993,0.8754102988071214,0.18497240543365479,0.17046904563903809
000000140357.jpg,Zhang16 Fine-tuned (Ours),25.256553576233976,0.966125244426333,0.15871259570121765,0.08582305908203125
000000140894.jpg,Zhang16 Fine-tuned (Ours),22.782232683183416,0.9386976995350361,0.16447558999061584,0.12389659881591797
000000141550.jpg,Zhang16 Fine-tuned (Ours),24.59443657145328,0.9665463988596669,0.19069385528564453,0.17662358283996582
000000141551.jpg,Zhang16 Fine-tuned (Ours),25.772713348141828,0.9674419089031782,0.15063253045082092,0.19636940956115723
000000142594.jpg,Zhang16 Fine-tuned (Ours),25.563023705915384,0.8625228572232847,0.17738035321235657,0.17110061645507812
000000143278.jpg,Zhang16 Fine-tuned (Ours),21.68259120301711,0.9452584971462009,0.18568922579288483,0.21355247497558594
000000144387.jpg,Zhang16 Fine-tuned (Ours),28.174036808391946,0.9752125964222255,0.10720527917146683,0.1863243579864502
000000144636.jpg,Zhang16 Fine-tuned (Ours),24.69633672052821,0.9467853832412055,0.13525676727294922,0.18739891052246094
000000144751.jpg,Zhang16 Fine-tuned (Ours),11.173777817011638,0.7429004095707356,0.3308630585670471,0.19399595260620117
000000144943.jpg,Zhang16 Fine-tuned (Ours),23.63929593562488,0.9592930864504088,0.24261561036109924,0.17087984085083008
000000146180.jpg,Zhang16 Fine-tuned (Ours),12.912799152219181,0.7965214537645693,0.4177643656730652,0.19526982307434082
000000146265.jpg,Zhang16 Fine-tuned (Ours),20.883642245531917,0.8416875927537805,0.21546140313148499,0.1885514259338379
000000146298.jpg,Zhang16 Fine-tuned (Ours),19.559311885015873,0.9408296281368412,0.2988780736923218,0.17116618156433105
000000146906.jpg,Zhang16 Fine-tuned (Ours),22.916941335864706,0.9470602515722112,0.1769225001335144,0.19403576850891113
000000147005.jpg,Zhang16 Fine-tuned (Ours),25.24290272147832,0.9532950970131898,0.11653988063335419,0.19046974182128906
000000147191.jpg,Zhang16 Fine-tuned (Ours),29.75654337040507,0.9659814747520868,0.10145590454339981,0.17683887481689453
000000147321.jpg,Zhang16 Fine-tuned (Ours),22.412460483572296,0.8980322030319442,0.2520712912082672,0.16783809661865234
000000147456.jpg,Zhang16 Fine-tuned (Ours),31.378760722671913,0.991019210539478,0.08060531318187714,0.16899776458740234
000000148220.jpg,Zhang16 Fine-tuned (Ours),23.217408682100633,0.9581894065951008,0.14182493090629578,0.23993539810180664
000000148367.jpg,Zhang16 Fine-tuned (Ours),22.156518223948396,0.9115454044797203,0.13822774589061737,0.1721022129058838
000000148388.jpg,Zhang16 Fine-tuned (Ours),25.140404153841143,0.9790899463615803,0.2079438865184784,0.21912527084350586
000000148535.jpg,Zhang16 Fine-tuned (Ours),29.317389757210876,0.9905341222499923,0.06345754116773605,0.19677424430847168
000000148681.jpg,Zhang16 Fine-tuned (Ours),21.35256340704405,0.8995805820378582,0.21179141104221344,0.20430254936218262
000000149491.jpg,Zhang16 Fine-tuned (Ours),20.9163057239723,0.9418606833277571,0.21775542199611664,0.16672348976135254
000000149848.jpg,Zhang16 Fine-tuned (Ours),25.01141279828239,0.9329355759210406,0.18797914683818817,0.20355653762817383
000000150167.jpg,Zhang16 Fine-tuned (Ours),24.369687358179437,0.9602609513977841,0.14120472967624664,0.20842361450195312
000000150389.jpg,Zhang16 Fine-tuned (Ours),16.242159862787346,0.8933201174991879,0.23558330535888672,0.13828468322753906
000000150856.jpg,Zhang16 Fine-tuned (Ours),17.80289000080817,0.8291478349642244,0.2697259783744812,0.1400594711303711
000000151504.jpg,Zhang16 Fine-tuned (Ours),22.471161193437894,0.9319129386310431,0.3087908923625946,0.20964908599853516
000000152445.jpg,Zhang16 Fine-tuned (Ours),26.652090219197476,0.9779848138394783,0.14696833491325378,0.1998283863067627
000000154115.jpg,Zhang16 Fine-tuned (Ours),24.15115675918318,0.9787361732329645,0.0969351977109909,0.17931437492370605
000000154655.jpg,Zhang16 Fine-tuned (Ours),20.320912280075305,0.8549076409443299,0.21865153312683105,0.2191934585571289
000000155600.jpg,Zhang16 Fine-tuned (Ours),16.674753716925682,0.7870427671335042,0.33812156319618225,0.19465041160583496
000000155619.jpg,Zhang16 Fine-tuned (Ours),20.219168090286303,0.9293776679306759,0.22796115279197693,0.10924053192138672
000000155837.jpg,Zhang16 Fine-tuned (Ours),30.209103930194242,0.9769079146804768,0.12086355686187744,0.19737529754638672
000000156742.jpg,Zhang16 Fine-tuned (Ours),29.582129081555948,0.9646427905130918,0.11895248293876648,0.17537403106689453
000000156965.jpg,Zhang16 Fine-tuned (Ours),27.60934114448048,0.9672081050214745,0.1552065759897232,0.1779797077178955
000000157443.jpg,Zhang16 Fine-tuned (Ours),26.232111128573678,0.94136662851678,0.11795590072870255,0.14515376091003418
000000157464.jpg,Zhang16 Fine-tuned (Ours),25.83464164698122,0.968741261211683,0.1400502622127533,0.1811983585357666
000000158131.jpg,Zhang16 Fine-tuned (Ours),21.765851815828018,0.7769874856939177,0.3553663492202759,0.207474946975708
000000158410.jpg,Zhang16 Fine-tuned (Ours),24.271291740488085,0.9594767625721449,0.15239213407039642,0.20151019096374512
000000159913.jpg,Zhang16 Fine-tuned (Ours),24.963350789800742,0.8976896815647651,0.21050399541854858,0.19074296951293945
000000160561.jpg,Zhang16 Fine-tuned (Ours),22.03399697854273,0.9068144880457999,0.23917779326438904,0.20495271682739258
000000160951.jpg,Zhang16 Fine-tuned (Ours),20.108350005795973,0.9097173692320609,0.3008078932762146,0.14966678619384766
000000161012.jpg,Zhang16 Fine-tuned (Ours),16.585332683319464,0.8097653153946299,0.28694120049476624,0.21649551391601562
000000161484.jpg,Zhang16 Fine-tuned (Ours),21.031706479059906,0.9520923061516271,0.13600271940231323,0.22740530967712402
000000162219.jpg,Zhang16 Fine-tuned (Ours),28.73094003528914,0.9686237573484274,0.13559238612651825,0.2799379825592041
000000162513.jpg,Zhang16 Fine-tuned (Ours),29.19686982100451,0.9747433765151151,0.08356808125972748,0.14746427536010742
000000163735.jpg,Zhang16 Fine-tuned (Ours),27.36564756376103,0.9751180655569224,0.09755194187164307,0.2144794464111328
000000164589.jpg,Zhang16 Fine-tuned (Ours),20.77532415023267,0.904507605702361,0.2599066495895386,0.2785980701446533
000000164896.jpg,Zhang16 Fine-tuned (Ours),19.70556087445906,0.8126401092300258,0.27404263615608215,0.20214223861694336
000000165846.jpg,Zhang16 Fine-tuned (Ours),23.873473117067512,0.9251442772145989,0.20708727836608887,0.1896975040435791
000000167158.jpg,Zhang16 Fine-tuned (Ours),18.57713531830401,0.8802144504232642,0.2692655324935913,0.21256422996520996
000000167258.jpg,Zhang16 Fine-tuned (Ours),21.902729679593488,0.8972705042398151,0.1715591698884964,0.20026445388793945
000000167924.jpg,Zhang16 Fine-tuned (Ours),19.48873571595229,0.9020532021900101,0.26670095324516296,0.21502137184143066
000000168177.jpg,Zhang16 Fine-tuned (Ours),25.93282021791852,0.9675498521524402,0.15199518203735352,0.21562838554382324
000000168280.jpg,Zhang16 Fine-tuned (Ours),15.62032288577827,0.8636713647143918,0.3190450072288513,0.17403507232666016
000000168641.jpg,Zhang16 Fine-tuned (Ours),19.424623070119644,0.9115103246403193,0.23668372631072998,0.2024824619293213
000000168986.jpg,Zhang16 Fine-tuned (Ours),25.87255059700646,0.9762909497585941,0.14862099289894104,0.26468467712402344
000000169551.jpg,Zhang16 Fine-tuned (Ours),23.2286896550587,0.9392430567949631,0.14739590883255005,0.13741374015808105
000000169707.jpg,Zhang16 Fine-tuned (Ours),34.636485396883515,0.9981283022565565,0.016010364517569542,0.19179821014404297
000000170397.jpg,Zhang16 Fine-tuned (Ours),26.76434674930473,0.9752724245767341,0.1200500950217247,0.14085793495178223
000000170598.jpg,Zhang16 Fine-tuned (Ours),22.428651075934592,0.9146235208059595,0.41309744119644165,0.19939804077148438
000000170894.jpg,Zhang16 Fine-tuned (Ours),26.135293348848357,0.9829735786678815,0.134573832154274,0.19833779335021973
000000171213.jpg,Zhang16 Fine-tuned (Ours),24.339477866492274,0.9600226078634265,0.15787151455879211,0.21801328659057617
000000172290.jpg,Zhang16 Fine-tuned (Ours),18.700216158145313,0.7076902405050899,0.22110740840435028,0.1858537197113037
000000172576.jpg,Zhang16 Fine-tuned (Ours),20.941512266111214,0.9436181895429975,0.1864202618598938,0.19834494590759277
000000172972.jpg,Zhang16 Fine-tuned (Ours),23.264042534265784,0.8995624377485001,0.2341790348291397,0.16026711463928223
000000174650.jpg,Zhang16 Fine-tuned (Ours),30.515696860774014,0.9925189461918983,0.039054565131664276,0.18917417526245117
000000175062.jpg,Zhang16 Fine-tuned (Ours),15.54170360960369,0.878560886182871,0.27865463495254517,0.21544861793518066
000000175888.jpg,Zhang16 Fine-tuned (Ours),24.43449696486514,0.9573836546183602,0.16781426966190338,0.1865835189819336
000000175895.jpg,Zhang16 Fine-tuned (Ours),23.048671380114115,0.9198318887684271,0.22340625524520874,0.20321393013000488
000000176703.jpg,Zhang16 Fine-tuned (Ours),22.336187564038767,0.8392124364462875,0.17965294420719147,0.17480754852294922
000000178730.jpg,Zhang16 Fine-tuned (Ours),26.544988204833537,0.9003871950875307,0.1754341423511505,0.19998741149902344
000000179023.jpg,Zhang16 Fine-tuned (Ours),41.83780111360739,0.998853503430143,0.0036345128901302814,0.19189119338989258
000000179262.jpg,Zhang16 Fine-tuned (Ours),17.075835839608487,0.8424472629533026,0.2522098124027252,0.2074742317199707
000000179872.jpg,Zhang16 Fine-tuned (Ours),21.160859416277155,0.9008619758546889,0.21704211831092834,0.2042863368988037
000000180500.jpg,Zhang16 Fine-tuned (Ours),16.640476713196616,0.8518832447979898,0.3352104425430298,0.12468385696411133
000000180598.jpg,Zhang16 Fine-tuned (Ours),22.47801646132405,0.9167449280712187,0.21553157269954681,0.20882439613342285
000000180707.jpg,Zhang16 Fine-tuned (Ours),25.18397619372073,0.939294397223534,0.3012840747833252,0.2161409854888916
000000180901.jpg,Zhang16 Fine-tuned (Ours),22.197951935747735,0.8726485170427366,0.17496302723884583,0.1028449535369873
000000181130.jpg,Zhang16 Fine-tuned (Ours),22.68649979383752,0.9414124902388643,0.21343764662742615,0.21887636184692383
000000182004.jpg,Zhang16 Fine-tuned (Ours),26.589977595083422,0.953726350219524,0.13939501345157623,0.2161717414855957
000000182982.jpg,Zhang16 Fine-tuned (Ours),21.983999513845124,0.9305815522513239,0.12681089341640472,0.12557268142700195
000000183609.jpg,Zhang16 Fine-tuned (Ours),26.810739959844234,0.9580695690812281,0.10769571363925934,0.16777634620666504
000000183951.jpg,Zhang16 Fine-tuned (Ours),33.499543197293235,0.9881800945319776,0.05087728053331375,0.18776607513427734
000000184380.jpg,Zhang16 Fine-tuned (Ours),20.84875005959201,0.9384048460051703,0.16150282323360443,0.21651005744934082
000000185728.jpg,Zhang16 Fine-tuned (Ours),17.3027897143475,0.8395543646985978,0.268732488155365,0.19528770446777344
000000186085.jpg,Zhang16 Fine-tuned (Ours),20.814021789443995,0.9426507160016748,0.18029601871967316,0.11784982681274414
000000186203.jpg,Zhang16 Fine-tuned (Ours),21.344658369721476,0.9179444627263286,0.2690499424934387,0.13258838653564453
000000187712.jpg,Zhang16 Fine-tuned (Ours),20.218915232277233,0.8831705897967229,0.22431114315986633,0.21391844749450684
000000188856.jpg,Zhang16 Fine-tuned (Ours),30.286843825699012,0.9866540819031276,0.0672832652926445,0.19153523445129395
000000188984.jpg,Zhang16 Fine-tuned (Ours),21.963506224696534,0.9177071014117022,0.16132766008377075,0.20194268226623535
000000189779.jpg,Zhang16 Fine-tuned (Ours),28.700893387150185,0.9640595411201721,0.12882284820079803,0.2435896396636963
000000189823.jpg,Zhang16 Fine-tuned (Ours),22.764864509005307,0.9510516600147437,0.10156264901161194,0.20456409454345703
000000189871.jpg,Zhang16 Fine-tuned (Ours),24.027854570126923,0.9542847975814431,0.1779964715242386,0.23090291023254395
000000189928.jpg,Zhang16 Fine-tuned (Ours),19.495326385077632,0.9011459482411954,0.23369833827018738,0.18245172500610352
000000190129.jpg,Zhang16 Fine-tuned (Ours),23.20396771253213,0.9519618489492645,0.1679532676935196,0.20823454856872559
000000190269.jpg,Zhang16 Fine-tuned (Ours),29.47061313742214,0.9876888125509046,0.09605873376131058,0.21218180656433105
000000190976.jpg,Zhang16 Fine-tuned (Ours),19.823748708100176,0.8217238814423914,0.21541419625282288,0.19507312774658203
000000192506.jpg,Zhang16 Fine-tuned (Ours),16.700200042641832,0.9078180188123097,0.18210698664188385,0.19420218467712402
000000193581.jpg,Zhang16 Fine-tuned (Ours),20.785164975223452,0.8586226235713141,0.20008596777915955,0.13544988632202148
000000194821.jpg,Zhang16 Fine-tuned (Ours),23.923719444579138,0.9024442943237577,0.17070618271827698,0.202545166015625
000000195236.jpg,Zhang16 Fine-tuned (Ours),19.189036784445975,0.9225938892628398,0.25484487414360046,0.17529964447021484
000000195407.jpg,Zhang16 Fine-tuned (Ours),21.222829232096935,0.9457206676727181,0.1677875965833664,0.09321188926696777
000000196392.jpg,Zhang16 Fine-tuned (Ours),26.65967536232668,0.9654882890182552,0.11171923577785492,0.20475363731384277
000000196412.jpg,Zhang16 Fine-tuned (Ours),25.464488689026354,0.9550241306973591,0.12713009119033813,0.19243121147155762
000000197468.jpg,Zhang16 Fine-tuned (Ours),16.48495383948986,0.9198441180414108,0.29225167632102966,0.1863563060760498
000000198231.jpg,Zhang16 Fine-tuned (Ours),23.708921154603345,0.9164571548621371,0.14488498866558075,0.17079544067382812
000000198380.jpg,Zhang16 Fine-tuned (Ours),20.468247256520556,0.9146745173497225,0.21182435750961304,0.19580888748168945
000000198554.jpg,Zhang16 Fine-tuned (Ours),28.951750116406103,0.9699616224493015,0.13148412108421326,0.20520901679992676
000000198954.jpg,Zhang16 Fine-tuned (Ours),23.947044232888764,0.9199562432320457,0.1379629522562027,0.20157742500305176
000000199414.jpg,Zhang16 Fine-tuned (Ours),26.231418461821537,0.9543072553296503,0.11802683770656586,0.2067098617553711
000000199684.jpg,Zhang16 Fine-tuned (Ours),26.454321435196473,0.9510931045163346,0.16096490621566772,0.1648561954498291
000000199998.jpg,Zhang16 Fine-tuned (Ours),23.373636641444545,0.9481098387402055,0.1912446767091751,0.17500543594360352
000000201315.jpg,Zhang16 Fine-tuned (Ours),31.543961101085095,0.978134483874149,0.08597242832183838,0.19926691055297852
000000201522.jpg,Zhang16 Fine-tuned (Ours),24.235080828887966,0.9567394927574314,0.15017442405223846,0.19096016883850098
000000201619.jpg,Zhang16 Fine-tuned (Ours),23.19781015779092,0.9252526687178292,0.1640045940876007,0.18567323684692383
000000205326.jpg,Zhang16 Fine-tuned (Ours),23.5680142189225,0.9642389649091796,0.17585060000419617,0.1983628273010254
000000205910.jpg,Zhang16 Fine-tuned (Ours),21.090704629166144,0.9221200035222535,0.2663963735103607,0.19652080535888672
000000206010.jpg,Zhang16 Fine-tuned (Ours),34.292201168343645,0.9966411733973469,0.027497075498104095,0.1483471393585205
000000206287.jpg,Zhang16 Fine-tuned (Ours),22.106427442767625,0.8845903727642342,0.25980573892593384,0.1901710033416748
000000206507.jpg,Zhang16 Fine-tuned (Ours),22.8544518790633,0.8994934570360907,0.18707039952278137,0.2098252773284912
000000206608.jpg,Zhang16 Fine-tuned (Ours),23.719201486150403,0.9597551304357216,0.15089090168476105,0.14571905136108398
000000206970.jpg,Zhang16 Fine-tuned (Ours),28.833388500605782,0.9595217883470398,0.11274212598800659,0.18163490295410156
000000210349.jpg,Zhang16 Fine-tuned (Ours),21.95533568835868,0.9279717575115612,0.13313663005828857,0.11024355888366699
000000210911.jpg,Zhang16 Fine-tuned (Ours),19.202056493559702,0.8746457241555082,0.2188674360513687,0.16884136199951172
000000211459.jpg,Zhang16 Fine-tuned (Ours),18.16704108098172,0.8654675380262561,0.2988917827606201,0.18636679649353027
000000213425.jpg,Zhang16 Fine-tuned (Ours),24.93895499805464,0.9585216046178132,0.14412768185138702,0.2103283405303955
000000213467.jpg,Zhang16 Fine-tuned (Ours),21.983060825849925,0.9351068560242531,0.218012273311615,0.24563050270080566
000000213900.jpg,Zhang16 Fine-tuned (Ours),22.716455081107124,0.9427852866331135,0.2371118813753128,0.19464492797851562
000000213994.jpg,Zhang16 Fine-tuned (Ours),23.071415075843767,0.9432381957843342,0.18503575026988983,0.23128366470336914
000000214019.jpg,Zhang16 Fine-tuned (Ours),35.005260944791466,0.9913834172126151,0.026685306802392006,0.1882615089416504
000000214410.jpg,Zhang16 Fine-tuned (Ours),30.47619419489445,0.9637787619878865,0.1324765384197235,0.18120551109313965
000000215008.jpg,Zhang16 Fine-tuned (Ours),14.608684842514947,0.9085007700939535,0.34950903058052063,0.1886448860168457
000000215059.jpg,Zhang16 Fine-tuned (Ours),29.511709157552403,0.9639422920984115,0.07614423334598541,0.18836760520935059
000000215294.jpg,Zhang16 Fine-tuned (Ours),16.086526964558967,0.8874755901091004,0.3186289370059967,0.13826823234558105
000000215822.jpg,Zhang16 Fine-tuned (Ours),28.24586978079932,0.9489172764094883,0.14647382497787476,0.18760347366333008
000000216139.jpg,Zhang16 Fine-tuned (Ours),25.968712514450047,0.9460345838970258,0.17379511892795563,0.1941821575164795
000000216318.jpg,Zhang16 Fine-tuned (Ours),10.37690277295713,0.7483167536081812,0.348569393157959,0.19597697257995605
000000216423.jpg,Zhang16 Fine-tuned (Ours),22.915335078615314,0.9621931284403146,0.16693300008773804,0.17474007606506348
000000216533.jpg,Zhang16 Fine-tuned (Ours),19.973996048632575,0.8961375383916085,0.24169740080833435,0.14147543907165527
000000216821.jpg,Zhang16 Fine-tuned (Ours),23.70870448196751,0.9667860697089162,0.11233454942703247,0.1815493106842041
000000216836.jpg,Zhang16 Fine-tuned (Ours),18.08965012119668,0.8689754182120178,0.18507792055606842,0.15306687355041504
000000217999.jpg,Zhang16 Fine-tuned (Ours),27.936623188556634,0.9750247385082877,0.10765539109706879,0.11885595321655273
000000218753.jpg,Zhang16 Fine-tuned (Ours),23.2896998419473,0.928837512594253,0.3003348410129547,0.2100207805633545
000000219054.jpg,Zhang16 Fine-tuned (Ours),21.242685499695707,0.9511098743410412,0.14723815023899078,0.16983246803283691
000000220985.jpg,Zhang16 Fine-tuned (Ours),29.578746573704823,0.9823520738310697,0.08647496998310089,0.17472553253173828
000000221783.jpg,Zhang16 Fine-tuned (Ours),24.6120606816539,0.915056156321629,0.19502291083335876,0.18573403358459473
000000222124.jpg,Zhang16 Fine-tuned (Ours),17.97803320987214,0.7800353872069928,0.3562304675579071,0.11108589172363281
000000224084.jpg,Zhang16 Fine-tuned (Ours),16.728121587683596,0.8320764087805945,0.30928361415863037,0.1910231113433838
000000224261.jpg,Zhang16 Fine-tuned (Ours),14.259516192588617,0.7109615868883341,0.3256666660308838,0.1296250820159912
000000224338.jpg,Zhang16 Fine-tuned (Ours),23.21637344834012,0.9297107774541061,0.19618883728981018,0.12244844436645508
000000224360.jpg,Zhang16 Fine-tuned (Ours),20.79571289416371,0.9094926377931606,0.18340343236923218,0.16153740882873535
000000225114.jpg,Zhang16 Fine-tuned (Ours),22.093287887277107,0.9463850858840607,0.2707163691520691,0.21896934509277344
000000228116.jpg,Zhang16 Fine-tuned (Ours),22.663065742611337,0.9331000798123475,0.10466718673706055,0.18794941902160645
000000231699.jpg,Zhang16 Fine-tuned (Ours),26.780092857210697,0.948679920921883,0.13043846189975739,0.17939472198486328
000000232798.jpg,Zhang16 Fine-tuned (Ours),24.07013629565972,0.9627780361647539,0.23309050500392914,0.19594335556030273
000000233333.jpg,Zhang16 Fine-tuned (Ours),21.473239829933007,0.9216652404450972,0.2776026725769043,0.3125030994415283
000000233659.jpg,Zhang16 Fine-tuned (Ours),28.43258058971506,0.9875704108671813,0.08429265022277832,0.17772889137268066
000000233695.jpg,Zhang16 Fine-tuned (Ours),26.50851406217686,0.9640674444470143,0.11593516916036606,0.19847750663757324
000000233725.jpg,Zhang16 Fine-tuned (Ours),22.564867648463583,0.956451139536667,0.2053891122341156,0.13358759880065918
000000234411.jpg,Zhang16 Fine-tuned (Ours),25.572350386988685,0.9624053626593181,0.13899822533130646,0.2013535499572754
000000234909.jpg,Zhang16 Fine-tuned (Ours),23.68930622088778,0.9242518340819461,0.14862747490406036,0.12453699111938477
000000235859.jpg,Zhang16 Fine-tuned (Ours),17.737026536213957,0.921677306833934,0.17812684178352356,0.11404132843017578
000000236112.jpg,Zhang16 Fine-tuned (Ours),22.936177528556584,0.912761092931905,0.22666309773921967,0.18578028678894043
000000236286.jpg,Zhang16 Fine-tuned (Ours),27.9548313719652,0.9662641849424228,0.11815964430570602,0.18101882934570312
000000236707.jpg,Zhang16 Fine-tuned (Ours),19.546087919709098,0.8070365309664919,0.30532678961753845,0.03394722938537598
000000236900.jpg,Zhang16 Fine-tuned (Ours),25.701290332273633,0.9332410620200374,0.16399285197257996,0.18428325653076172
000000238754.jpg,Zhang16 Fine-tuned (Ours),25.78495862249795,0.9520798334682188,0.1081477701663971,0.20659685134887695
000000240050.jpg,Zhang16 Fine-tuned (Ours),18.04864878782134,0.8754916692586633,0.29359474778175354,0.09306550025939941
000000240366.jpg,Zhang16 Fine-tuned (Ours),25.174260612219687,0.9760983557219598,0.1265845149755478,0.1736927032470703
000000240724.jpg,Zhang16 Fine-tuned (Ours),21.2177149776534,0.9382226873563613,0.17707416415214539,0.19659996032714844
000000241686.jpg,Zhang16 Fine-tuned (Ours),25.741849315437932,0.9024822228552264,0.19537140429019928,0.18789076805114746
000000241788.jpg,Zhang16 Fine-tuned (Ours),24.604332019431887,0.9586207884525785,0.14806155860424042,0.1912534236907959
000000242023.jpg,Zhang16 Fine-tuned (Ours),26.310477977374866,0.9672631315110017,0.13810063898563385,0.1705033779144287
000000243546.jpg,Zhang16 Fine-tuned (Ours),19.415340809506866,0.8738379135996581,0.31095510721206665,0.20278573036193848
000000243943.jpg,Zhang16 Fine-tuned (Ours),26.635608215534052,0.9653958115005582,0.11743539571762085,0.18650484085083008
000000244029.jpg,Zhang16 Fine-tuned (Ours),18.976649516800215,0.8129899426985765,0.19437387585639954,0.092010498046875
000000244192.jpg,Zhang16 Fine-tuned (Ours),22.103577538629438,0.9135095766765993,0.3095894455909729,0.17954182624816895
000000244773.jpg,Zhang16 Fine-tuned (Ours),22.586190804210716,0.9055946466200804,0.16268981993198395,0.06578350067138672
000000245636.jpg,Zhang16 Fine-tuned (Ours),23.219137171261398,0.9492653170408074,0.14020904898643494,0.18548822402954102
000000249468.jpg,Zhang16 Fine-tuned (Ours),19.061721310068368,0.9008815203101738,0.2584148049354553,0.10671210289001465
000000250098.jpg,Zhang16 Fine-tuned (Ours),24.499875165627515,0.958146068127827,0.14182986319065094,0.1407465934753418
000000251020.jpg,Zhang16 Fine-tuned (Ours),20.237375782759983,0.9097521213916534,0.24931594729423523,0.19418907165527344
000000251099.jpg,Zhang16 Fine-tuned (Ours),26.183625806063255,0.883742845383626,0.20375192165374756,0.11624860763549805
000000251176.jpg,Zhang16 Fine-tuned (Ours),30.148954122514724,0.9739372345135612,0.07246115803718567,0.1622152328491211
000000251649.jpg,Zhang16 Fine-tuned (Ours),26.692931461653224,0.9709251497470719,0.11017292737960815,0.1763744354248047
000000252657.jpg,Zhang16 Fine-tuned (Ours),26.498867900221022,0.8716263019099819,0.2934892177581787,0.22074174880981445
000000253623.jpg,Zhang16 Fine-tuned (Ours),18.89308996066899,0.8014249905609607,0.22345289587974548,0.11753964424133301
000000253720.jpg,Zhang16 Fine-tuned (Ours),22.08271938755006,0.9325972700733612,0.14792031049728394,0.16675090789794922
000000254776.jpg,Zhang16 Fine-tuned (Ours),17.86863476770607,0.846806334735395,0.37283560633659363,0.20405936241149902
000000255025.jpg,Zhang16 Fine-tuned (Ours),30.459006077538522,0.9658815492371744,0.0727657824754715,0.1706535816192627
000000256185.jpg,Zhang16 Fine-tuned (Ours),22.117634699271306,0.9374067353717755,0.1649688482284546,0.21467876434326172
000000256694.jpg,Zhang16 Fine-tuned (Ours),25.07759147141492,0.9689064382182865,0.15201111137866974,0.21155571937561035
000000256729.jpg,Zhang16 Fine-tuned (Ours),16.594128244670337,0.9051240480118178,0.25661128759384155,0.12909269332885742
000000257222.jpg,Zhang16 Fine-tuned (Ours),21.820548723580583,0.9431855229294772,0.20384135842323303,0.1627490520477295
000000258172.jpg,Zhang16 Fine-tuned (Ours),21.297394154747554,0.946851472969275,0.1915053278207779,0.201829195022583
000000259564.jpg,Zhang16 Fine-tuned (Ours),24.609039018938006,0.9558082740669738,0.19096200168132782,0.20378828048706055
000000259818.jpg,Zhang16 Fine-tuned (Ours),23.876699768566052,0.936247357850173,0.1859302520751953,0.1479175090789795
000000259950.jpg,Zhang16 Fine-tuned (Ours),24.040032596814008,0.9313100759981424,0.15568096935749054,0.13389921188354492
000000260574.jpg,Zhang16 Fine-tuned (Ours),26.699321784584605,0.9707324408947992,0.08744651079177856,0.15683531761169434
000000260734.jpg,Zhang16 Fine-tuned (Ours),20.22042112803923,0.9074862824875914,0.22765330970287323,0.18650531768798828
000000260985.jpg,Zhang16 Fine-tuned (Ours),21.02466231123005,0.8665129108160615,0.3169141411781311,0.18408823013305664
000000262062.jpg,Zhang16 Fine-tuned (Ours),23.98059385865066,0.9576585060491012,0.1666790246963501,0.21625280380249023
000000262380.jpg,Zhang16 Fine-tuned (Ours),21.408879253303862,0.9667625307092083,0.14736008644104004,0.1343369483947754
000000262593.jpg,Zhang16 Fine-tuned (Ours),23.535319084388078,0.9465727555351581,0.200968936085701,0.19363737106323242
000000263139.jpg,Zhang16 Fine-tuned (Ours),19.42530296812969,0.9658681673243369,0.16124100983142853,0.21009349822998047
000000263368.jpg,Zhang16 Fine-tuned (Ours),29.75955529945853,0.9690708366947741,0.12677186727523804,0.17914438247680664
000000264107.jpg,Zhang16 Fine-tuned (Ours),21.611357143473185,0.9479738861373052,0.14425137639045715,0.2923862934112549
000000264453.jpg,Zhang16 Fine-tuned (Ours),22.60464365738879,0.9661143441609225,0.10895334184169769,0.19803714752197266
000000265205.jpg,Zhang16 Fine-tuned (Ours),29.206446904503153,0.9234264023054415,0.164576917886734,0.2099299430847168
000000265413.jpg,Zhang16 Fine-tuned (Ours),20.73899118822887,0.8889896776864371,0.1493656039237976,0.22352385520935059
000000265496.jpg,Zhang16 Fine-tuned (Ours),20.8873881964842,0.8852565772987742,0.18196940422058105,0.21740293502807617
000000266085.jpg,Zhang16 Fine-tuned (Ours),24.542687192819116,0.9572967767827073,0.147018700838089,0.18260979652404785
000000266457.jpg,Zhang16 Fine-tuned (Ours),22.623543374260567,0.9453534839121503,0.12935490906238556,0.20809292793273926
000000266731.jpg,Zhang16 Fine-tuned (Ours),18.829687597036127,0.8312572135513728,0.24658305943012238,0.17292571067810059
000000267368.jpg,Zhang16 Fine-tuned (Ours),29.208874634938425,0.996206484515564,0.04375579208135605,0.18538260459899902
000000268104.jpg,Zhang16 Fine-tuned (Ours),23.511887546367937,0.7617313943148573,0.17757567763328552,0.13591885566711426
000000268401.jpg,Zhang16 Fine-tuned (Ours),23.354415662243092,0.9418741961881429,0.15901273488998413,0.21827983856201172
000000269118.jpg,Zhang16 Fine-tuned (Ours),27.041179499400126,0.9711542866817169,0.1414978802204132,0.17010951042175293
000000269509.jpg,Zhang16 Fine-tuned (Ours),26.731432065962156,0.9737154571335677,0.1464713215827942,0.18698835372924805
000000269765.jpg,Zhang16 Fine-tuned (Ours),14.68694671914383,0.833930370632704,0.2715691030025482,0.1276841163635254
000000269809.jpg,Zhang16 Fine-tuned (Ours),25.664847315873974,0.9675505003892736,0.12248363345861435,0.1736438274383545
000000270349.jpg,Zhang16 Fine-tuned (Ours),22.05158692211246,0.9585477200625244,0.09499509632587433,0.15274643898010254
000000270858.jpg,Zhang16 Fine-tuned (Ours),27.44219636594967,0.9512328122748331,0.08053438365459442,0.1996915340423584
000000271074.jpg,Zhang16 Fine-tuned (Ours),11.068018232482249,0.6660786383143348,0.48294490575790405,0.16815853118896484
000000271129.jpg,Zhang16 Fine-tuned (Ours),25.964178812263967,0.9434015985629225,0.13251833617687225,0.18776226043701172
000000271589.jpg,Zhang16 Fine-tuned (Ours),29.713830856450862,0.9787898454541136,0.0862034484744072,0.1759188175201416
000000272107.jpg,Zhang16 Fine-tuned (Ours),14.903040538560685,0.8547565957050606,0.3806857764720917,0.11569499969482422
000000272135.jpg,Zhang16 Fine-tuned (Ours),27.54628316027746,0.9707647478402978,0.10854695737361908,0.18933653831481934
000000272313.jpg,Zhang16 Fine-tuned (Ours),21.494355334814973,0.8959230748390502,0.21604865789413452,0.1710221767425537
000000274100.jpg,Zhang16 Fine-tuned (Ours),20.008706959997195,0.9155518696500025,0.17499738931655884,0.14306950569152832
000000274628.jpg,Zhang16 Fine-tuned (Ours),22.238038530491288,0.9243708312621935,0.16220271587371826,0.12933015823364258
000000275071.jpg,Zhang16 Fine-tuned (Ours),19.93735230433919,0.917189052034983,0.24869439005851746,0.20160531997680664
000000275093.jpg,Zhang16 Fine-tuned (Ours),30.201532552440376,0.9793767212869889,0.11678854376077652,0.1849195957183838
000000275756.jpg,Zhang16 Fine-tuned (Ours),21.7267643194674,0.9584912651701494,0.18800798058509827,0.17804718017578125
000000276011.jpg,Zhang16 Fine-tuned (Ours),19.249408394262225,0.9207970173824869,0.24613310396671295,0.16939520835876465
000000276114.jpg,Zhang16 Fine-tuned (Ours),23.2715838351873,0.9596963653350784,0.19721771776676178,0.18255186080932617
000000276141.jpg,Zhang16 Fine-tuned (Ours),21.840845468584433,0.8958095822697013,0.17422479391098022,0.16973471641540527
000000276738.jpg,Zhang16 Fine-tuned (Ours),23.539878255477383,0.9582132296670389,0.15986664593219757,0.16314697265625
000000278120.jpg,Zhang16 Fine-tuned (Ours),18.81491906344704,0.8820612358585835,0.17003925144672394,0.1833815574645996
000000278122.jpg,Zhang16 Fine-tuned (Ours),21.94285683076897,0.960300386341045,0.1835111379623413,0.1858072280883789
000000278460.jpg,Zhang16 Fine-tuned (Ours),22.750425835063655,0.9430950509477777,0.13813747465610504,0.16730999946594238
000000278515.jpg,Zhang16 Fine-tuned (Ours),23.12594497020737,0.9311201744800376,0.1242794543504715,0.18973946571350098
000000278828.jpg,Zhang16 Fine-tuned (Ours),22.745926202601964,0.9448884717017313,0.17209841310977936,0.17087340354919434
000000280201.jpg,Zhang16 Fine-tuned (Ours),26.988606477574276,0.972980595263254,0.11783014237880707,0.16967320442199707
000000280658.jpg,Zhang16 Fine-tuned (Ours),23.370576515600376,0.9086611117886215,0.20858502388000488,0.17037677764892578
000000280676.jpg,Zhang16 Fine-tuned (Ours),30.0151328468168,0.9916829867882379,0.042497556656599045,0.17004871368408203
000000281639.jpg,Zhang16 Fine-tuned (Ours),19.68040849398623,0.9497095373008079,0.34799879789352417,0.18970584869384766
000000282330.jpg,Zhang16 Fine-tuned (Ours),28.263948939077864,0.9792711267033254,0.08491984009742737,0.17037200927734375
000000282536.jpg,Zhang16 Fine-tuned (Ours),26.407326345558193,0.9544895912792581,0.09526973962783813,0.12505531311035156
000000282895.jpg,Zhang16 Fine-tuned (Ours),23.959782028546304,0.9540490036254846,0.19416315853595734,0.20621132850646973
000000283594.jpg,Zhang16 Fine-tuned (Ours),24.970714803040245,0.9682688314504556,0.2339717000722885,0.17287540435791016
000000283789.jpg,Zhang16 Fine-tuned (Ours),26.95752458987448,0.9476904260343794,0.17831040918827057,0.19585514068603516
000000284881.jpg,Zhang16 Fine-tuned (Ours),28.41384534319495,0.949299582880094,0.07732845097780228,0.126326322555542
000000285393.jpg,Zhang16 Fine-tuned (Ours),24.919205530359033,0.9449643492089875,0.11561645567417145,0.2110424041748047
000000286032.jpg,Zhang16 Fine-tuned (Ours),20.908412500244104,0.83153041747128,0.2024548351764679,0.15250754356384277
000000286107.jpg,Zhang16 Fine-tuned (Ours),23.32689625514325,0.9629872240602947,0.15742111206054688,0.20226669311523438
000000286709.jpg,Zhang16 Fine-tuned (Ours),17.917504678362523,0.6214538582391306,0.2907034158706665,0.17145323753356934
000000286714.jpg,Zhang16 Fine-tuned (Ours),32.44415359398823,0.9886034174803218,0.03981688618659973,0.15563035011291504
000000286721.jpg,Zhang16 Fine-tuned (Ours),27.61207921534918,0.9553391863337991,0.0932263657450676,0.1729278564453125
000000287127.jpg,Zhang16 Fine-tuned (Ours),21.646234623204755,0.9380614312697664,0.2787368893623352,0.23393869400024414
000000287227.jpg,Zhang16 Fine-tuned (Ours),20.744717031042043,0.9110927084631802,0.2004142850637436,0.17577242851257324
000000287818.jpg,Zhang16 Fine-tuned (Ours),19.179808003639792,0.8481057850759864,0.19850069284439087,0.16077423095703125
000000288572.jpg,Zhang16 Fine-tuned (Ours),18.94745628991224,0.9542326698398785,0.2718603014945984,0.18380212783813477
000000289877.jpg,Zhang16 Fine-tuned (Ours),26.470774096553495,0.9575750392401039,0.1318865567445755,0.13221359252929688
000000290680.jpg,Zhang16 Fine-tuned (Ours),25.71190455521692,0.9722784416152219,0.15338432788848877,0.11236357688903809
000000290844.jpg,Zhang16 Fine-tuned (Ours),24.45669515007794,0.9269000059023432,0.14511406421661377,0.17890143394470215
000000290904.jpg,Zhang16 Fine-tuned (Ours),26.337199822993917,0.8039754839320877,0.197724848985672,0.12429451942443848
000000290917.jpg,Zhang16 Fine-tuned (Ours),19.382337720379034,0.8589513563082983,0.21727776527404785,0.1286325454711914
000000291283.jpg,Zhang16 Fine-tuned (Ours),22.50500700415895,0.9085188847640726,0.19442234933376312,0.1772747039794922
000000292423.jpg,Zhang16 Fine-tuned (Ours),30.590046083409078,0.9525201295516611,0.13421523571014404,0.18288850784301758
000000292604.jpg,Zhang16 Fine-tuned (Ours),24.05082314635782,0.9580244870504179,0.18162764608860016,0.20649147033691406
000000292619.jpg,Zhang16 Fine-tuned (Ours),25.267452900697474,0.8968602423051028,0.15216803550720215,0.18580937385559082
000000294613.jpg,Zhang16 Fine-tuned (Ours),23.94263686605342,0.95720766328258,0.14034387469291687,0.1823439598083496
000000294684.jpg,Zhang16 Fine-tuned (Ours),29.076765707922473,0.9765663195354491,0.12914246320724487,0.19031786918640137
000000295029.jpg,Zhang16 Fine-tuned (Ours),21.907803232486597,0.9448143265167922,0.17515702545642853,0.18825483322143555
000000295047.jpg,Zhang16 Fine-tuned (Ours),21.401008095742874,0.8885783109271704,0.18718747794628143,0.16838455200195312
000000296250.jpg,Zhang16 Fine-tuned (Ours),23.551285340751775,0.898929729860542,0.19055449962615967,0.1853797435760498
000000296591.jpg,Zhang16 Fine-tuned (Ours),17.324537468223433,0.8362497080083283,0.2842186987400055,0.19041872024536133
000000298104.jpg,Zhang16 Fine-tuned (Ours),25.24191244300767,0.9747624712657498,0.122855544090271,0.1808464527130127
000000298108.jpg,Zhang16 Fine-tuned (Ours),25.60974437001839,0.9090749185034581,0.1874612271785736,0.19827508926391602
000000299078.jpg,Zhang16 Fine-tuned (Ours),26.714170408140138,0.9610044986783638,0.10639231652021408,0.18080663681030273
000000301736.jpg,Zhang16 Fine-tuned (Ours),22.341128639339054,0.9507388828401208,0.154717817902565,0.18194270133972168
000000301738.jpg,Zhang16 Fine-tuned (Ours),26.8425133371673,0.9636215691228717,0.16356730461120605,0.11017251014709473
000000302296.jpg,Zhang16 Fine-tuned (Ours),15.841515706831677,0.8207501417040223,0.3188951909542084,0.17588043212890625
000000302309.jpg,Zhang16 Fine-tuned (Ours),22.460198109871357,0.9472101762526254,0.20357942581176758,0.15937304496765137
000000302879.jpg,Zhang16 Fine-tuned (Ours),23.78795933724784,0.9317128885075681,0.19724145531654358,0.17641544342041016
000000302947.jpg,Zhang16 Fine-tuned (Ours),32.446122179946684,0.9976244539905633,0.013267035596072674,0.186051607131958
000000303353.jpg,Zhang16 Fine-tuned (Ours),26.852106845492322,0.9569094692701826,0.09059542417526245,0.1796128749847412
000000303363.jpg,Zhang16 Fine-tuned (Ours),23.77029687734336,0.9618898806164018,0.1564701795578003,0.1732785701751709
000000303714.jpg,Zhang16 Fine-tuned (Ours),29.157582698617517,0.906122113697773,0.22373971343040466,0.22332358360290527
000000304766.jpg,Zhang16 Fine-tuned (Ours),20.326616926962025,0.8903470803869312,0.29628509283065796,0.1664416790008545
000000305221.jpg,Zhang16 Fine-tuned (Ours),23.719143982674563,0.9187773966065098,0.18018615245819092,0.1802070140838623
000000306965.jpg,Zhang16 Fine-tuned (Ours),25.661961789368757,0.9510582355606018,0.18842439353466034,0.15209293365478516
000000307127.jpg,Zhang16 Fine-tuned (Ours),24.52774186228038,0.9348025079701475,0.18272900581359863,0.1933131217956543
000000307321.jpg,Zhang16 Fine-tuned (Ours),22.53312244199682,0.9194945030441078,0.23789724707603455,0.17693567276000977
000000308650.jpg,Zhang16 Fine-tuned (Ours),9.993898159028529,0.6597841356784,0.5115362405776978,0.22501802444458008
000000308991.jpg,Zhang16 Fine-tuned (Ours),23.17019394359255,0.9624776499888913,0.25375962257385254,0.2013847827911377
000000309416.jpg,Zhang16 Fine-tuned (Ours),20.331864327289733,0.9255754639968156,0.2014797478914261,0.17786622047424316
000000309779.jpg,Zhang16 Fine-tuned (Ours),21.69536897270052,0.9098281739507462,0.2240547239780426,0.16986393928527832
000000309857.jpg,Zhang16 Fine-tuned (Ours),23.819003613113278,0.964834603447409,0.14812326431274414,0.17656636238098145
000000309990.jpg,Zhang16 Fine-tuned (Ours),27.342014220869252,0.9548848053873771,0.10887057334184647,0.18228507041931152
000000310520.jpg,Zhang16 Fine-tuned (Ours),17.55867830921227,0.8901578346341895,0.2579908072948456,0.17071104049682617
000000310625.jpg,Zhang16 Fine-tuned (Ours),23.416992317349127,0.9660552680579566,0.16665883362293243,0.18479442596435547
000000310650.jpg,Zhang16 Fine-tuned (Ours),23.913766247674346,0.9576547275303895,0.1360013335943222,0.19138646125793457
000000310828.jpg,Zhang16 Fine-tuned (Ours),29.5651060820693,0.9814922147433659,0.10263988375663757,0.17789459228515625
000000312037.jpg,Zhang16 Fine-tuned (Ours),17.771360211266465,0.9118005573544218,0.24351033568382263,0.17879199981689453
000000312554.jpg,Zhang16 Fine-tuned (Ours),27.382922372110915,0.9598401438650175,0.10575965791940689,0.14171648025512695
000000312699.jpg,Zhang16 Fine-tuned (Ours),23.778973548596703,0.9582924966574909,0.17208795249462128,0.17914795875549316
000000313894.jpg,Zhang16 Fine-tuned (Ours),26.199944481802607,0.920548791894305,0.21455593407154083,0.20171475410461426
000000314860.jpg,Zhang16 Fine-tuned (Ours),23.047539289275623,0.9153248551624277,0.21950393915176392,0.20101261138916016
000000315499.jpg,Zhang16 Fine-tuned (Ours),23.125776368312295,0.8990371208859269,0.2212187647819519,0.19447588920593262
000000315665.jpg,Zhang16 Fine-tuned (Ours),29.56617216944649,0.9879826948816381,0.0992150604724884,0.1644589900970459
000000315731.jpg,Zhang16 Fine-tuned (Ours),17.030974419900694,0.874131830703026,0.25706151127815247,0.11336708068847656
000000315917.jpg,Zhang16 Fine-tuned (Ours),24.19522080668266,0.940089779822749,0.14257554709911346,0.17004084587097168
000000316246.jpg,Zhang16 Fine-tuned (Ours),22.557703053640314,0.8769386920915885,0.2096143662929535,0.2216184139251709
000000316300.jpg,Zhang16 Fine-tuned (Ours),19.98093089428233,0.92423810280411,0.23671406507492065,0.18549203872680664
000000316986.jpg,Zhang16 Fine-tuned (Ours),19.731000388775858,0.867299468713346,0.21912507712841034,0.18791794776916504
000000317669.jpg,Zhang16 Fine-tuned (Ours),23.019135242387296,0.8927776569871283,0.22202196717262268,0.17302489280700684
000000317976.jpg,Zhang16 Fine-tuned (Ours),29.38382638209959,0.9795511083443721,0.16483192145824432,0.1792011260986328
000000318038.jpg,Zhang16 Fine-tuned (Ours),22.691643570013692,0.8944563727394539,0.1793433576822281,0.1269514560699463
000000318215.jpg,Zhang16 Fine-tuned (Ours),20.056774894103523,0.8367169335322422,0.21016031503677368,0.16118907928466797
000000319814.jpg,Zhang16 Fine-tuned (Ours),20.355144397835954,0.8794192141506648,0.2904961407184601,0.16483759880065918
000000319833.jpg,Zhang16 Fine-tuned (Ours),29.347749968367477,0.975378965061393,0.14104291796684265,0.222320556640625
000000320251.jpg,Zhang16 Fine-tuned (Ours),21.88817723972832,0.8895704887535114,0.2572169899940491,0.18865203857421875
000000320571.jpg,Zhang16 Fine-tuned (Ours),22.456418130172338,0.9801644327543245,0.17139311134815216,0.17653417587280273
000000321487.jpg,Zhang16 Fine-tuned (Ours),26.108513532843332,0.9105162185828487,0.16429638862609863,0.17716193199157715
000000321696.jpg,Zhang16 Fine-tuned (Ours),28.011102041846975,0.9546182359529786,0.15598681569099426,0.18128442764282227
000000322058.jpg,Zhang16 Fine-tuned (Ours),28.7985082214784,0.9427672964257551,0.10799480974674225,0.1736593246459961
000000322421.jpg,Zhang16 Fine-tuned (Ours),26.058350649757813,0.954686106408228,0.18605130910873413,0.16933774948120117
000000322450.jpg,Zhang16 Fine-tuned (Ours),24.91320458026786,0.951580506898905,0.14130140841007233,0.18903136253356934
000000323194.jpg,Zhang16 Fine-tuned (Ours),27.484215314855756,0.9540503869065766,0.1044296845793724,0.12700533866882324
000000324081.jpg,Zhang16 Fine-tuned (Ours),21.45242889599446,0.9130675575502144,0.2181357741355896,0.18706107139587402
000000325491.jpg,Zhang16 Fine-tuned (Ours),27.71703908077744,0.9475256047393968,0.22312305867671967,0.1867687702178955
000000328378.jpg,Zhang16 Fine-tuned (Ours),23.235059422643793,0.9385189294892515,0.14700493216514587,0.1872107982635498
000000329424.jpg,Zhang16 Fine-tuned (Ours),22.893107600395087,0.9059248680923541,0.1620253026485443,0.11566543579101562
000000329686.jpg,Zhang16 Fine-tuned (Ours),24.89620915494036,0.9616331204810051,0.1517571657896042,0.18780827522277832
000000329986.jpg,Zhang16 Fine-tuned (Ours),26.14287212346749,0.9764986243901449,0.07387298345565796,0.1758897304534912
000000333273.jpg,Zhang16 Fine-tuned (Ours),28.1408153640334,0.9744844730365201,0.08755677938461304,0.1949007511138916
000000333711.jpg,Zhang16 Fine-tuned (Ours),28.730058879851246,0.9765234991758717,0.10829882323741913,0.19082093238830566
000000334360.jpg,Zhang16 Fine-tuned (Ours),18.111979078239145,0.8729989647814214,0.28421083092689514,0.16969680786132812
000000334870.jpg,Zhang16 Fine-tuned (Ours),21.900629738783024,0.8802252447905734,0.2586352229118347,0.24913811683654785
000000336200.jpg,Zhang16 Fine-tuned (Ours),20.610517399866296,0.8874220254865864,0.3490371108055115,0.1718137264251709
000000336212.jpg,Zhang16 Fine-tuned (Ours),16.755144015275402,0.8239906969743482,0.303394079208374,0.1713857650756836
000000336256.jpg,Zhang16 Fine-tuned (Ours),25.47302268457793,0.9518922634687706,0.20208978652954102,0.18338680267333984
000000336794.jpg,Zhang16 Fine-tuned (Ours),31.894451172058616,0.91868029363589,0.12463967502117157,0.18637537956237793
000000336815.jpg,Zhang16 Fine-tuned (Ours),21.9084288317795,0.8804275042815495,0.23145005106925964,0.12508511543273926
000000337223.jpg,Zhang16 Fine-tuned (Ours),14.118873510059247,0.6824690925412017,0.31581592559814453,0.1478724479675293
000000337346.jpg,Zhang16 Fine-tuned (Ours),20.731980582160876,0.9571624995649541,0.19006140530109406,0.19662833213806152
000000338110.jpg,Zhang16 Fine-tuned (Ours),21.4900615967097,0.8793538097651964,0.18552064895629883,0.16508173942565918
000000339523.jpg,Zhang16 Fine-tuned (Ours),21.64166455745294,0.9185055707698512,0.26062214374542236,0.19060540199279785
000000339739.jpg,Zhang16 Fine-tuned (Ours),21.36773913845577,0.9220791785735644,0.1472219079732895,0.17570710182189941
000000339889.jpg,Zhang16 Fine-tuned (Ours),21.75620133723648,0.9182046946519371,0.17592394351959229,0.18160605430603027
000000339995.jpg,Zhang16 Fine-tuned (Ours),23.88725041793771,0.9351418443219366,0.2009095549583435,0.17131567001342773
000000341044.jpg,Zhang16 Fine-tuned (Ours),23.11639375351133,0.8945766141263939,0.21839462220668793,0.17002582550048828
000000341256.jpg,Zhang16 Fine-tuned (Ours),22.419534922656585,0.9275837995926614,0.20178009569644928,0.1753988265991211
000000341261.jpg,Zhang16 Fine-tuned (Ours),22.92982979184937,0.9474459222582322,0.1812511533498764,0.16115140914916992
000000342482.jpg,Zhang16 Fine-tuned (Ours),28.21160751278185,0.9725614620368415,0.09886925667524338,0.19127583503723145
000000343237.jpg,Zhang16 Fine-tuned (Ours),18.71517096580186,0.8462465936427477,0.2097223997116089,0.1813514232635498
000000343785.jpg,Zhang16 Fine-tuned (Ours),26.988761300214897,0.9640477177895672,0.16788195073604584,0.17089319229125977
000000344448.jpg,Zhang16 Fine-tuned (Ours),28.99902361249946,0.9901108900397352,0.07629251480102539,0.1777653694152832
000000344651.jpg,Zhang16 Fine-tuned (Ours),23.709389124136308,0.9097977136487246,0.25424715876579285,0.22838711738586426
000000344723.jpg,Zhang16 Fine-tuned (Ours),27.936598079390144,0.9744093296422842,0.06255991011857986,0.12168407440185547
000000345794.jpg,Zhang16 Fine-tuned (Ours),21.247655172919806,0.8282753924337137,0.21484678983688354,0.15358996391296387
000000346035.jpg,Zhang16 Fine-tuned (Ours),18.54493763172006,0.8846502729764136,0.2593931257724762,0.163848876953125
000000346159.jpg,Zhang16 Fine-tuned (Ours),22.453523899513335,0.9464698998261537,0.15574228763580322,0.17524337768554688
000000346522.jpg,Zhang16 Fine-tuned (Ours),20.231237739300873,0.9132893137889201,0.2305823564529419,0.1635758876800537
000000348778.jpg,Zhang16 Fine-tuned (Ours),15.938379118937789,0.6867528302722002,0.26932695508003235,0.1349954605102539
000000349674.jpg,Zhang16 Fine-tuned (Ours),31.513366855652887,0.9880159828663406,0.054717786610126495,0.15626859664916992
000000349764.jpg,Zhang16 Fine-tuned (Ours),28.35337554227003,0.9871410387493665,0.10412236303091049,0.1889948844909668
000000350509.jpg,Zhang16 Fine-tuned (Ours),28.120289416127946,0.9779575763192484,0.15027554333209991,0.16990232467651367
000000350906.jpg,Zhang16 Fine-tuned (Ours),29.185077427561836,0.9621872789490166,0.15690268576145172,0.2574951648712158
000000353450.jpg,Zhang16 Fine-tuned (Ours),23.086564104503864,0.8707443498925919,0.16706833243370056,0.11779165267944336
000000354287.jpg,Zhang16 Fine-tuned (Ours),19.20347020721819,0.9048737914148718,0.19728301465511322,0.25417304039001465
000000354872.jpg,Zhang16 Fine-tuned (Ours),22.942688451449254,0.9408072985990136,0.18916134536266327,0.21874046325683594
000000355127.jpg,Zhang16 Fine-tuned (Ours),27.391790847808444,0.9774172144528266,0.1183118224143982,0.22190499305725098
000000357170.jpg,Zhang16 Fine-tuned (Ours),18.931407419201868,0.891513621002192,0.23867109417915344,0.20053768157958984
000000358299.jpg,Zhang16 Fine-tuned (Ours),19.071680529637124,0.928570760361075,0.2469194531440735,0.2298431396484375
000000358710.jpg,Zhang16 Fine-tuned (Ours),20.57313857333362,0.8992082481770137,0.2193182408809662,0.2325270175933838
000000358955.jpg,Zhang16 Fine-tuned (Ours),17.883106499660503,0.8531173711393271,0.27269622683525085,0.10235595703125
000000359657.jpg,Zhang16 Fine-tuned (Ours),21.20031644124307,0.8938599577457712,0.1813240647315979,0.1128227710723877
000000359742.jpg,Zhang16 Fine-tuned (Ours),20.377705603029348,0.9213885778701006,0.27085569500923157,0.1699831485748291
000000361105.jpg,Zhang16 Fine-tuned (Ours),18.68622826976633,0.8575013332463595,0.24737130105495453,0.1637248992919922
000000361348.jpg,Zhang16 Fine-tuned (Ours),16.32297028126569,0.8784512036354103,0.4168819189071655,0.19648027420043945
000000361818.jpg,Zhang16 Fine-tuned (Ours),22.3707910730192,0.921966233430251,0.19549164175987244,0.17270922660827637
000000361906.jpg,Zhang16 Fine-tuned (Ours),24.445363061341894,0.9726978928853889,0.15456579625606537,0.12052297592163086
000000362559.jpg,Zhang16 Fine-tuned (Ours),23.622743014825744,0.9514983964006967,0.2021106630563736,0.17086029052734375
000000362663.jpg,Zhang16 Fine-tuned (Ours),29.67463069456626,0.9622765497933363,0.16464023292064667,0.19637107849121094
000000364170.jpg,Zhang16 Fine-tuned (Ours),25.27044087593568,0.9522235482742833,0.14642485976219177,0.170440673828125
000000364318.jpg,Zhang16 Fine-tuned (Ours),23.44368251844585,0.9253563685988805,0.16641859710216522,0.2613799571990967
000000365823.jpg,Zhang16 Fine-tuned (Ours),22.566796673441694,0.9002050438249348,0.1901925504207611,0.17612624168395996
000000366800.jpg,Zhang16 Fine-tuned (Ours),22.84402783879206,0.9336554952005858,0.243599072098732,0.17577624320983887
000000367016.jpg,Zhang16 Fine-tuned (Ours),27.901158507139687,0.9540554584949018,0.1333300769329071,0.15984511375427246
000000368464.jpg,Zhang16 Fine-tuned (Ours),22.42129262133028,0.6743432559194327,0.35015034675598145,0.19266200065612793
000000368801.jpg,Zhang16 Fine-tuned (Ours),22.667762141654965,0.9408352436130828,0.22744658589363098,0.2062225341796875
000000369464.jpg,Zhang16 Fine-tuned (Ours),21.560391260259824,0.9488629894752357,0.17656707763671875,0.17698264122009277
000000369549.jpg,Zhang16 Fine-tuned (Ours),25.066982020259235,0.944111075943523,0.2118227481842041,0.1284325122833252
000000369586.jpg,Zhang16 Fine-tuned (Ours),18.433895035068794,0.913174927144195,0.2812877595424652,0.2143111228942871
000000369984.jpg,Zhang16 Fine-tuned (Ours),23.41414813158062,0.9632776847385444,0.11303163319826126,0.22878432273864746
000000370789.jpg,Zhang16 Fine-tuned (Ours),23.51895284103577,0.9419243655179933,0.1594035029411316,0.19339847564697266
000000371895.jpg,Zhang16 Fine-tuned (Ours),23.073775566085356,0.9562445549348805,0.21941280364990234,0.22786998748779297
000000372189.jpg,Zhang16 Fine-tuned (Ours),25.562879264773933,0.9600470118977041,0.12232635915279388,0.1627357006072998
000000372598.jpg,Zhang16 Fine-tuned (Ours),24.96160087632463,0.9419737406346366,0.15212970972061157,0.17695236206054688
000000373031.jpg,Zhang16 Fine-tuned (Ours),18.744190303013294,0.830734925514248,0.3295977711677551,0.12250089645385742
000000375355.jpg,Zhang16 Fine-tuned (Ours),28.3012413598842,0.9824585346146361,0.10775572806596756,0.17220807075500488
000000376023.jpg,Zhang16 Fine-tuned (Ours),16.66765787512371,0.8604968019892394,0.25440192222595215,0.14948630332946777
000000376100.jpg,Zhang16 Fine-tuned (Ours),20.811901733215596,0.9527365100924235,0.17099611461162567,0.159867525100708
000000377126.jpg,Zhang16 Fine-tuned (Ours),24.88594841384507,0.9683119177317406,0.14378684759140015,0.17315149307250977
000000377253.jpg,Zhang16 Fine-tuned (Ours),25.246793508939067,0.8931752798137929,0.131259024143219,0.1573960781097412
000000377374.jpg,Zhang16 Fine-tuned (Ours),25.26587682382518,0.9408481060943119,0.16373103857040405,0.16692733764648438
000000377452.jpg,Zhang16 Fine-tuned (Ours),22.354925973305626,0.9289030862879097,0.20754951238632202,0.1718769073486328
000000378483.jpg,Zhang16 Fine-tuned (Ours),25.844945581698955,0.9434405177479787,0.17084789276123047,0.15816831588745117
000000380004.jpg,Zhang16 Fine-tuned (Ours),20.37635174773102,0.920853051446079,0.24504080414772034,0.16898417472839355
000000381553.jpg,Zhang16 Fine-tuned (Ours),24.374022649615394,0.9637749003307786,0.1499434858560562,0.13692784309387207
000000382299.jpg,Zhang16 Fine-tuned (Ours),21.952803128067995,0.9489358626704899,0.16261404752731323,0.17440485954284668
000000384571.jpg,Zhang16 Fine-tuned (Ours),20.48748305917837,0.9093662795325054,0.1947389841079712,0.1785740852355957
000000384581.jpg,Zhang16 Fine-tuned (Ours),22.90185088301747,0.9164588792578817,0.2176133245229721,0.17800617218017578
000000384702.jpg,Zhang16 Fine-tuned (Ours),23.735090862422716,0.9525870909291414,0.1546093374490738,0.16696715354919434
000000386180.jpg,Zhang16 Fine-tuned (Ours),20.184722781430317,0.9241753680945433,0.21747899055480957,0.19199490547180176
000000386519.jpg,Zhang16 Fine-tuned (Ours),26.652765542305946,0.9145114698352227,0.2031814008951187,0.17365026473999023
000000388111.jpg,Zhang16 Fine-tuned (Ours),22.800246326254282,0.8413236618504204,0.20862457156181335,0.16230010986328125
000000388470.jpg,Zhang16 Fine-tuned (Ours),20.193402394582254,0.9071178897931343,0.22602643072605133,0.20118403434753418
000000388535.jpg,Zhang16 Fine-tuned (Ours),26.98104815614616,0.9693844076280352,0.09147985279560089,0.11732673645019531
000000388749.jpg,Zhang16 Fine-tuned (Ours),17.09775709806336,0.8955395503361744,0.30624163150787354,0.22137188911437988
000000389501.jpg,Zhang16 Fine-tuned (Ours),16.451683873240725,0.8236228020030896,0.23667658865451813,0.12722015380859375
000000389593.jpg,Zhang16 Fine-tuned (Ours),26.977869774480304,0.940446949402745,0.1253678947687149,0.1845543384552002
000000390623.jpg,Zhang16 Fine-tuned (Ours),21.32380191920667,0.8549796092128634,0.2289486974477768,0.16690444946289062
000000390786.jpg,Zhang16 Fine-tuned (Ours),20.23025222715343,0.878963153537629,0.22399643063545227,0.16813397407531738
000000391705.jpg,Zhang16 Fine-tuned (Ours),23.662318033757273,0.9300457862987855,0.14738613367080688,0.20069527626037598
000000391719.jpg,Zhang16 Fine-tuned (Ours),18.40347085491412,0.8720892947650126,0.19716164469718933,0.1928856372833252
000000391929.jpg,Zhang16 Fine-tuned (Ours),24.82536613337642,0.9720832234883119,0.1888568252325058,0.2256937026977539
000000392628.jpg,Zhang16 Fine-tuned (Ours),23.68983340065136,0.9277486337500895,0.15100738406181335,0.17447328567504883
000000392823.jpg,Zhang16 Fine-tuned (Ours),26.090706239988375,0.9697068158207932,0.27180811762809753,0.1848454475402832
000000393740.jpg,Zhang16 Fine-tuned (Ours),27.898392692025602,0.94876902691956,0.1401885598897934,0.194960355758667
000000393861.jpg,Zhang16 Fine-tuned (Ours),16.920620180111854,0.8768420448402262,0.24091394245624542,0.10496068000793457
000000394086.jpg,Zhang16 Fine-tuned (Ours),23.16083926866819,0.9657585741369697,0.23938590288162231,0.22803187370300293
000000394136.jpg,Zhang16 Fine-tuned (Ours),30.867294697650273,0.9706514337087618,0.10106221586465836,0.15605401992797852
000000394350.jpg,Zhang16 Fine-tuned (Ours),26.815649778558992,0.9698518442977345,0.18134823441505432,0.1118314266204834
000000395857.jpg,Zhang16 Fine-tuned (Ours),22.131260853441646,0.9427311195297557,0.2840866446495056,0.17890334129333496
000000397493.jpg,Zhang16 Fine-tuned (Ours),26.730170246966214,0.9719285814311666,0.09470883011817932,0.1901414394378662
000000399316.jpg,Zhang16 Fine-tuned (Ours),23.538791190717934,0.9170984972485942,0.19273579120635986,0.1850428581237793
000000399424.jpg,Zhang16 Fine-tuned (Ours),23.27612752637095,0.9265272092744828,0.23617161810398102,0.16781115531921387
000000401252.jpg,Zhang16 Fine-tuned (Ours),25.03963753690823,0.9548991811438446,0.1655615121126175,0.20505428314208984
000000402724.jpg,Zhang16 Fine-tuned (Ours),16.53584455720218,0.8222126633971388,0.4422110617160797,0.17136335372924805
000000402750.jpg,Zhang16 Fine-tuned (Ours),29.57197136239509,0.971611545168486,0.07161074876785278,0.18131566047668457
000000403129.jpg,Zhang16 Fine-tuned (Ours),12.560097618312687,0.7240165585450079,0.4155608117580414,0.19108247756958008
000000403734.jpg,Zhang16 Fine-tuned (Ours),17.715269493873205,0.7710098210873683,0.3096756339073181,0.17459702491760254
000000405363.jpg,Zhang16 Fine-tuned (Ours),22.566631270147205,0.776746833984919,0.2546735107898712,0.1368272304534912
000000406179.jpg,Zhang16 Fine-tuned (Ours),25.757310487641632,0.9147616626971985,0.17292316257953644,0.12865972518920898
000000407250.jpg,Zhang16 Fine-tuned (Ours),24.986072427564935,0.9660945525790677,0.15465134382247925,0.16980218887329102
000000407258.jpg,Zhang16 Fine-tuned (Ours),20.669152572741567,0.950506092981338,0.2134278118610382,0.19446682929992676
000000408663.jpg,Zhang16 Fine-tuned (Ours),26.749964214742405,0.9848068102245354,0.07940619438886642,0.16450929641723633
000000409253.jpg,Zhang16 Fine-tuned (Ours),28.299912719274978,0.9811337491912878,0.08589157462120056,0.16685128211975098
000000409827.jpg,Zhang16 Fine-tuned (Ours),23.44314075729995,0.9279979595342779,0.19010323286056519,0.18512964248657227
000000410025.jpg,Zhang16 Fine-tuned (Ours),21.309046865210878,0.8302961086431416,0.1959589421749115,0.11805033683776855
000000410158.jpg,Zhang16 Fine-tuned (Ours),20.168491951963603,0.8897525210970164,0.2451341450214386,0.15776324272155762
000000410317.jpg,Zhang16 Fine-tuned (Ours),12.797489935767285,0.6617674610773098,0.30906638503074646,0.19487333297729492
000000410685.jpg,Zhang16 Fine-tuned (Ours),23.070267495632276,0.9395591011012435,0.15391336381435394,0.16858291625976562
000000410738.jpg,Zhang16 Fine-tuned (Ours),16.538985652704095,0.8399003040187208,0.2944257855415344,0.20069670677185059
000000410811.jpg,Zhang16 Fine-tuned (Ours),25.078952051945514,0.813048318911016,0.12792269885540009,0.18919944763183594
000000411194.jpg,Zhang16 Fine-tuned (Ours),15.071868232644928,0.8112124898329659,0.3327155113220215,0.12907862663269043
000000412329.jpg,Zhang16 Fine-tuned (Ours),19.8432745543599,0.6805873569956163,0.2673429250717163,0.14052200317382812
000000412601.jpg,Zhang16 Fine-tuned (Ours),19.40128699187338,0.9105446601152222,0.21701481938362122,0.17462611198425293
000000412921.jpg,Zhang16 Fine-tuned (Ours),23.112288338876684,0.9543642069069431,0.13784843683242798,0.19260549545288086
000000414191.jpg,Zhang16 Fine-tuned (Ours),27.06454421781615,0.9768203778847516,0.10874544829130173,0.17476701736450195
000000414702.jpg,Zhang16 Fine-tuned (Ours),30.101333704458007,0.9888355635896534,0.08298200368881226,0.1761915683746338
000000415431.jpg,Zhang16 Fine-tuned (Ours),28.673329843187613,0.9532880989285407,0.1458255797624588,0.17817950248718262
000000415744.jpg,Zhang16 Fine-tuned (Ours),21.977012030033055,0.9268516738595896,0.16090305149555206,0.14600896835327148
000000415774.jpg,Zhang16 Fine-tuned (Ours),23.660910122268465,0.9330648541189848,0.21427610516548157,0.14786434173583984
000000415908.jpg,Zhang16 Fine-tuned (Ours),17.44600417113746,0.8473583082271597,0.2616252303123474,0.18581390380859375
000000416056.jpg,Zhang16 Fine-tuned (Ours),20.593216241229165,0.8641731085603525,0.20850121974945068,0.1897437572479248
000000416173.jpg,Zhang16 Fine-tuned (Ours),22.471283924767654,0.9417963870775748,0.11882427334785461,0.16907119750976562
000000416797.jpg,Zhang16 Fine-tuned (Ours),25.12524655862071,0.9317207135800892,0.20991015434265137,0.17731404304504395
000000417785.jpg,Zhang16 Fine-tuned (Ours),21.492106486375107,0.9072302628036893,0.3092380464076996,0.20267581939697266
000000418660.jpg,Zhang16 Fine-tuned (Ours),14.97699167799997,0.7874426462357093,0.3414066433906555,0.1706392765045166
000000418795.jpg,Zhang16 Fine-tuned (Ours),24.660085112361134,0.972350260645373,0.21594227850437164,0.18874573707580566
000000420336.jpg,Zhang16 Fine-tuned (Ours),20.564996577658682,0.8795216353442284,0.19157785177230835,0.1711742877960205
000000420773.jpg,Zhang16 Fine-tuned (Ours),28.15077010349573,0.9541273158679265,0.10360012948513031,0.18159866333007812
000000421482.jpg,Zhang16 Fine-tuned (Ours),20.094943742694294,0.9040391588431018,0.2424502819776535,0.14357471466064453
000000421695.jpg,Zhang16 Fine-tuned (Ours),17.979780513888077,0.7844914196063341,0.36712750792503357,0.18524503707885742
000000422993.jpg,Zhang16 Fine-tuned (Ours),26.78163060251329,0.9714404663488724,0.15590786933898926,0.11860060691833496
000000423159.jpg,Zhang16 Fine-tuned (Ours),18.427716815720977,0.8299206207872437,0.3417784571647644,0.21573495864868164
000000423460.jpg,Zhang16 Fine-tuned (Ours),34.27488671460613,0.9733303884605315,0.06793740391731262,0.1417081356048584
000000423831.jpg,Zhang16 Fine-tuned (Ours),21.674941992750668,0.9477803275088297,0.2628215551376343,0.19447851181030273
000000424004.jpg,Zhang16 Fine-tuned (Ours),19.535489747747228,0.8757341080619648,0.3218875229358673,0.17119503021240234
000000424639.jpg,Zhang16 Fine-tuned (Ours),21.104553873889497,0.9302857755552427,0.27895671129226685,0.17224836349487305
000000425241.jpg,Zhang16 Fine-tuned (Ours),25.08133864852376,0.9710192759173446,0.1805819720029831,0.1563265323638916
000000425700.jpg,Zhang16 Fine-tuned (Ours),19.763611536037534,0.9013661919602729,0.2806367874145508,0.11336708068847656
000000425738.jpg,Zhang16 Fine-tuned (Ours),29.375738554378845,0.894523578278117,0.08267149329185486,0.168196439743042
000000426272.jpg,Zhang16 Fine-tuned (Ours),21.367988597868816,0.9442015084675107,0.20297105610370636,0.1948225498199463
000000426362.jpg,Zhang16 Fine-tuned (Ours),19.024066282386265,0.8098424100661025,0.3166242241859436,0.13137269020080566
000000428511.jpg,Zhang16 Fine-tuned (Ours),26.43077547835164,0.9807774022428312,0.1217183992266655,0.23525452613830566
000000428958.jpg,Zhang16 Fine-tuned (Ours),26.12020953514419,0.9784414355313431,0.23912405967712402,0.2500271797180176
000000429665.jpg,Zhang16 Fine-tuned (Ours),15.401956052470581,0.8997143860884548,0.31753799319267273,0.2813906669616699
000000430806.jpg,Zhang16 Fine-tuned (Ours),29.36020101502285,0.9886332273499027,0.06582484394311905,0.23982930183410645
000000432177.jpg,Zhang16 Fine-tuned (Ours),22.447850854247257,0.9567894097000064,0.1713097095489502,0.19783639907836914
000000432208.jpg,Zhang16 Fine-tuned (Ours),22.80538612040326,0.9728124231516674,0.14761704206466675,0.18979740142822266
000000432536.jpg,Zhang16 Fine-tuned (Ours),22.64638864209097,0.9270272323759335,0.16004633903503418,0.20344948768615723
000000433471.jpg,Zhang16 Fine-tuned (Ours),18.34585320135708,0.8826032882259719,0.28817570209503174,0.18291497230529785
000000433620.jpg,Zhang16 Fine-tuned (Ours),27.929887465413643,0.970002436837952,0.13097909092903137,0.27712082862854004
000000434395.jpg,Zhang16 Fine-tuned (Ours),24.87748140804738,0.924099039344917,0.14495746791362762,0.21341896057128906
000000434770.jpg,Zhang16 Fine-tuned (Ours),26.06142137219194,0.9538223451203276,0.0840408205986023,0.20108628273010254
000000435195.jpg,Zhang16 Fine-tuned (Ours),26.237075165721656,0.9397528048870342,0.15821212530136108,0.21136832237243652
000000435502.jpg,Zhang16 Fine-tuned (Ours),28.082841516795018,0.9747308444212989,0.12790074944496155,0.18282699584960938
000000439064.jpg,Zhang16 Fine-tuned (Ours),26.92964928858377,0.9260271572541637,0.10209888219833374,0.15740060806274414
000000439671.jpg,Zhang16 Fine-tuned (Ours),24.58231826478204,0.9468932372292871,0.18763330578804016,0.22716450691223145
000000440464.jpg,Zhang16 Fine-tuned (Ours),22.961647490158438,0.8337829357409637,0.23003306984901428,0.21202540397644043
000000440770.jpg,Zhang16 Fine-tuned (Ours),21.94078885246117,0.9552884702018917,0.14152559638023376,0.21239018440246582
000000440800.jpg,Zhang16 Fine-tuned (Ours),25.854053671605158,0.8900777057433622,0.10644853115081787,0.13837504386901855
000000440888.jpg,Zhang16 Fine-tuned (Ours),26.831793907331367,0.9803041956999339,0.13065752387046814,0.19092583656311035
000000441209.jpg,Zhang16 Fine-tuned (Ours),23.788401131731725,0.9008325447315079,0.20167316496372223,0.21175646781921387
000000441388.jpg,Zhang16 Fine-tuned (Ours),29.75900224822073,0.969530852484321,0.10705773532390594,0.18593931198120117
000000441692.jpg,Zhang16 Fine-tuned (Ours),19.657203377528127,0.914936667306554,0.2774485647678375,0.22662615776062012
000000443219.jpg,Zhang16 Fine-tuned (Ours),16.705928943989946,0.9301235047075055,0.24112603068351746,0.21799421310424805
000000443252.jpg,Zhang16 Fine-tuned (Ours),25.447615283379132,0.9450640453568081,0.13744984567165375,0.19287919998168945
000000443355.jpg,Zhang16 Fine-tuned (Ours),22.567825040986158,0.9195897277248931,0.1730273813009262,0.1967298984527588
000000443378.jpg,Zhang16 Fine-tuned (Ours),23.042361852088483,0.8263416663776301,0.29172268509864807,0.18678998947143555
000000444243.jpg,Zhang16 Fine-tuned (Ours),24.378460063091456,0.9622668497130094,0.21929675340652466,0.13174080848693848
000000444653.jpg,Zhang16 Fine-tuned (Ours),24.974069151089378,0.9401113600191181,0.189670592546463,0.19845938682556152
000000444902.jpg,Zhang16 Fine-tuned (Ours),19.093960072876026,0.8605586494610075,0.24382174015045166,0.19680070877075195
000000445021.jpg,Zhang16 Fine-tuned (Ours),20.10736541735217,0.7440998489391264,0.3211003839969635,0.17026281356811523
000000445302.jpg,Zhang16 Fine-tuned (Ours),26.80883233256808,0.963913956087215,0.18290884792804718,0.2373032569885254
000000445852.jpg,Zhang16 Fine-tuned (Ours),21.90261065174424,0.7810733601605581,0.29376184940338135,0.18764901161193848
000000447805.jpg,Zhang16 Fine-tuned (Ours),21.345352267927254,0.9104545520515143,0.1861570179462433,0.23458647727966309
000000448272.jpg,Zhang16 Fine-tuned (Ours),20.574173134633597,0.8932933359417388,0.31239718198776245,0.19811129570007324
000000448515.jpg,Zhang16 Fine-tuned (Ours),25.331752487030883,0.9619857087595093,0.1776873767375946,0.2194826602935791
000000449074.jpg,Zhang16 Fine-tuned (Ours),22.886219142174188,0.9526698809017532,0.17230701446533203,0.22271013259887695
000000449582.jpg,Zhang16 Fine-tuned (Ours),20.51319416957056,0.9101660880498019,0.19637173414230347,0.19204974174499512
000000449696.jpg,Zhang16 Fine-tuned (Ours),15.399751829415145,0.8306879953866074,0.32811224460601807,0.2722437381744385
000000449982.jpg,Zhang16 Fine-tuned (Ours),26.549790604291843,0.9484408396063327,0.12138022482395172,0.19506192207336426
000000450211.jpg,Zhang16 Fine-tuned (Ours),22.245687884168923,0.9423607909777063,0.21807783842086792,0.18776392936706543
000000450645.jpg,Zhang16 Fine-tuned (Ours),31.13896668101972,0.9826793369397505,0.053020231425762177,0.20965981483459473
000000450656.jpg,Zhang16 Fine-tuned (Ours),28.229907612307628,0.9791819548993086,0.10732896625995636,0.22316646575927734
000000451570.jpg,Zhang16 Fine-tuned (Ours),19.92481895915799,0.9150517512028179,0.23516157269477844,0.23944735527038574
000000451582.jpg,Zhang16 Fine-tuned (Ours),25.863321406736382,0.9195875799278679,0.17829543352127075,0.21838641166687012
000000452032.jpg,Zhang16 Fine-tuned (Ours),21.782569198922793,0.9468041770976064,0.16327768564224243,0.16020512580871582
000000452325.jpg,Zhang16 Fine-tuned (Ours),25.17661975604293,0.9798314281667774,0.1424650102853775,0.2921488285064697
000000453437.jpg,Zhang16 Fine-tuned (Ours),22.002289501638977,0.9006070397035663,0.2110246866941452,0.07292366027832031
000000453564.jpg,Zhang16 Fine-tuned (Ours),25.668434369682302,0.9715973499747678,0.1152496263384819,0.19083833694458008
000000454266.jpg,Zhang16 Fine-tuned (Ours),22.702447867425008,0.9515683097279547,0.23508253693580627,0.22861933708190918
000000454939.jpg,Zhang16 Fine-tuned (Ours),24.600945192750675,0.9678976270831541,0.12155122309923172,0.16917133331298828
000000454980.jpg,Zhang16 Fine-tuned (Ours),23.585433410167692,0.9786042204344992,0.09584222733974457,0.18838024139404297
000000456363.jpg,Zhang16 Fine-tuned (Ours),24.262622150142732,0.9430898735878612,0.13872839510440826,0.17159247398376465
000000457302.jpg,Zhang16 Fine-tuned (Ours),15.788701620863929,0.8376433366034468,0.29271605610847473,0.22696399688720703
000000457391.jpg,Zhang16 Fine-tuned (Ours),23.225717488847227,0.9405996494911485,0.23872452974319458,0.1622614860534668
000000457958.jpg,Zhang16 Fine-tuned (Ours),27.028536677520872,0.9512851644170613,0.18801578879356384,0.189284086227417
000000458293.jpg,Zhang16 Fine-tuned (Ours),25.186238325072537,0.9433100917182284,0.16365736722946167,0.1800398826599121
000000461432.jpg,Zhang16 Fine-tuned (Ours),19.86384648110895,0.8985745843176693,0.18013739585876465,0.18581485748291016
000000462337.jpg,Zhang16 Fine-tuned (Ours),26.61282860895209,0.8852735259529521,0.11502230912446976,0.1001741886138916
000000462351.jpg,Zhang16 Fine-tuned (Ours),22.682407139349145,0.9177961555387899,0.15768636763095856,0.17808771133422852
000000464189.jpg,Zhang16 Fine-tuned (Ours),25.73788674930178,0.9683902158173382,0.12766538560390472,0.16585612297058105
000000464936.jpg,Zhang16 Fine-tuned (Ours),22.590580415801163,0.9297674920394253,0.2529928386211395,0.12636446952819824
000000465628.jpg,Zhang16 Fine-tuned (Ours),26.06576704550563,0.9604457568299715,0.1397019475698471,0.17296361923217773
000000467291.jpg,Zhang16 Fine-tuned (Ours),24.277574286875108,0.921890431496467,0.20540478825569153,0.17222380638122559
000000467306.jpg,Zhang16 Fine-tuned (Ours),22.43956159653909,0.9298704206041553,0.14465844631195068,0.17285394668579102
000000467695.jpg,Zhang16 Fine-tuned (Ours),20.44263422928161,0.9209954921432231,0.21020284295082092,0.23995709419250488
000000467850.jpg,Zhang16 Fine-tuned (Ours),27.550117518131813,0.9474716568800607,0.1163615733385086,0.12085771560668945
000000468268.jpg,Zhang16 Fine-tuned (Ours),19.25014804218614,0.8843540111134289,0.2762218117713928,0.11567473411560059
000000469044.jpg,Zhang16 Fine-tuned (Ours),25.67326413542721,0.9377790046642714,0.20356649160385132,0.17208385467529297
000000469511.jpg,Zhang16 Fine-tuned (Ours),18.884151624584753,0.8712240836482471,0.2864772379398346,0.19456863403320312
000000470427.jpg,Zhang16 Fine-tuned (Ours),25.58748457917847,0.9289681329505588,0.2113245129585266,0.1784830093383789
000000471388.jpg,Zhang16 Fine-tuned (Ours),24.83241492117244,0.9718261495158274,0.11584798246622086,0.131880521774292
000000472523.jpg,Zhang16 Fine-tuned (Ours),25.13614301540028,0.9493094552685525,0.12705126404762268,0.15417051315307617
000000472688.jpg,Zhang16 Fine-tuned (Ours),13.13515021641387,0.8308736572790697,0.3578214645385742,0.12423515319824219
000000473303.jpg,Zhang16 Fine-tuned (Ours),18.14980369974791,0.814876016476096,0.27763664722442627,0.18152832984924316
000000473400.jpg,Zhang16 Fine-tuned (Ours),25.859897151966198,0.9620752630228803,0.14028453826904297,0.1740889549255371
000000473864.jpg,Zhang16 Fine-tuned (Ours),26.54470064143608,0.9668641687209097,0.1152069941163063,0.1928243637084961
000000473909.jpg,Zhang16 Fine-tuned (Ours),29.296650629258266,0.974476780689634,0.0801495611667633,0.1939222812652588
000000474812.jpg,Zhang16 Fine-tuned (Ours),26.010741399686083,0.9574332200565886,0.1857336461544037,0.17146944999694824
000000475246.jpg,Zhang16 Fine-tuned (Ours),25.888151761700577,0.9673103320182758,0.10371667146682739,0.16510438919067383
000000476390.jpg,Zhang16 Fine-tuned (Ours),23.45817911831327,0.9294666042294687,0.19978755712509155,0.18138670921325684
000000477323.jpg,Zhang16 Fine-tuned (Ours),16.782953278672096,0.9081277720202113,0.292317271232605,0.18417143821716309
000000477832.jpg,Zhang16 Fine-tuned (Ours),30.101373704695437,0.9823860563662156,0.09925979375839233,0.12285709381103516
000000478183.jpg,Zhang16 Fine-tuned (Ours),24.43078209182366,0.9272607244913131,0.12962767481803894,0.18686771392822266
000000478218.jpg,Zhang16 Fine-tuned (Ours),22.493202827749343,0.9223307248995423,0.2075047492980957,0.19686675071716309
000000478746.jpg,Zhang16 Fine-tuned (Ours),19.261512536980653,0.8827411136179579,0.2432926595211029,0.16989994049072266
000000479224.jpg,Zhang16 Fine-tuned (Ours),20.62472192047945,0.9532528386946924,0.19837218523025513,0.2607731819152832
000000480149.jpg,Zhang16 Fine-tuned (Ours),21.224185939602954,0.9697794861774017,0.10928349941968918,0.19278979301452637
000000480276.jpg,Zhang16 Fine-tuned (Ours),30.9716617212865,0.9884562985403225,0.05377502739429474,0.1852405071258545
000000480466.jpg,Zhang16 Fine-tuned (Ours),37.755070790382405,0.9963183215489683,0.017343614250421524,0.1059865951538086
000000480987.jpg,Zhang16 Fine-tuned (Ours),29.01554335411513,0.9846853143494769,0.1087597981095314,0.1433420181274414
000000481307.jpg,Zhang16 Fine-tuned (Ours),25.092117629157812,0.9443807866656209,0.13057652115821838,0.2054426670074463
000000482289.jpg,Zhang16 Fine-tuned (Ours),18.257382944639264,0.7420307930549354,0.4166235625743866,0.16205549240112305
000000482640.jpg,Zhang16 Fine-tuned (Ours),22.018023179419334,0.8589928727985798,0.1991446614265442,0.15622854232788086
000000482645.jpg,Zhang16 Fine-tuned (Ours),22.526689526947763,0.8928569656572809,0.13233599066734314,0.12003278732299805
000000482973.jpg,Zhang16 Fine-tuned (Ours),19.360484713134515,0.737901031925173,0.2802888751029968,0.2260897159576416
000000483619.jpg,Zhang16 Fine-tuned (Ours),20.17397850274222,0.903725757795467,0.2207118421792984,0.22309541702270508
000000486591.jpg,Zhang16 Fine-tuned (Ours),24.32235857960649,0.9605340782160791,0.17082785069942474,0.14578771591186523
000000487158.jpg,Zhang16 Fine-tuned (Ours),33.83062469626503,0.9953489617899892,0.022045418620109558,0.16286993026733398
000000487214.jpg,Zhang16 Fine-tuned (Ours),26.56727738593782,0.9682554924551391,0.2196572721004486,0.1913316249847412
000000487789.jpg,Zhang16 Fine-tuned (Ours),20.95006848219679,0.9152793763731903,0.21081393957138062,0.1787247657775879
000000487969.jpg,Zhang16 Fine-tuned (Ours),24.891017661203154,0.9020470789009561,0.24286873638629913,0.18538808822631836
000000488067.jpg,Zhang16 Fine-tuned (Ours),16.809714173890086,0.8144124329311063,0.435987651348114,0.22702312469482422
000000488900.jpg,Zhang16 Fine-tuned (Ours),23.208653475125296,0.8493004065403374,0.17963138222694397,0.19994878768920898
000000489092.jpg,Zhang16 Fine-tuned (Ours),20.040218619111364,0.889591355513843,0.20944508910179138,0.16352200508117676
000000489240.jpg,Zhang16 Fine-tuned (Ours),24.063187706343548,0.9333346448758032,0.16303767263889313,0.16749167442321777
000000489365.jpg,Zhang16 Fine-tuned (Ours),15.450074182877668,0.8459161269042969,0.31902217864990234,0.2833387851715088
000000489392.jpg,Zhang16 Fine-tuned (Ours),32.13220855320587,0.942113530132808,0.052255433052778244,0.10862374305725098
000000489536.jpg,Zhang16 Fine-tuned (Ours),23.091104561108516,0.9218066316759642,0.16502034664154053,0.18317079544067383
000000489562.jpg,Zhang16 Fine-tuned (Ours),23.572881691174572,0.9567671324661742,0.19123929738998413,0.18964195251464844
000000489925.jpg,Zhang16 Fine-tuned (Ours),31.368657749911364,0.9823166486631701,0.08347320556640625,0.2457275390625
000000490229.jpg,Zhang16 Fine-tuned (Ours),22.347853830142625,0.8960023726078651,0.24845650792121887,0.20923662185668945
000000490573.jpg,Zhang16 Fine-tuned (Ours),23.74363823622216,0.9634871508026227,0.18000391125679016,0.17748045921325684
000000492688.jpg,Zhang16 Fine-tuned (Ours),29.206406216719184,0.97575227547522,0.11608647555112839,0.18933415412902832
000000493693.jpg,Zhang16 Fine-tuned (Ours),25.494483453887085,0.9601363962817254,0.1298084855079651,0.17116570472717285
000000493948.jpg,Zhang16 Fine-tuned (Ours),26.81779819734527,0.9572616864621611,0.18810097873210907,0.19338202476501465
000000494088.jpg,Zhang16 Fine-tuned (Ours),30.49341679648624,0.9772710008799601,0.10995012521743774,0.17726922035217285
000000495016.jpg,Zhang16 Fine-tuned (Ours),31.175673043695426,0.9862030348493139,0.06432545930147171,0.18719482421875
000000495550.jpg,Zhang16 Fine-tuned (Ours),20.949836078466486,0.7634436252042054,0.2057807594537735,0.18592071533203125
000000495998.jpg,Zhang16 Fine-tuned (Ours),18.448069206452782,0.8887250988672303,0.27286088466644287,0.1674790382385254
000000496163.jpg,Zhang16 Fine-tuned (Ours),19.373115684083935,0.9480462087571034,0.23255252838134766,0.21350693702697754
000000496590.jpg,Zhang16 Fine-tuned (Ours),18.524358225336393,0.8781265588904881,0.22933658957481384,0.19441580772399902
000000496827.jpg,Zhang16 Fine-tuned (Ours),23.635301895613445,0.9417892973593333,0.15803368389606476,0.17588210105895996
000000496852.jpg,Zhang16 Fine-tuned (Ours),27.765067877157044,0.8215178702036393,0.2907986640930176,0.1610715389251709
000000497293.jpg,Zhang16 Fine-tuned (Ours),19.317022500786244,0.9298948182576675,0.25165855884552,0.1310880184173584
000000497346.jpg,Zhang16 Fine-tuned (Ours),22.073215540007904,0.9362891423628049,0.18543237447738647,0.17626237869262695
000000497814.jpg,Zhang16 Fine-tuned (Ours),23.367960204954198,0.9447293306801777,0.1775808334350586,0.17074298858642578
000000497866.jpg,Zhang16 Fine-tuned (Ours),18.922130223725635,0.917645309002013,0.16998764872550964,0.1762247085571289
000000497886.jpg,Zhang16 Fine-tuned (Ours),28.801924111330415,0.978007628793037,0.1562611311674118,0.21970176696777344
000000499178.jpg,Zhang16 Fine-tuned (Ours),31.533140240557053,0.9435478393368238,0.05692749843001366,0.13002824783325195
000000499769.jpg,Zhang16 Fine-tuned (Ours),14.542239777353732,0.8241287873336787,0.26624125242233276,0.17838335037231445
000000500131.jpg,Zhang16 Fine-tuned (Ours),26.49259431013156,0.9687917434804044,0.11106693744659424,0.19298315048217773
000000500308.jpg,Zhang16 Fine-tuned (Ours),19.991819068430747,0.6933468178678774,0.22390393912792206,0.22880935668945312
000000500397.jpg,Zhang16 Fine-tuned (Ours),24.81520987933674,0.9738166701808649,0.12411659210920334,0.22146892547607422
000000501024.jpg,Zhang16 Fine-tuned (Ours),22.726661036051894,0.9248886241041161,0.21681872010231018,0.12633967399597168
000000501068.jpg,Zhang16 Fine-tuned (Ours),17.5529686482277,0.8666755932483939,0.3179376423358917,0.2056419849395752
000000501207.jpg,Zhang16 Fine-tuned (Ours),22.57015970210888,0.9011117474064035,0.21845471858978271,0.13039255142211914
000000502734.jpg,Zhang16 Fine-tuned (Ours),13.527724667459518,0.8102311362135869,0.3517186641693115,0.12712311744689941
000000502834.jpg,Zhang16 Fine-tuned (Ours),27.470139942017425,0.9798306525919136,0.14018107950687408,0.18811917304992676
000000504966.jpg,Zhang16 Fine-tuned (Ours),22.475552231531125,0.9537080248298023,0.24902021884918213,0.24574828147888184
000000505231.jpg,Zhang16 Fine-tuned (Ours),19.727867775984475,0.9225624260683761,0.2145492136478424,0.18306517601013184
000000507156.jpg,Zhang16 Fine-tuned (Ours),18.27659100857113,0.8701264637208506,0.3435514569282532,0.17156720161437988
000000507433.jpg,Zhang16 Fine-tuned (Ours),22.268700576955908,0.8878413359261735,0.2706288695335388,0.19358491897583008
000000508587.jpg,Zhang16 Fine-tuned (Ours),21.122016881758988,0.8120160655748254,0.1585381031036377,0.1040639877319336
000000508942.jpg,Zhang16 Fine-tuned (Ours),24.518963746270952,0.9418752574584103,0.15245568752288818,0.2655470371246338
000000509125.jpg,Zhang16 Fine-tuned (Ours),26.701246357109767,0.9712940876033226,0.12685520946979523,0.19321370124816895
000000509857.jpg,Zhang16 Fine-tuned (Ours),22.116393824071856,0.9059289685561372,0.21266679465770721,0.16612744331359863
000000510575.jpg,Zhang16 Fine-tuned (Ours),21.833600502959854,0.9608458090989203,0.21264739334583282,0.1778240203857422
000000512278.jpg,Zhang16 Fine-tuned (Ours),23.45567462020138,0.9080690165095513,0.216779887676239,0.14738750457763672
000000513747.jpg,Zhang16 Fine-tuned (Ours),22.303713099035363,0.93611181412885,0.18125617504119873,0.1894388198852539
000000513763.jpg,Zhang16 Fine-tuned (Ours),25.067114458790197,0.9410391703609072,0.15329447388648987,0.19421172142028809
000000513788.jpg,Zhang16 Fine-tuned (Ours),31.01933368977079,0.9632541021104379,0.05952330678701401,0.15551495552062988
000000514876.jpg,Zhang16 Fine-tuned (Ours),20.637542931083082,0.9135993959066203,0.23522712290287018,0.16551780700683594
000000516166.jpg,Zhang16 Fine-tuned (Ours),23.013300069897777,0.9168749487506608,0.16611841320991516,0.20597028732299805
000000516746.jpg,Zhang16 Fine-tuned (Ours),22.917114939464604,0.7961749667446156,0.35497596859931946,0.19042301177978516
000000517892.jpg,Zhang16 Fine-tuned (Ours),19.165567369157255,0.8932873678053551,0.407512903213501,0.17377305030822754
000000518461.jpg,Zhang16 Fine-tuned (Ours),24.56338311048261,0.9454231696504753,0.2588013708591461,0.16481709480285645
000000519456.jpg,Zhang16 Fine-tuned (Ours),23.511282428824135,0.9540516960734658,0.14548389613628387,0.17818999290466309
000000519473.jpg,Zhang16 Fine-tuned (Ours),23.025745645003404,0.9165683196966627,0.1937667727470398,0.17031383514404297
000000519698.jpg,Zhang16 Fine-tuned (Ours),21.965821569545028,0.8967712332067416,0.19982105493545532,0.1880054473876953
000000519825.jpg,Zhang16 Fine-tuned (Ours),25.1994634734849,0.9390125375715832,0.18598708510398865,0.19486427307128906
000000521265.jpg,Zhang16 Fine-tuned (Ours),30.527413548515018,0.9860174723726324,0.08588628470897675,0.17231392860412598
000000522648.jpg,Zhang16 Fine-tuned (Ours),30.321616909100676,0.9866433909315261,0.11368387192487717,0.251575231552124
000000524566.jpg,Zhang16 Fine-tuned (Ours),26.804351207765528,0.951897141709963,0.17034952342510223,0.21163392066955566
000000524687.jpg,Zhang16 Fine-tuned (Ours),25.039664371536983,0.9431854317381773,0.25895312428474426,0.19363903999328613
000000525901.jpg,Zhang16 Fine-tuned (Ours),21.994000932398123,0.913406133069745,0.19501957297325134,0.12380409240722656
000000526918.jpg,Zhang16 Fine-tuned (Ours),27.47333754826386,0.9656680575752619,0.09408976137638092,0.1947154998779297
000000527007.jpg,Zhang16 Fine-tuned (Ours),22.331589218958477,0.8887717950267812,0.18510864675045013,0.1567697525024414
000000527162.jpg,Zhang16 Fine-tuned (Ours),23.36205878581017,0.9257886820945057,0.14061346650123596,0.2042064666748047
000000528103.jpg,Zhang16 Fine-tuned (Ours),25.989002142274245,0.9800823280126597,0.09859741479158401,0.1921529769897461
000000528703.jpg,Zhang16 Fine-tuned (Ours),29.345642348203263,0.9952917946731752,0.04129435494542122,0.25890254974365234
000000528902.jpg,Zhang16 Fine-tuned (Ours),20.214151620540427,0.9153343763722472,0.2400701642036438,0.19324302673339844
000000529149.jpg,Zhang16 Fine-tuned (Ours),21.484900331117952,0.9459525940047072,0.1784975379705429,0.24976229667663574
000000530032.jpg,Zhang16 Fine-tuned (Ours),31.933224374242215,0.9894262652701684,0.07563135772943497,0.1795055866241455
000000530139.jpg,Zhang16 Fine-tuned (Ours),23.76918797001718,0.9287681966521185,0.2062019407749176,0.18562602996826172
000000531310.jpg,Zhang16 Fine-tuned (Ours),23.25081778599032,0.9292310001306406,0.31005430221557617,0.31946897506713867
000000532528.jpg,Zhang16 Fine-tuned (Ours),29.693706535094396,0.9848440165250812,0.032394587993621826,0.25772547721862793
000000532794.jpg,Zhang16 Fine-tuned (Ours),20.40169748597748,0.889689717079109,0.2432219684123993,0.14670014381408691
000000532939.jpg,Zhang16 Fine-tuned (Ours),26.386327169439156,0.953831221348167,0.1581134796142578,0.18681931495666504
000000533167.jpg,Zhang16 Fine-tuned (Ours),30.06982639654543,0.9785730684665283,0.15456917881965637,0.2916090488433838
000000533492.jpg,Zhang16 Fine-tuned (Ours),28.53014878504304,0.9732694241328964,0.13103900849819183,0.2203671932220459
000000534563.jpg,Zhang16 Fine-tuned (Ours),26.769417933533877,0.9622758131179143,0.1463327258825302,0.17395567893981934
000000534893.jpg,Zhang16 Fine-tuned (Ours),21.98308631326715,0.9380062639022025,0.16832208633422852,0.20033645629882812
000000534929.jpg,Zhang16 Fine-tuned (Ours),18.708221775282674,0.9134032873880926,0.26390188932418823,0.17783641815185547
000000535594.jpg,Zhang16 Fine-tuned (Ours),26.181371493095096,0.9641236655367922,0.1085791066288948,0.2025454044342041
000000535744.jpg,Zhang16 Fine-tuned (Ours),16.431317710010223,0.7673027768484534,0.29949137568473816,0.07155466079711914
000000536197.jpg,Zhang16 Fine-tuned (Ours),19.492624591049527,0.9481308128404798,0.24404843151569366,0.25049543380737305
000000536256.jpg,Zhang16 Fine-tuned (Ours),20.887110776045695,0.9112580736591936,0.21306926012039185,0.21946215629577637
000000536591.jpg,Zhang16 Fine-tuned (Ours),22.260995540618747,0.9521336339039556,0.2202080488204956,0.21642732620239258
000000537394.jpg,Zhang16 Fine-tuned (Ours),29.303281192100176,0.9324060931963921,0.1120353639125824,0.17519211769104004
000000537747.jpg,Zhang16 Fine-tuned (Ours),22.074736168434363,0.9238382293151521,0.24044442176818848,0.20180845260620117
000000538365.jpg,Zhang16 Fine-tuned (Ours),21.138712974559418,0.8246440355900343,0.3322252035140991,0.18558835983276367
000000538767.jpg,Zhang16 Fine-tuned (Ours),22.393120166484483,0.8766167279973914,0.16322481632232666,0.188309907913208
000000539512.jpg,Zhang16 Fine-tuned (Ours),19.443241806772054,0.8225144245047601,0.2200496941804886,0.24021339416503906
000000540650.jpg,Zhang16 Fine-tuned (Ours),23.440457928661914,0.9425219003208617,0.20871886610984802,0.1746354103088379
000000540908.jpg,Zhang16 Fine-tuned (Ours),19.270783867939084,0.9087400334347163,0.2665252685546875,0.24194788932800293
000000541946.jpg,Zhang16 Fine-tuned (Ours),26.244979488676265,0.9431551544950393,0.2579735219478607,0.19668936729431152
000000543061.jpg,Zhang16 Fine-tuned (Ours),23.313656548278516,0.879078863982405,0.20257772505283356,0.18903660774230957
000000543624.jpg,Zhang16 Fine-tuned (Ours),24.936553327816053,0.9646429162767022,0.06193278729915619,0.17327070236206055
000000544049.jpg,Zhang16 Fine-tuned (Ours),21.85396602126736,0.9360269556127143,0.2163829505443573,0.1735696792602539
000000544468.jpg,Zhang16 Fine-tuned (Ours),21.925278156585378,0.928569131879942,0.20377859473228455,0.19689345359802246
000000544509.jpg,Zhang16 Fine-tuned (Ours),26.541076477610698,0.9758977295227407,0.0786881297826767,0.1658620834350586
000000544790.jpg,Zhang16 Fine-tuned (Ours),20.638247711264526,0.8794786169001045,0.2237333357334137,0.1372969150543213
000000546072.jpg,Zhang16 Fine-tuned (Ours),22.067062267913805,0.8647696074998028,0.25985389947891235,0.20720434188842773
000000546573.jpg,Zhang16 Fine-tuned (Ours),19.622300770003008,0.9243765063705044,0.24910661578178406,0.19458937644958496
000000546982.jpg,Zhang16 Fine-tuned (Ours),26.041861634393136,0.9579068432970471,0.1298273205757141,0.17033147811889648
000000547466.jpg,Zhang16 Fine-tuned (Ours),23.031140261064856,0.9466981510269115,0.1582496017217636,0.1965043544769287
000000547729.jpg,Zhang16 Fine-tuned (Ours),24.384840590134967,0.9463653252604489,0.1721840798854828,0.20030689239501953
000000548023.jpg,Zhang16 Fine-tuned (Ours),20.05738557864589,0.9114043333127797,0.29022273421287537,0.18375849723815918
000000548152.jpg,Zhang16 Fine-tuned (Ours),18.894648725987846,0.8235896426627086,0.22794052958488464,0.13544297218322754
000000548290.jpg,Zhang16 Fine-tuned (Ours),27.68001311635011,0.955775365105807,0.19371628761291504,0.16460061073303223
000000548392.jpg,Zhang16 Fine-tuned (Ours),24.440329136663035,0.9648119333565949,0.13922764360904694,0.1900038719177246
000000549516.jpg,Zhang16 Fine-tuned (Ours),18.71791883416134,0.9050968214500769,0.257964551448822,0.17770695686340332
000000549791.jpg,Zhang16 Fine-tuned (Ours),41.130292186969086,0.9987079878216951,0.0045298016630113125,0.24977469444274902
000000549863.jpg,Zhang16 Fine-tuned (Ours),21.942115958701653,0.8844189366180321,0.1996210813522339,0.1970820426940918
000000551893.jpg,Zhang16 Fine-tuned (Ours),18.64971870086363,0.9050878683262997,0.27997687458992004,0.1886427402496338
000000552051.jpg,Zhang16 Fine-tuned (Ours),26.97390211574577,0.9692604276860372,0.1658581644296646,0.1843581199645996
000000552524.jpg,Zhang16 Fine-tuned (Ours),23.83607202655943,0.9708937686123306,0.1970844715833664,0.13344526290893555
000000553782.jpg,Zhang16 Fine-tuned (Ours),21.807716891037128,0.8890652888310001,0.30050650238990784,0.18636679649353027
000000554072.jpg,Zhang16 Fine-tuned (Ours),22.412959397726482,0.9349845333800347,0.14628250896930695,0.2017815113067627
000000554696.jpg,Zhang16 Fine-tuned (Ours),25.51484197198264,0.968317951290214,0.16795869171619415,0.14449405670166016
000000555111.jpg,Zhang16 Fine-tuned (Ours),17.5975320032247,0.9034693063030867,0.25438418984413147,0.1675252914428711
000000556059.jpg,Zhang16 Fine-tuned (Ours),21.42696391624195,0.9222514606884303,0.19428583979606628,0.11328411102294922
000000557665.jpg,Zhang16 Fine-tuned (Ours),25.405697858840334,0.9625026747900373,0.14657767117023468,0.12891483306884766
000000558003.jpg,Zhang16 Fine-tuned (Ours),35.414960799561086,0.9878680939673815,0.035371072590351105,0.11675477027893066
000000558059.jpg,Zhang16 Fine-tuned (Ours),25.33353415851243,0.9396581402673637,0.13632172346115112,0.1771547794342041
000000558240.jpg,Zhang16 Fine-tuned (Ours),25.76325081943422,0.9017948778021863,0.09678537398576736,0.06252336502075195
000000558583.jpg,Zhang16 Fine-tuned (Ours),15.764553995380151,0.6239536326283679,0.3258219063282013,0.17001056671142578
000000558778.jpg,Zhang16 Fine-tuned (Ours),23.22713638948827,0.9027655355565715,0.1617821455001831,0.16806364059448242
000000560672.jpg,Zhang16 Fine-tuned (Ours),19.315741301335905,0.8993963456062019,0.38232123851776123,0.19169282913208008
000000560696.jpg,Zhang16 Fine-tuned (Ours),15.038942867914226,0.8311760424280505,0.3319847881793976,0.13552260398864746
000000562022.jpg,Zhang16 Fine-tuned (Ours),28.14176453012234,0.9869058982912944,0.07329221814870834,0.1601555347442627
000000562439.jpg,Zhang16 Fine-tuned (Ours),27.82444324662089,0.9701161824500198,0.13574948906898499,0.21417641639709473
000000563425.jpg,Zhang16 Fine-tuned (Ours),21.01576404930932,0.907007128750501,0.22876965999603271,0.22663664817810059
000000563629.jpg,Zhang16 Fine-tuned (Ours),17.74499757690241,0.876523108578311,0.19795474410057068,0.19169163703918457
000000563703.jpg,Zhang16 Fine-tuned (Ours),21.168843962183498,0.8723194324162543,0.20044830441474915,0.2205965518951416
000000563908.jpg,Zhang16 Fine-tuned (Ours),17.188882074209726,0.8962984771990415,0.2395382672548294,0.19947433471679688
000000566196.jpg,Zhang16 Fine-tuned (Ours),23.985707197858,0.9044573482668015,0.15922904014587402,0.15122723579406738
000000566702.jpg,Zhang16 Fine-tuned (Ours),26.197819219703334,0.9752394753756057,0.1285436451435089,0.1131904125213623
000000567272.jpg,Zhang16 Fine-tuned (Ours),22.054655877001395,0.9344963305873645,0.2773452699184418,0.18657350540161133
000000567623.jpg,Zhang16 Fine-tuned (Ours),27.70312861770986,0.9661173635517594,0.11291216313838959,0.18887877464294434
000000570575.jpg,Zhang16 Fine-tuned (Ours),22.517977684551397,0.8944919014870402,0.22697857022285461,0.1173546314239502
000000570764.jpg,Zhang16 Fine-tuned (Ours),26.732090113461272,0.9686646993968195,0.14220085740089417,0.17601847648620605
000000571027.jpg,Zhang16 Fine-tuned (Ours),22.94675760747719,0.942422352820793,0.23031775653362274,0.17213702201843262
000000571463.jpg,Zhang16 Fine-tuned (Ours),23.592736763603593,0.9555540766833652,0.11812306940555573,0.18668866157531738
000000572190.jpg,Zhang16 Fine-tuned (Ours),28.453294841576458,0.9153035804960602,0.1273910254240036,0.19017457962036133
000000572389.jpg,Zhang16 Fine-tuned (Ours),33.9511891427953,0.9940905767073841,0.027353737503290176,0.1500096321105957
000000572562.jpg,Zhang16 Fine-tuned (Ours),25.14483336147924,0.9377054283226084,0.14618641138076782,0.1457836627960205
000000572576.jpg,Zhang16 Fine-tuned (Ours),18.271637457650968,0.8593668184614517,0.23923641443252563,0.1142880916595459
000000575930.jpg,Zhang16 Fine-tuned (Ours),19.146180041164158,0.8525503528405695,0.22923628985881805,0.1599876880645752
000000577218.jpg,Zhang16 Fine-tuned (Ours),25.224467910348196,0.9549550369473728,0.1295468509197235,0.15946483612060547
000000577335.jpg,Zhang16 Fine-tuned (Ours),26.501315197257558,0.969299960854984,0.15089690685272217,0.18878722190856934
000000577784.jpg,Zhang16 Fine-tuned (Ours),23.50700460574401,0.9485452744832726,0.21393698453903198,0.18259930610656738
000000577861.jpg,Zhang16 Fine-tuned (Ours),19.593929666189332,0.8853643571511972,0.24798749387264252,0.18248438835144043
000000578062.jpg,Zhang16 Fine-tuned (Ours),26.36830048872276,0.9603771829955324,0.10915647447109222,0.1493210792541504
000000579250.jpg,Zhang16 Fine-tuned (Ours),24.883921701961146,0.9667094501574972,0.1317657083272934,0.2281782627105713
000000579597.jpg,Zhang16 Fine-tuned (Ours),20.022858017037883,0.9062280109998501,0.3208628296852112,0.11763215065002441
000000579714.jpg,Zhang16 Fine-tuned (Ours),20.935834988800647,0.9420907578330802,0.25137245655059814,0.19573712348937988
000000579733.jpg,Zhang16 Fine-tuned (Ours),22.33656050778611,0.9369359876610309,0.161967933177948,0.16623902320861816
000000580610.jpg,Zhang16 Fine-tuned (Ours),17.893885770659853,0.7578039815362075,0.3428947925567627,0.1260528564453125
000000581265.jpg,Zhang16 Fine-tuned (Ours),23.591752644433534,0.9173690345640643,0.26699554920196533,0.16535687446594238
000000581342.jpg,Zhang16 Fine-tuned (Ours),22.555745609351746,0.8878434454441096,0.13715143501758575,0.1927659511566162
000000000311.jpg,Zhang 2017 (Interactive CNN),17.153809628035845,0.8961892120644662,0.328652948141098,0.8752238750457764
000000002380.jpg,Zhang 2017 (Interactive CNN),17.783768576475303,0.8135728418737816,0.2667892873287201,0.22428131103515625
000000002418.jpg,Zhang 2017 (Interactive CNN),18.351704351431465,0.7888046856434835,0.4797459840774536,0.23036670684814453
000000002427.jpg,Zhang 2017 (Interactive CNN),16.846324928587443,0.8130312347022084,0.3286222219467163,0.2178020477294922
000000002439.jpg,Zhang 2017 (Interactive CNN),17.277233199533885,0.7751898576785313,0.3769594430923462,0.20300650596618652
000000002797.jpg,Zhang 2017 (Interactive CNN),17.39606479816697,0.8861105348319945,0.32847675681114197,0.1938798427581787
000000002925.jpg,Zhang 2017 (Interactive CNN),13.833277340052131,0.5358714966715715,0.45107388496398926,0.22666239738464355
000000003384.jpg,Zhang 2017 (Interactive CNN),13.722277429616813,0.8878147884389668,0.4249751567840576,0.23151540756225586
000000003748.jpg,Zhang 2017 (Interactive CNN),17.95747088084708,0.8199054335131608,0.3561941683292389,0.15087652206420898
000000004649.jpg,Zhang 2017 (Interactive CNN),16.603487422334847,0.8936298203149838,0.24889130890369415,0.20199060440063477
000000005401.jpg,Zhang 2017 (Interactive CNN),15.677319441741792,0.808722761908674,0.3881305456161499,0.22751855850219727
000000005578.jpg,Zhang 2017 (Interactive CNN),22.099101967397758,0.9597111992024256,0.33207300305366516,0.21913862228393555
000000005976.jpg,Zhang 2017 (Interactive CNN),16.47913909651085,0.7558648150346888,0.39299890398979187,0.2205502986907959
000000007543.jpg,Zhang 2017 (Interactive CNN),18.090559940379816,0.7091695051026367,0.36131414771080017,0.15948104858398438
000000007843.jpg,Zhang 2017 (Interactive CNN),21.301326687719996,0.9348300591937829,0.4300890266895294,0.231154203414917
000000008258.jpg,Zhang 2017 (Interactive CNN),18.641967045717593,0.830508015076446,0.30909231305122375,0.23247671127319336
000000008609.jpg,Zhang 2017 (Interactive CNN),20.328207985735997,0.8787129674363526,0.2640777826309204,0.24641776084899902
000000009264.jpg,Zhang 2017 (Interactive CNN),16.051014572427633,0.7824236673065433,0.3433742821216583,0.16704916954040527
000000009703.jpg,Zhang 2017 (Interactive CNN),20.317973240321415,0.9528213697141467,0.22115135192871094,0.16608738899230957
000000011379.jpg,Zhang 2017 (Interactive CNN),21.596610389564983,0.9395393682132309,0.2039811611175537,0.14033937454223633
000000011413.jpg,Zhang 2017 (Interactive CNN),21.564493545884652,0.8935221250065616,0.204245924949646,0.2255241870880127
000000011958.jpg,Zhang 2017 (Interactive CNN),20.138112409731352,0.8551014694732592,0.26730453968048096,0.2079010009765625
000000013207.jpg,Zhang 2017 (Interactive CNN),19.746627639697728,0.9217665170164032,0.2469487339258194,0.22089505195617676
000000014119.jpg,Zhang 2017 (Interactive CNN),16.799990176963593,0.7384461043180529,0.3045858144760132,0.22131133079528809
000000014224.jpg,Zhang 2017 (Interactive CNN),14.518477790450206,0.8292949550508548,0.4577617347240448,0.23109030723571777
000000014408.jpg,Zhang 2017 (Interactive CNN),19.942918229312436,0.9307246253737604,0.31876426935195923,0.23236918449401855
000000014550.jpg,Zhang 2017 (Interactive CNN),21.034686333588116,0.874443278334489,0.2316209226846695,0.18075060844421387
000000015088.jpg,Zhang 2017 (Interactive CNN),17.531273483897674,0.5450535105812006,0.4496038258075714,0.2016294002532959
000000015568.jpg,Zhang 2017 (Interactive CNN),17.775063105116278,0.7607500006086045,0.33180758357048035,0.2322399616241455
000000015602.jpg,Zhang 2017 (Interactive CNN),14.57593296587902,0.7622798468302006,0.6200832724571228,0.16894054412841797
000000016833.jpg,Zhang 2017 (Interactive CNN),20.469146735473007,0.654693599508091,0.32461076974868774,0.2043602466583252
000000017568.jpg,Zhang 2017 (Interactive CNN),17.398254695906342,0.8907029636666565,0.4556443989276886,0.18903613090515137
000000017974.jpg,Zhang 2017 (Interactive CNN),20.800229830532842,0.9097647392066075,0.2235126495361328,0.16410017013549805
000000019204.jpg,Zhang 2017 (Interactive CNN),14.60223183035992,0.7276229517165191,0.4199296832084656,0.21502447128295898
000000019648.jpg,Zhang 2017 (Interactive CNN),15.765420266174333,0.9003607759089288,0.3161340355873108,0.2020728588104248
000000020048.jpg,Zhang 2017 (Interactive CNN),21.558644129762833,0.7630373852565234,0.18387199938297272,0.19576549530029297
000000021557.jpg,Zhang 2017 (Interactive CNN),15.960616159494075,0.8897526354507418,0.3833407163619995,0.16762757301330566
000000022445.jpg,Zhang 2017 (Interactive CNN),21.28255675369938,0.7974472810664589,0.27009835839271545,0.2085726261138916
000000023533.jpg,Zhang 2017 (Interactive CNN),19.562088144729618,0.895040943529876,0.3270889222621918,0.24169063568115234
000000024930.jpg,Zhang 2017 (Interactive CNN),18.894052005010955,0.9142295046977221,0.2949610948562622,0.22955942153930664
000000025064.jpg,Zhang 2017 (Interactive CNN),18.16415204984875,0.8999634843631505,0.20763835310935974,0.2114119529724121
000000025092.jpg,Zhang 2017 (Interactive CNN),14.86077516858897,0.7766953559658578,0.34421205520629883,0.22196102142333984
000000025164.jpg,Zhang 2017 (Interactive CNN),20.57420216555396,0.8286710735773376,0.19254067540168762,0.18572616577148438
000000025330.jpg,Zhang 2017 (Interactive CNN),18.173303261908572,0.8462906220706081,0.3332222104072571,0.2258164882659912
000000025893.jpg,Zhang 2017 (Interactive CNN),21.381323250391095,0.8160453604515278,0.21947376430034637,0.1912670135498047
000000026649.jpg,Zhang 2017 (Interactive CNN),15.280880262177906,0.7015816613428664,0.5799622535705566,0.19120192527770996
000000026770.jpg,Zhang 2017 (Interactive CNN),14.629227074546549,0.7772034004340921,0.38559490442276,0.2283174991607666
000000027034.jpg,Zhang 2017 (Interactive CNN),18.782753862396845,0.9206418045123064,0.2829436659812927,0.20598483085632324
000000028203.jpg,Zhang 2017 (Interactive CNN),13.587953913237534,0.7963925777246729,0.48103225231170654,0.2094249725341797
000000028500.jpg,Zhang 2017 (Interactive CNN),19.482977197396014,0.894236533814866,0.3357289731502533,0.24044036865234375
000000028709.jpg,Zhang 2017 (Interactive CNN),16.337440844176186,0.8181340678242793,0.41287222504615784,0.22404718399047852
000000028753.jpg,Zhang 2017 (Interactive CNN),17.411139689134345,0.882418279558696,0.2619194984436035,0.21102142333984375
000000030101.jpg,Zhang 2017 (Interactive CNN),17.564129903698632,0.7032100889863985,0.4014911651611328,0.21146178245544434
000000030584.jpg,Zhang 2017 (Interactive CNN),19.90491413169432,0.8270318385612804,0.30893704295158386,0.2396681308746338
000000030687.jpg,Zhang 2017 (Interactive CNN),16.475524360691495,0.8536796686197555,0.38844987750053406,0.21115565299987793
000000031724.jpg,Zhang 2017 (Interactive CNN),21.39889760946862,0.9034961568031488,0.1972852647304535,0.21012592315673828
000000032096.jpg,Zhang 2017 (Interactive CNN),16.192904467818686,0.8061591459671679,0.42525234818458557,0.2722644805908203
000000032545.jpg,Zhang 2017 (Interactive CNN),16.68651909499966,0.823108226751486,0.2927331030368805,0.21456551551818848
000000033060.jpg,Zhang 2017 (Interactive CNN),18.242583026332564,0.8155863379525448,0.34731927514076233,0.25969982147216797
000000033986.jpg,Zhang 2017 (Interactive CNN),23.903480629494375,0.7613912617635409,0.30504557490348816,0.24612998962402344
000000034844.jpg,Zhang 2017 (Interactive CNN),18.55063229988615,0.8757780251935846,0.2583187520503998,0.21836376190185547
000000035073.jpg,Zhang 2017 (Interactive CNN),19.176009142326812,0.8943014221924167,0.2603023946285248,0.25917553901672363
000000036076.jpg,Zhang 2017 (Interactive CNN),20.629295932950193,0.7461884015281361,0.31931349635124207,0.2465803623199463
000000036302.jpg,Zhang 2017 (Interactive CNN),20.98654316062246,0.7785187004957587,0.21403220295906067,0.23383212089538574
000000036369.jpg,Zhang 2017 (Interactive CNN),17.652215698408654,0.909675066845228,0.3596058189868927,0.23019719123840332
000000036375.jpg,Zhang 2017 (Interactive CNN),22.016375600544023,0.9149458314348461,0.21646110713481903,0.2695012092590332
000000037218.jpg,Zhang 2017 (Interactive CNN),22.16636850128267,0.8423006498076125,0.2365102916955948,0.19868707656860352
000000037997.jpg,Zhang 2017 (Interactive CNN),20.225887960014063,0.9158853970721889,0.24931611120700836,0.27643561363220215
000000038260.jpg,Zhang 2017 (Interactive CNN),17.37660270720648,0.8641720817322555,0.2114199697971344,0.2643594741821289
000000038600.jpg,Zhang 2017 (Interactive CNN),20.35834322188188,0.8972385006358484,0.2565472722053528,0.24735093116760254
000000038915.jpg,Zhang 2017 (Interactive CNN),24.537981925397062,0.9524241852023714,0.2472044825553894,0.2718214988708496
000000039056.jpg,Zhang 2017 (Interactive CNN),15.003699373202327,0.643475249345424,0.495024174451828,0.2789335250854492
000000039260.jpg,Zhang 2017 (Interactive CNN),19.97533648941439,0.7164034321215921,0.3682270348072052,0.11740303039550781
000000042660.jpg,Zhang 2017 (Interactive CNN),17.936541972847003,0.912732621386795,0.3797079026699066,0.24367237091064453
000000043631.jpg,Zhang 2017 (Interactive CNN),19.448714148088712,0.8711285490994148,0.2870979607105255,0.24653840065002441
000000044390.jpg,Zhang 2017 (Interactive CNN),15.03397573119587,0.7964765120276537,0.4653277099132538,0.26455187797546387
000000044819.jpg,Zhang 2017 (Interactive CNN),23.314023924844545,0.7299544669901489,0.20327617228031158,0.24502182006835938
000000045457.jpg,Zhang 2017 (Interactive CNN),13.50350242908605,0.7977307280752979,0.4630906283855438,0.2282886505126953
000000046158.jpg,Zhang 2017 (Interactive CNN),18.9188773726621,0.8958458737868827,0.26205846667289734,0.18587660789489746
000000046527.jpg,Zhang 2017 (Interactive CNN),21.964155661276653,0.43551010085115066,0.4577207863330841,0.22055506706237793
000000046601.jpg,Zhang 2017 (Interactive CNN),15.83539166284105,0.8193674743491238,0.2954016625881195,0.20632290840148926
000000046661.jpg,Zhang 2017 (Interactive CNN),19.064224960711897,0.8122347512648357,0.3205258846282959,0.24255847930908203
000000046721.jpg,Zhang 2017 (Interactive CNN),17.24752378072528,0.8249842134895496,0.3103926181793213,0.24237322807312012
000000048642.jpg,Zhang 2017 (Interactive CNN),21.23494549625418,0.658724587385629,0.3188202381134033,0.1831955909729004
000000048693.jpg,Zhang 2017 (Interactive CNN),16.758116982578354,0.7625474685154319,0.3378629684448242,0.23066115379333496
000000049067.jpg,Zhang 2017 (Interactive CNN),16.748230577754796,0.6649116104502334,0.5014715194702148,0.23852324485778809
000000049246.jpg,Zhang 2017 (Interactive CNN),27.555468838959595,0.9729901120941259,0.14095842838287354,0.2382946014404297
000000049305.jpg,Zhang 2017 (Interactive CNN),18.766738250100516,0.779369359547038,0.3191326856613159,0.2537543773651123
000000049410.jpg,Zhang 2017 (Interactive CNN),15.920598545029012,0.8220618126890685,0.30437758564949036,0.23426222801208496
000000049919.jpg,Zhang 2017 (Interactive CNN),18.289514898496314,0.8664910611392685,0.32433873414993286,0.22933125495910645
000000050630.jpg,Zhang 2017 (Interactive CNN),18.950921041818937,0.8494528551726588,0.20382572710514069,0.2324228286743164
000000051867.jpg,Zhang 2017 (Interactive CNN),18.04075123114839,0.9347302625440016,0.3155675530433655,0.22701549530029297
000000052483.jpg,Zhang 2017 (Interactive CNN),17.74592487170628,0.9009741810078751,0.2869012653827667,0.2446451187133789
000000052520.jpg,Zhang 2017 (Interactive CNN),15.459983216917477,0.764406221824874,0.3707078695297241,0.26212024688720703
000000052587.jpg,Zhang 2017 (Interactive CNN),19.917871308900878,0.9144175139970714,0.173494353890419,0.23137497901916504
000000053857.jpg,Zhang 2017 (Interactive CNN),19.329356595998565,0.9214813254027941,0.2586928606033325,0.24927997589111328
000000054070.jpg,Zhang 2017 (Interactive CNN),16.426159450457998,0.837924674094546,0.3641480803489685,0.2187497615814209
000000056220.jpg,Zhang 2017 (Interactive CNN),18.75299187591921,0.8647252326464288,0.3079431354999542,0.31264829635620117
000000056757.jpg,Zhang 2017 (Interactive CNN),24.065698609133975,0.9210900071307618,0.3463587164878845,0.21826601028442383
000000057079.jpg,Zhang 2017 (Interactive CNN),22.36022197871919,0.7231901138321325,0.23122894763946533,0.13904929161071777
000000057549.jpg,Zhang 2017 (Interactive CNN),19.34657850582379,0.8995326370614593,0.2530995309352875,0.26061511039733887
000000058620.jpg,Zhang 2017 (Interactive CNN),19.212798635667685,0.9167790746518713,0.2842680513858795,0.2832808494567871
000000058932.jpg,Zhang 2017 (Interactive CNN),20.700443686768462,0.8081765363418946,0.2981618642807007,0.26744842529296875
000000058983.jpg,Zhang 2017 (Interactive CNN),18.091933437710843,0.8810312878780727,0.28930240869522095,0.25076818466186523
000000059942.jpg,Zhang 2017 (Interactive CNN),17.378010535479127,0.8469816135312055,0.29922065138816833,0.25815796852111816
000000061055.jpg,Zhang 2017 (Interactive CNN),15.556368896981391,0.8237458723134069,0.35445746779441833,0.21312665939331055
000000061691.jpg,Zhang 2017 (Interactive CNN),20.822409952008528,0.8868657612199154,0.23783127963542938,0.26534557342529297
000000062335.jpg,Zhang 2017 (Interactive CNN),16.97624429591158,0.8380032350955235,0.4347565472126007,0.2973501682281494
000000062728.jpg,Zhang 2017 (Interactive CNN),17.255055825976907,0.6421754158641263,0.3995727002620697,0.1879560947418213
000000063840.jpg,Zhang 2017 (Interactive CNN),19.87928763206089,0.8353260090111955,0.2987261116504669,0.28586578369140625
000000065576.jpg,Zhang 2017 (Interactive CNN),22.401452176933457,0.9674183026176729,0.228654146194458,0.26701998710632324
000000066102.jpg,Zhang 2017 (Interactive CNN),13.52196220219821,0.7721930298353051,0.3452296257019043,0.24342036247253418
000000066590.jpg,Zhang 2017 (Interactive CNN),18.74344915253555,0.8558240016599216,0.3150976002216339,0.2635042667388916
000000066724.jpg,Zhang 2017 (Interactive CNN),27.610703474281276,0.9030203481686295,0.11264484375715256,0.2455909252166748
000000067250.jpg,Zhang 2017 (Interactive CNN),19.352975117445713,0.9192582494415559,0.27853721380233765,0.3016626834869385
000000067343.jpg,Zhang 2017 (Interactive CNN),18.154026348853396,0.8428547946709758,0.3552379608154297,0.2500624656677246
000000067579.jpg,Zhang 2017 (Interactive CNN),14.032102495908106,0.6821614763094788,0.35774433612823486,0.20589828491210938
000000068216.jpg,Zhang 2017 (Interactive CNN),17.52265839380538,0.5679555819605215,0.4877532124519348,0.18300080299377441
000000068371.jpg,Zhang 2017 (Interactive CNN),17.59778944402661,0.8289894057968755,0.25802886486053467,0.23514914512634277
000000068806.jpg,Zhang 2017 (Interactive CNN),22.16198506761944,0.7854759971083921,0.2845984101295471,0.2527596950531006
000000068846.jpg,Zhang 2017 (Interactive CNN),22.61346512538454,0.8713615715378573,0.20119211077690125,0.2478344440460205
000000069237.jpg,Zhang 2017 (Interactive CNN),16.96193817014478,0.872484393468483,0.3351587653160095,0.22685027122497559
000000069430.jpg,Zhang 2017 (Interactive CNN),16.431688999192197,0.8588888764637472,0.33574870228767395,0.2458789348602295
000000069623.jpg,Zhang 2017 (Interactive CNN),20.689243689596715,0.9271569440771866,0.24788382649421692,0.1944437026977539
000000069760.jpg,Zhang 2017 (Interactive CNN),19.43904396189803,0.8864776084445259,0.28553158044815063,0.23804688453674316
000000070098.jpg,Zhang 2017 (Interactive CNN),18.18218222236656,0.828571885804834,0.2769469618797302,0.20726251602172852
000000070274.jpg,Zhang 2017 (Interactive CNN),19.67202800104239,0.927922720786261,0.2838936746120453,0.2428147792816162
000000070419.jpg,Zhang 2017 (Interactive CNN),22.71639170106832,0.9151451912723996,0.30369824171066284,0.23757410049438477
000000070625.jpg,Zhang 2017 (Interactive CNN),14.682258801488466,0.6443893059536566,0.46311843395233154,0.23517084121704102
000000072087.jpg,Zhang 2017 (Interactive CNN),14.659367806549286,0.7749734526128288,0.33470287919044495,0.22730302810668945
000000072464.jpg,Zhang 2017 (Interactive CNN),23.586830472035558,0.9414173550674355,0.15998592972755432,0.21087074279785156
000000072665.jpg,Zhang 2017 (Interactive CNN),19.59428786605588,0.8898680432313899,0.24530014395713806,0.24306726455688477
000000073103.jpg,Zhang 2017 (Interactive CNN),13.934228633623245,0.9022712425579021,0.45389631390571594,0.2404954433441162
000000073817.jpg,Zhang 2017 (Interactive CNN),14.205782415917692,0.81328754297178,0.41287484765052795,0.18771004676818848
000000073886.jpg,Zhang 2017 (Interactive CNN),15.03411638932624,0.7354197724779731,0.4659781754016876,0.2699306011199951
000000075086.jpg,Zhang 2017 (Interactive CNN),22.43957410108148,0.9038041390332646,0.2212403416633606,0.25991392135620117
000000075889.jpg,Zhang 2017 (Interactive CNN),18.21391955926197,0.8022394341979296,0.28256756067276,0.18866562843322754
000000076774.jpg,Zhang 2017 (Interactive CNN),19.487648142515173,0.9488365477687295,0.17935284972190857,0.20823073387145996
000000078408.jpg,Zhang 2017 (Interactive CNN),22.81662222750146,0.9107733407984604,0.2178899645805359,0.23965930938720703
000000078568.jpg,Zhang 2017 (Interactive CNN),15.662124316372276,0.738022513799714,0.4403960704803467,0.24299168586730957
000000078734.jpg,Zhang 2017 (Interactive CNN),15.091747656142191,0.9046741186944495,0.3971439003944397,0.2890281677246094
000000078931.jpg,Zhang 2017 (Interactive CNN),20.50525149103779,0.8818811263085657,0.20166698098182678,0.3410325050354004
000000079050.jpg,Zhang 2017 (Interactive CNN),16.9285664903594,0.7709047927638121,0.2533310651779175,0.16005873680114746
000000079246.jpg,Zhang 2017 (Interactive CNN),23.936589163846172,0.7475112189322842,0.348810076713562,0.24131131172180176
000000080024.jpg,Zhang 2017 (Interactive CNN),21.815618913770788,0.7331695402595418,0.3095967471599579,0.24296975135803223
000000080499.jpg,Zhang 2017 (Interactive CNN),17.059048936679925,0.6873912271244502,0.4197097420692444,0.17566847801208496
000000080607.jpg,Zhang 2017 (Interactive CNN),21.273075750650463,0.9444605986662679,0.26405462622642517,0.25973963737487793
000000080799.jpg,Zhang 2017 (Interactive CNN),17.243974355746932,0.9002668523373196,0.325091689825058,0.25398945808410645
000000080986.jpg,Zhang 2017 (Interactive CNN),19.621831218761212,0.8706014829178472,0.2692195773124695,0.24179792404174805
000000081007.jpg,Zhang 2017 (Interactive CNN),20.40435325014927,0.9306186617350556,0.23559245467185974,0.2491161823272705
000000081986.jpg,Zhang 2017 (Interactive CNN),14.467817293107606,0.8629787482028927,0.3439270257949829,0.25785064697265625
000000081992.jpg,Zhang 2017 (Interactive CNN),20.65986166407777,0.6559766386962819,0.25121182203292847,0.21126294136047363
000000082265.jpg,Zhang 2017 (Interactive CNN),15.12775532925408,0.7843384210055598,0.3933398425579071,0.20391297340393066
000000083366.jpg,Zhang 2017 (Interactive CNN),20.134100077308297,0.8780191954599158,0.27751877903938293,0.28406286239624023
000000084112.jpg,Zhang 2017 (Interactive CNN),17.493989756118996,0.864244586578934,0.2991347312927246,0.2973666191101074
000000084342.jpg,Zhang 2017 (Interactive CNN),18.07342083829107,0.756752761163548,0.3008255064487457,0.24679327011108398
000000084381.jpg,Zhang 2017 (Interactive CNN),18.631403307335184,0.8349117002960386,0.2932407259941101,0.28259968757629395
000000086028.jpg,Zhang 2017 (Interactive CNN),22.152420642338015,0.9183630777664593,0.2067325860261917,0.25569701194763184
000000086187.jpg,Zhang 2017 (Interactive CNN),19.095755395018845,0.7232084525645875,0.366908997297287,0.22997307777404785
000000087759.jpg,Zhang 2017 (Interactive CNN),20.564771449628026,0.7596685677938794,0.29691076278686523,0.2873260974884033
000000087952.jpg,Zhang 2017 (Interactive CNN),16.8862475467786,0.7761755689912645,0.34052425622940063,0.23509621620178223
000000088049.jpg,Zhang 2017 (Interactive CNN),23.421806234027187,0.9697794395955152,0.17103363573551178,0.2643702030181885
000000088687.jpg,Zhang 2017 (Interactive CNN),15.902492737536287,0.858493942267219,0.42169612646102905,0.3872683048248291
000000089237.jpg,Zhang 2017 (Interactive CNN),17.628803779915206,0.9123935062503082,0.3160206079483032,0.3033788204193115
000000089626.jpg,Zhang 2017 (Interactive CNN),20.929458102736497,0.9632798440836758,0.25513333082199097,0.2431011199951172
000000090601.jpg,Zhang 2017 (Interactive CNN),23.759281598920786,0.8520852714163759,0.2706875205039978,0.26867198944091797
000000090828.jpg,Zhang 2017 (Interactive CNN),17.730788156822914,0.8997501021397968,0.48511406779289246,0.22356414794921875
000000090971.jpg,Zhang 2017 (Interactive CNN),20.067759461229393,0.835393251944161,0.3650440573692322,0.23942160606384277
000000092360.jpg,Zhang 2017 (Interactive CNN),14.464587808876958,0.742629959547824,0.3904682397842407,0.23195552825927734
000000092434.jpg,Zhang 2017 (Interactive CNN),18.101087803739617,0.743020353808027,0.3561166822910309,0.2521193027496338
000000092908.jpg,Zhang 2017 (Interactive CNN),19.050333584182912,0.8661384178143651,0.35556328296661377,0.24658799171447754
000000093076.jpg,Zhang 2017 (Interactive CNN),18.70618154434461,0.8351722003254265,0.38817164301872253,0.23383879661560059
000000095259.jpg,Zhang 2017 (Interactive CNN),19.049180113999405,0.8185262279392086,0.3469387888908386,0.2243809700012207
000000096098.jpg,Zhang 2017 (Interactive CNN),21.38806126601505,0.8395708450633036,0.2664094567298889,0.25310826301574707
000000096518.jpg,Zhang 2017 (Interactive CNN),18.04918479649337,0.8254248760329976,0.29422593116760254,0.22997665405273438
000000096584.jpg,Zhang 2017 (Interactive CNN),16.724986876603403,0.8560622858309674,0.2988433539867401,0.25729894638061523
000000096605.jpg,Zhang 2017 (Interactive CNN),22.09613856675151,0.8867387768088615,0.2623828947544098,0.2648496627807617
000000096846.jpg,Zhang 2017 (Interactive CNN),20.518715575569594,0.9108607537025524,0.24336227774620056,0.2715277671813965
000000098657.jpg,Zhang 2017 (Interactive CNN),17.820851456897397,0.7352786142768744,0.3488607406616211,0.25670456886291504
000000098712.jpg,Zhang 2017 (Interactive CNN),10.711217163609518,0.6992623240438349,0.5553304553031921,0.24370741844177246
000000098861.jpg,Zhang 2017 (Interactive CNN),19.41041099092276,0.8883644991171747,0.3077809810638428,0.26221537590026855
000000099420.jpg,Zhang 2017 (Interactive CNN),23.052583377927878,0.9294337204083195,0.22696718573570251,0.2915024757385254
000000099764.jpg,Zhang 2017 (Interactive CNN),18.604227716187246,0.7513851689821663,0.31602197885513306,0.27383995056152344
000000099889.jpg,Zhang 2017 (Interactive CNN),18.051263709044733,0.7605959090951666,0.41065073013305664,0.30762529373168945
000000101119.jpg,Zhang 2017 (Interactive CNN),17.084983592175924,0.8136373870818728,0.22623801231384277,0.32630085945129395
000000102399.jpg,Zhang 2017 (Interactive CNN),19.434292938846994,0.7161132647798237,0.261588990688324,0.26846790313720703
000000102767.jpg,Zhang 2017 (Interactive CNN),24.101537506045332,0.929030805721747,0.14437007904052734,0.26079821586608887
000000103350.jpg,Zhang 2017 (Interactive CNN),21.457651807855534,0.8840878525048698,0.18770840764045715,0.24930167198181152
000000103391.jpg,Zhang 2017 (Interactive CNN),19.853022227356508,0.8343677907924384,0.25329822301864624,0.30721426010131836
000000103451.jpg,Zhang 2017 (Interactive CNN),14.582949037850192,0.7866683842894492,0.39861392974853516,0.30893993377685547
000000103721.jpg,Zhang 2017 (Interactive CNN),17.071350701897817,0.804465526608921,0.3059200048446655,0.21521472930908203
000000103777.jpg,Zhang 2017 (Interactive CNN),21.5468878280117,0.926551591570043,0.25666484236717224,0.23551249504089355
000000105054.jpg,Zhang 2017 (Interactive CNN),15.463536788802797,0.8448327752582095,0.3765065371990204,0.19377446174621582
000000105130.jpg,Zhang 2017 (Interactive CNN),13.712757353441365,0.8643687918775069,0.5522153973579407,0.25162291526794434
000000105400.jpg,Zhang 2017 (Interactive CNN),18.975829753750133,0.8967772567594569,0.3053858280181885,0.2657334804534912
000000105654.jpg,Zhang 2017 (Interactive CNN),22.067345921414105,0.8269107025842518,0.22403743863105774,0.23475217819213867
000000105965.jpg,Zhang 2017 (Interactive CNN),15.73729401006571,0.8581804669211607,0.4172753393650055,0.23868751525878906
000000107224.jpg,Zhang 2017 (Interactive CNN),18.414128314912684,0.8631981795917453,0.3234359622001648,0.24519705772399902
000000107600.jpg,Zhang 2017 (Interactive CNN),20.91233542222763,0.8706793009118541,0.19773253798484802,0.1578977108001709
000000107717.jpg,Zhang 2017 (Interactive CNN),24.877133638768672,0.9319282222340549,0.25598037242889404,0.23523187637329102
000000107916.jpg,Zhang 2017 (Interactive CNN),13.874016749050007,0.7436253236531716,0.4669373333454132,0.23832082748413086
000000108001.jpg,Zhang 2017 (Interactive CNN),15.3425071353332,0.7099712448375803,0.4608462154865265,0.19304156303405762
000000108469.jpg,Zhang 2017 (Interactive CNN),17.804707769687287,0.8184877628937911,0.42249688506126404,0.17651891708374023
000000111540.jpg,Zhang 2017 (Interactive CNN),20.243080332637177,0.8978410116512404,0.30822044610977173,0.20969676971435547
000000111816.jpg,Zhang 2017 (Interactive CNN),16.347969702652843,0.9146233354245711,0.3198239505290985,0.2312633991241455
000000111847.jpg,Zhang 2017 (Interactive CNN),14.526857268072913,0.8638856878037428,0.4112599492073059,0.21033644676208496
000000111915.jpg,Zhang 2017 (Interactive CNN),14.863511947371768,0.8008469926947072,0.42980289459228516,0.1885998249053955
000000112067.jpg,Zhang 2017 (Interactive CNN),26.282720352247686,0.9646734856755496,0.19428150355815887,0.23379826545715332
000000113538.jpg,Zhang 2017 (Interactive CNN),18.866869375507374,0.908902214069292,0.2642030715942383,0.20837140083312988
000000114991.jpg,Zhang 2017 (Interactive CNN),15.586488846772397,0.8954066822406639,0.4209677577018738,0.20665717124938965
000000115628.jpg,Zhang 2017 (Interactive CNN),16.380055060756217,0.8298321119327632,0.3517600893974304,0.24539422988891602
000000116400.jpg,Zhang 2017 (Interactive CNN),13.365474260062884,0.8730279405151363,0.4098624587059021,0.2001197338104248
000000116547.jpg,Zhang 2017 (Interactive CNN),18.867786225004515,0.8377183641594844,0.2762143611907959,0.20162272453308105
000000116704.jpg,Zhang 2017 (Interactive CNN),22.24722344871617,0.9236659785807327,0.2992607653141022,0.23548173904418945
000000116795.jpg,Zhang 2017 (Interactive CNN),17.144542146745945,0.8447822204187402,0.3708850145339966,0.20931196212768555
000000117516.jpg,Zhang 2017 (Interactive CNN),20.479544569798847,0.7474879486429038,0.30313757061958313,0.2359142303466797
000000118491.jpg,Zhang 2017 (Interactive CNN),13.683950870877226,0.6873698494884773,0.4339018166065216,0.23422002792358398
000000119193.jpg,Zhang 2017 (Interactive CNN),19.07195588288677,0.8845514466532096,0.24501970410346985,0.16900086402893066
000000121257.jpg,Zhang 2017 (Interactive CNN),17.34288688582725,0.7601403200675486,0.34967660903930664,0.2173924446105957
000000123364.jpg,Zhang 2017 (Interactive CNN),16.87889129321333,0.8293149057259734,0.31425195932388306,0.22936224937438965
000000125203.jpg,Zhang 2017 (Interactive CNN),20.989124420594308,0.47183357684327537,0.34337592124938965,0.175675630569458
000000125465.jpg,Zhang 2017 (Interactive CNN),15.849037057364209,0.852955922408071,0.3995538353919983,0.18472504615783691
000000125604.jpg,Zhang 2017 (Interactive CNN),20.8446083828991,0.6953636500019402,0.27110421657562256,0.18561553955078125
000000127771.jpg,Zhang 2017 (Interactive CNN),15.335432282539944,0.8585131776258459,0.25561466813087463,0.2266218662261963
000000129360.jpg,Zhang 2017 (Interactive CNN),19.43907537990031,0.916724143542235,0.24803581833839417,0.22423982620239258
000000129714.jpg,Zhang 2017 (Interactive CNN),19.36306872601372,0.8438071588566026,0.2856941223144531,0.23349308967590332
000000130669.jpg,Zhang 2017 (Interactive CNN),18.20045240925251,0.6652066102849394,0.33324265480041504,0.159865140914917
000000132364.jpg,Zhang 2017 (Interactive CNN),16.283463412513044,0.7362953628657299,0.2922932803630829,0.24120259284973145
000000132545.jpg,Zhang 2017 (Interactive CNN),19.28200789630349,0.9430781009183189,0.29939165711402893,0.21254992485046387
000000133947.jpg,Zhang 2017 (Interactive CNN),16.60991900951358,0.796357018467897,0.4481046199798584,0.23041462898254395
000000134275.jpg,Zhang 2017 (Interactive CNN),22.67504468844333,0.9102952271338708,0.24154941737651825,0.2156836986541748
000000134696.jpg,Zhang 2017 (Interactive CNN),17.886541542487308,0.9011968029178986,0.253055602312088,0.16387319564819336
000000135597.jpg,Zhang 2017 (Interactive CNN),18.250216351680283,0.8835839610271558,0.2639930844306946,0.22685503959655762
000000135629.jpg,Zhang 2017 (Interactive CNN),14.484091879456072,0.8797037193119909,0.46819719672203064,0.2225964069366455
000000136090.jpg,Zhang 2017 (Interactive CNN),18.602710296754733,0.7734878602281633,0.4226158857345581,0.15872859954833984
000000136545.jpg,Zhang 2017 (Interactive CNN),24.796831434372777,0.8764849189661982,0.3284769058227539,0.22640228271484375
000000136759.jpg,Zhang 2017 (Interactive CNN),16.651188576234375,0.8089654822297309,0.34675002098083496,0.23896241188049316
000000137086.jpg,Zhang 2017 (Interactive CNN),13.95678854889048,0.8614125203551053,0.3612191081047058,0.22557330131530762
000000137565.jpg,Zhang 2017 (Interactive CNN),20.12525805393517,0.8694298026791959,0.2728421986103058,0.2250223159790039
000000137840.jpg,Zhang 2017 (Interactive CNN),23.760951547250514,0.7383915226381275,0.20887351036071777,0.2224133014678955
000000138012.jpg,Zhang 2017 (Interactive CNN),19.247577899061476,0.8991510974359138,0.29589566588401794,0.2189037799835205
000000138178.jpg,Zhang 2017 (Interactive CNN),19.18240893325584,0.8732722893633925,0.3955425024032593,0.22525691986083984
000000139084.jpg,Zhang 2017 (Interactive CNN),18.250453522657732,0.8652575360176539,0.3078800439834595,0.20513582229614258
000000139498.jpg,Zhang 2017 (Interactive CNN),14.360941893781158,0.6838808784484568,0.3996865153312683,0.21593093872070312
000000139713.jpg,Zhang 2017 (Interactive CNN),13.717467257513544,0.736112080564908,0.42143264412879944,0.18678736686706543
000000140023.jpg,Zhang 2017 (Interactive CNN),18.906571700692957,0.8406913770135996,0.27815428376197815,0.2167823314666748
000000140357.jpg,Zhang 2017 (Interactive CNN),17.401994223242582,0.8442091969176118,0.3764033913612366,0.1238858699798584
000000140894.jpg,Zhang 2017 (Interactive CNN),14.888516155902158,0.8692607889831864,0.3703071177005768,0.17679166793823242
000000141550.jpg,Zhang 2017 (Interactive CNN),19.957084771412354,0.9014631248150934,0.2836798429489136,0.208634614944458
000000141551.jpg,Zhang 2017 (Interactive CNN),16.57184769901025,0.8731060428437303,0.3915248513221741,0.2306673526763916
000000142594.jpg,Zhang 2017 (Interactive CNN),20.082973288993095,0.5939141986625484,0.3534952998161316,0.2053840160369873
000000143278.jpg,Zhang 2017 (Interactive CNN),20.65504825953932,0.6724791249216177,0.30038896203041077,0.21196246147155762
000000144387.jpg,Zhang 2017 (Interactive CNN),20.361460378314078,0.9526520889863214,0.258713960647583,0.2086777687072754
000000144636.jpg,Zhang 2017 (Interactive CNN),20.47861557098034,0.9238548100745544,0.23689137399196625,0.22328829765319824
000000144751.jpg,Zhang 2017 (Interactive CNN),13.40413025768234,0.7290842627435014,0.3361695408821106,0.22586631774902344
000000144943.jpg,Zhang 2017 (Interactive CNN),23.621668625858263,0.9352612564548356,0.313505619764328,0.20906472206115723
000000146180.jpg,Zhang 2017 (Interactive CNN),14.02629291059023,0.7949730676823964,0.3472849428653717,0.23425793647766113
000000146265.jpg,Zhang 2017 (Interactive CNN),15.516818489102956,0.7428469279482598,0.39961111545562744,0.23822808265686035
000000146298.jpg,Zhang 2017 (Interactive CNN),19.555091877290966,0.9380917323615775,0.27406102418899536,0.25763559341430664
000000146906.jpg,Zhang 2017 (Interactive CNN),16.08134772680102,0.8559126185187629,0.35413652658462524,0.2170543670654297
000000147005.jpg,Zhang 2017 (Interactive CNN),19.599050613081,0.9043362244480564,0.1896432340145111,0.22372698783874512
000000147191.jpg,Zhang 2017 (Interactive CNN),20.876955575613373,0.9322216315405457,0.1880863606929779,0.20694756507873535
000000147321.jpg,Zhang 2017 (Interactive CNN),17.737480226002504,0.768578996546743,0.38709789514541626,0.2108306884765625
000000147456.jpg,Zhang 2017 (Interactive CNN),16.902546303422096,0.9194312857537138,0.3494449257850647,0.22646617889404297
000000148220.jpg,Zhang 2017 (Interactive CNN),18.170198139729127,0.9103245003968398,0.3007299304008484,0.2607119083404541
000000148367.jpg,Zhang 2017 (Interactive CNN),17.822870775383876,0.7337070776264696,0.33898335695266724,0.19812679290771484
000000148388.jpg,Zhang 2017 (Interactive CNN),17.24222191164513,0.9196493147645753,0.42311224341392517,0.2432270050048828
000000148535.jpg,Zhang 2017 (Interactive CNN),15.329384738822537,0.8896486961612728,0.410338431596756,0.21100282669067383
000000148681.jpg,Zhang 2017 (Interactive CNN),15.063826549435023,0.8433207350297329,0.36052849888801575,0.22855758666992188
000000149491.jpg,Zhang 2017 (Interactive CNN),15.332000174855498,0.851888698467547,0.3769892752170563,0.1887362003326416
000000149848.jpg,Zhang 2017 (Interactive CNN),23.423900375822697,0.8775284762453733,0.22083526849746704,0.2329258918762207
000000150167.jpg,Zhang 2017 (Interactive CNN),16.215857948386564,0.9015428194192886,0.46605736017227173,0.2259228229522705
000000150389.jpg,Zhang 2017 (Interactive CNN),14.388889986310495,0.7572099561212563,0.3438740372657776,0.1706221103668213
000000150856.jpg,Zhang 2017 (Interactive CNN),15.263569312655488,0.7304865481536057,0.45126473903656006,0.17130732536315918
000000151504.jpg,Zhang 2017 (Interactive CNN),20.19858502567367,0.8931014240551368,0.3101540803909302,0.23027777671813965
000000152445.jpg,Zhang 2017 (Interactive CNN),24.989761693885562,0.9636038022059793,0.2420709878206253,0.1666879653930664
000000154115.jpg,Zhang 2017 (Interactive CNN),20.56054384390248,0.963562551026353,0.20976431667804718,0.21156716346740723
000000154655.jpg,Zhang 2017 (Interactive CNN),14.760262292804693,0.6484298477109729,0.3382270038127899,0.24483895301818848
000000155600.jpg,Zhang 2017 (Interactive CNN),15.232719451720856,0.7546106788594921,0.40085506439208984,0.22458410263061523
000000155619.jpg,Zhang 2017 (Interactive CNN),19.5914611797703,0.8823263732756178,0.2397145926952362,0.14557981491088867
000000155837.jpg,Zhang 2017 (Interactive CNN),21.542588493507644,0.9528982679580961,0.23017996549606323,0.22540569305419922
000000156742.jpg,Zhang 2017 (Interactive CNN),18.877812423038996,0.7911530095902982,0.2842312455177307,0.21461796760559082
000000156965.jpg,Zhang 2017 (Interactive CNN),20.588645010068124,0.8836596626386711,0.5061411261558533,0.2061452865600586
000000157443.jpg,Zhang 2017 (Interactive CNN),16.55619842071237,0.7487301198590114,0.2973661422729492,0.19861793518066406
000000157464.jpg,Zhang 2017 (Interactive CNN),20.011169956367958,0.9165128130692741,0.34845492243766785,0.24773788452148438
000000158131.jpg,Zhang 2017 (Interactive CNN),19.14517014210099,0.7302411649259698,0.4050998389720917,0.25189971923828125
000000158410.jpg,Zhang 2017 (Interactive CNN),16.02945174834428,0.8877048251297966,0.30466145277023315,0.25568509101867676
000000159913.jpg,Zhang 2017 (Interactive CNN),16.535738682380053,0.7217196137462479,0.42837026715278625,0.1996901035308838
000000160561.jpg,Zhang 2017 (Interactive CNN),14.708693005878077,0.7117149969428231,0.4975248873233795,0.20600652694702148
000000160951.jpg,Zhang 2017 (Interactive CNN),18.41648486975706,0.8889057221870372,0.31454038619995117,0.16288375854492188
000000161012.jpg,Zhang 2017 (Interactive CNN),14.997843297102504,0.72181439953229,0.3551619052886963,0.2253704071044922
000000161484.jpg,Zhang 2017 (Interactive CNN),19.384911084503425,0.8897945527357569,0.18154790997505188,0.23522567749023438
000000162219.jpg,Zhang 2017 (Interactive CNN),17.566517849774133,0.8790163107543943,0.2612893283367157,0.28173041343688965
000000162513.jpg,Zhang 2017 (Interactive CNN),22.3564341779026,0.885093271125951,0.17609326541423798,0.18985629081726074
000000163735.jpg,Zhang 2017 (Interactive CNN),18.933419615432708,0.9054922331343339,0.3118501901626587,0.2257981300354004
000000164589.jpg,Zhang 2017 (Interactive CNN),18.519854491397126,0.8290217102789313,0.35261136293411255,0.26448941230773926
000000164896.jpg,Zhang 2017 (Interactive CNN),16.17114824845381,0.6486976196543074,0.36873072385787964,0.2157909870147705
000000165846.jpg,Zhang 2017 (Interactive CNN),20.285467173814332,0.8522647504977963,0.28144511580467224,0.2054910659790039
000000167158.jpg,Zhang 2017 (Interactive CNN),16.476669167607746,0.8044187480688242,0.4213947653770447,0.22521400451660156
000000167258.jpg,Zhang 2017 (Interactive CNN),16.59345355345002,0.7466373204508482,0.28976526856422424,0.21401572227478027
000000167924.jpg,Zhang 2017 (Interactive CNN),18.046236692487373,0.8674076573443547,0.32854601740837097,0.22846150398254395
000000168177.jpg,Zhang 2017 (Interactive CNN),17.948935950969705,0.8630123369014929,0.30131569504737854,0.22375941276550293
000000168280.jpg,Zhang 2017 (Interactive CNN),19.27322141129381,0.8804560933412136,0.33665403723716736,0.19027256965637207
000000168641.jpg,Zhang 2017 (Interactive CNN),18.17067012644376,0.8813509281368709,0.3351566195487976,0.21727442741394043
000000168986.jpg,Zhang 2017 (Interactive CNN),24.827029046783803,0.9595932715974177,0.18904484808444977,0.2722477912902832
000000169551.jpg,Zhang 2017 (Interactive CNN),21.582771210709822,0.8820909790607159,0.2140992432832718,0.16762375831604004
000000169707.jpg,Zhang 2017 (Interactive CNN),13.861598777279298,0.8369838482025899,0.4538342356681824,0.20353102684020996
000000170397.jpg,Zhang 2017 (Interactive CNN),15.2992474092831,0.8865518013457324,0.3436669409275055,0.20449328422546387
000000170598.jpg,Zhang 2017 (Interactive CNN),20.432297755911783,0.8906438979381184,0.44337528944015503,0.25034570693969727
000000170894.jpg,Zhang 2017 (Interactive CNN),24.144251498643445,0.960447615872637,0.20915932953357697,0.20571279525756836
000000171213.jpg,Zhang 2017 (Interactive CNN),15.358793442577898,0.872932319811289,0.40132516622543335,0.2269740104675293
000000172290.jpg,Zhang 2017 (Interactive CNN),15.140509336008838,0.5145669965091184,0.41229116916656494,0.19893169403076172
000000172576.jpg,Zhang 2017 (Interactive CNN),20.371902402511772,0.8436247797582667,0.23258845508098602,0.20975327491760254
000000172972.jpg,Zhang 2017 (Interactive CNN),23.79958739361459,0.7977868275219082,0.24914251267910004,0.1858363151550293
000000174650.jpg,Zhang 2017 (Interactive CNN),21.55462687444018,0.8567458364025701,0.19464313983917236,0.20645761489868164
000000175062.jpg,Zhang 2017 (Interactive CNN),14.088413311993229,0.8595384808321945,0.3481702208518982,0.23365163803100586
000000175888.jpg,Zhang 2017 (Interactive CNN),21.819746612935475,0.9206682294518501,0.28937262296676636,0.20401549339294434
000000175895.jpg,Zhang 2017 (Interactive CNN),18.958509510318223,0.7292508930918249,0.38977938890457153,0.21797561645507812
000000176703.jpg,Zhang 2017 (Interactive CNN),19.34088759865411,0.5960910577963391,0.2871229350566864,0.21000885963439941
000000178730.jpg,Zhang 2017 (Interactive CNN),22.587688136943235,0.6757277705274373,0.27174437046051025,0.2500331401824951
000000179023.jpg,Zhang 2017 (Interactive CNN),16.73137112888701,0.8612055290974093,0.25930312275886536,0.23812222480773926
000000179262.jpg,Zhang 2017 (Interactive CNN),14.904052927438178,0.7290812417445381,0.388235867023468,0.2321939468383789
000000179872.jpg,Zhang 2017 (Interactive CNN),18.470854161835447,0.7990954053124905,0.3121586740016937,0.20983386039733887
000000180500.jpg,Zhang 2017 (Interactive CNN),15.400380198376558,0.758915889296489,0.3495931327342987,0.15121722221374512
000000180598.jpg,Zhang 2017 (Interactive CNN),17.862896182598394,0.8412145748351739,0.36861979961395264,0.22000432014465332
000000180707.jpg,Zhang 2017 (Interactive CNN),22.1786668768817,0.9120039410946165,0.36431369185447693,0.25159287452697754
000000180901.jpg,Zhang 2017 (Interactive CNN),16.550388867147124,0.6338755581359764,0.3224972188472748,0.14472579956054688
000000181130.jpg,Zhang 2017 (Interactive CNN),20.459326211281052,0.8842382283889014,0.27704930305480957,0.24942350387573242
000000182004.jpg,Zhang 2017 (Interactive CNN),16.218729734629104,0.8813981447064297,0.37376469373703003,0.23498177528381348
000000182982.jpg,Zhang 2017 (Interactive CNN),19.162483174181105,0.8201023516751752,0.22285592555999756,0.15461254119873047
000000183609.jpg,Zhang 2017 (Interactive CNN),17.682635143311355,0.8926041159874284,0.29967713356018066,0.19182896614074707
000000183951.jpg,Zhang 2017 (Interactive CNN),12.748250635378337,0.8190221704451961,0.4647868275642395,0.2445821762084961
000000184380.jpg,Zhang 2017 (Interactive CNN),19.08664036274928,0.8675745128678276,0.1969563513994217,0.2218644618988037
000000185728.jpg,Zhang 2017 (Interactive CNN),16.887703618714973,0.7818453416538426,0.30040842294692993,0.2124941349029541
000000186085.jpg,Zhang 2017 (Interactive CNN),18.903240155586644,0.85487386948451,0.22603143751621246,0.15107083320617676
000000186203.jpg,Zhang 2017 (Interactive CNN),17.999783041886907,0.8550801223082041,0.36886438727378845,0.1629946231842041
000000187712.jpg,Zhang 2017 (Interactive CNN),17.739940198041232,0.7985499254076333,0.3988753855228424,0.22957563400268555
000000188856.jpg,Zhang 2017 (Interactive CNN),20.23815021484779,0.9490906954268534,0.19990572333335876,0.20533537864685059
000000188984.jpg,Zhang 2017 (Interactive CNN),21.046446630686972,0.8291230695069558,0.18764381110668182,0.217543363571167
000000189779.jpg,Zhang 2017 (Interactive CNN),22.200512433260986,0.9418675972808889,0.1797981858253479,0.20982003211975098
000000189823.jpg,Zhang 2017 (Interactive CNN),13.94195009552628,0.8048332617257049,0.2961089611053467,0.22011208534240723
000000189871.jpg,Zhang 2017 (Interactive CNN),21.024977772183714,0.9164992988735955,0.29249101877212524,0.25192952156066895
000000189928.jpg,Zhang 2017 (Interactive CNN),19.08694735216948,0.8832691471526989,0.25121521949768066,0.19867777824401855
000000190129.jpg,Zhang 2017 (Interactive CNN),18.99302834748164,0.8930950732547642,0.2168426364660263,0.23274755477905273
000000190269.jpg,Zhang 2017 (Interactive CNN),18.01779178606295,0.9161697152392431,0.36262184381484985,0.22847461700439453
000000190976.jpg,Zhang 2017 (Interactive CNN),16.389882922301716,0.7642751617434081,0.38764697313308716,0.2118220329284668
000000192506.jpg,Zhang 2017 (Interactive CNN),18.229668110765733,0.9107179985497176,0.20232734084129333,0.20517492294311523
000000193581.jpg,Zhang 2017 (Interactive CNN),18.38649753827994,0.7390304904825418,0.3220590353012085,0.15927600860595703
000000194821.jpg,Zhang 2017 (Interactive CNN),22.01186866145145,0.7628098444865339,0.24324995279312134,0.22836756706237793
000000195236.jpg,Zhang 2017 (Interactive CNN),18.812702425070633,0.883291489549144,0.35530778765678406,0.18560147285461426
000000195407.jpg,Zhang 2017 (Interactive CNN),16.491961173805915,0.7661560095936583,0.3872842788696289,0.1302495002746582
000000196392.jpg,Zhang 2017 (Interactive CNN),15.332008264443973,0.8701766879702864,0.4259945750236511,0.23196101188659668
000000196412.jpg,Zhang 2017 (Interactive CNN),16.509205412476838,0.8306475345609597,0.34867945313453674,0.2212209701538086
000000197468.jpg,Zhang 2017 (Interactive CNN),17.335035344929175,0.8693976555558228,0.36102375388145447,0.20686626434326172
000000198231.jpg,Zhang 2017 (Interactive CNN),15.731518189498527,0.7942566852658391,0.3861326277256012,0.2073192596435547
000000198380.jpg,Zhang 2017 (Interactive CNN),16.684143239290876,0.8465915448974114,0.29241085052490234,0.22274231910705566
000000198554.jpg,Zhang 2017 (Interactive CNN),19.27175066196431,0.859998544392385,0.2838210463523865,0.23324894905090332
000000198954.jpg,Zhang 2017 (Interactive CNN),17.953130306755327,0.8478452556246704,0.2510813772678375,0.20924687385559082
000000199414.jpg,Zhang 2017 (Interactive CNN),19.623547457966588,0.857980615228561,0.27020666003227234,0.23907828330993652
000000199684.jpg,Zhang 2017 (Interactive CNN),18.789780680824222,0.8557276259130745,0.3142675757408142,0.2278435230255127
000000199998.jpg,Zhang 2017 (Interactive CNN),18.693111753245745,0.8505956315925376,0.3776199519634247,0.23126006126403809
000000201315.jpg,Zhang 2017 (Interactive CNN),13.42834852179771,0.691765210518864,0.49941882491111755,0.22910094261169434
000000201522.jpg,Zhang 2017 (Interactive CNN),20.021692760469193,0.9037222295829688,0.20043398439884186,0.21807289123535156
000000201619.jpg,Zhang 2017 (Interactive CNN),17.93235635104743,0.8855633986286238,0.2971736490726471,0.2271277904510498
000000205326.jpg,Zhang 2017 (Interactive CNN),19.78491155805355,0.880035137256837,0.2770279347896576,0.2299361228942871
000000205910.jpg,Zhang 2017 (Interactive CNN),19.972883255842202,0.9010423192535048,0.2856560945510864,0.22672271728515625
000000206010.jpg,Zhang 2017 (Interactive CNN),20.343138657061107,0.8574862867805136,0.24197691679000854,0.18311834335327148
000000206287.jpg,Zhang 2017 (Interactive CNN),17.502884774645942,0.8576718639749751,0.33727648854255676,0.22707390785217285
000000206507.jpg,Zhang 2017 (Interactive CNN),15.655821496420952,0.6392513015627471,0.3297628164291382,0.26212024688720703
000000206608.jpg,Zhang 2017 (Interactive CNN),21.875892579026377,0.9266172654292942,0.20269599556922913,0.1864018440246582
000000206970.jpg,Zhang 2017 (Interactive CNN),18.16874427061736,0.8324779001923844,0.19362805783748627,0.21492314338684082
000000210349.jpg,Zhang 2017 (Interactive CNN),20.455424875627525,0.7955001003877088,0.18858154118061066,0.14556598663330078
000000210911.jpg,Zhang 2017 (Interactive CNN),17.819047917868787,0.8070874982600628,0.30628132820129395,0.20203471183776855
000000211459.jpg,Zhang 2017 (Interactive CNN),15.941297287131558,0.7938580693210024,0.3896328806877136,0.22246170043945312
000000213425.jpg,Zhang 2017 (Interactive CNN),23.576747554644818,0.9338304398778775,0.19620348513126373,0.2611985206604004
000000213467.jpg,Zhang 2017 (Interactive CNN),16.10935614488964,0.8080474275039112,0.41443192958831787,0.29246020317077637
000000213900.jpg,Zhang 2017 (Interactive CNN),22.276920419276706,0.9328291481151983,0.2886682450771332,0.20426058769226074
000000213994.jpg,Zhang 2017 (Interactive CNN),17.520639041783582,0.7922443221315759,0.24822354316711426,0.24629759788513184
000000214019.jpg,Zhang 2017 (Interactive CNN),20.74413939557845,0.9027945739185061,0.1288468986749649,0.2215120792388916
000000214410.jpg,Zhang 2017 (Interactive CNN),17.255591130456093,0.8236042420716911,0.33541521430015564,0.22626352310180664
000000215008.jpg,Zhang 2017 (Interactive CNN),11.1909159106036,0.79314073361408,0.5283948183059692,0.2569606304168701
000000215059.jpg,Zhang 2017 (Interactive CNN),23.344394737040687,0.8143422414074686,0.16430813074111938,0.213608980178833
000000215294.jpg,Zhang 2017 (Interactive CNN),13.72765680227166,0.8462659231206885,0.4497808814048767,0.17526578903198242
000000215822.jpg,Zhang 2017 (Interactive CNN),22.82150634074557,0.7065885413083762,0.30618762969970703,0.2141249179840088
000000216139.jpg,Zhang 2017 (Interactive CNN),21.343800846112558,0.9159441724409477,0.26828843355178833,0.25254011154174805
000000216318.jpg,Zhang 2017 (Interactive CNN),13.906130153684089,0.8487150000851235,0.3588009178638458,0.24238801002502441
000000216423.jpg,Zhang 2017 (Interactive CNN),17.939947335373866,0.8969364904334073,0.20967769622802734,0.2378246784210205
000000216533.jpg,Zhang 2017 (Interactive CNN),17.68911813779502,0.7483065551887863,0.344136118888855,0.2142794132232666
000000216821.jpg,Zhang 2017 (Interactive CNN),23.310384750192977,0.955265197297893,0.17088907957077026,0.2441561222076416
000000216836.jpg,Zhang 2017 (Interactive CNN),17.250938682396747,0.7817414251450886,0.2624861001968384,0.1748185157775879
000000217999.jpg,Zhang 2017 (Interactive CNN),16.78968126531367,0.8502827367002767,0.3665171265602112,0.1949596405029297
000000218753.jpg,Zhang 2017 (Interactive CNN),16.790423767354795,0.8657298005700381,0.35751068592071533,0.22835397720336914
000000219054.jpg,Zhang 2017 (Interactive CNN),19.1415915389759,0.8390111275554032,0.2564920485019684,0.2152729034423828
000000220985.jpg,Zhang 2017 (Interactive CNN),23.85704665976894,0.9529832769028402,0.2218150496482849,0.20900821685791016
000000221783.jpg,Zhang 2017 (Interactive CNN),21.32460080935271,0.7995969961511898,0.325714647769928,0.1981344223022461
000000222124.jpg,Zhang 2017 (Interactive CNN),16.828157700621254,0.7663685560972159,0.3567565083503723,0.15414690971374512
000000224084.jpg,Zhang 2017 (Interactive CNN),15.939694948882135,0.808525199222152,0.3904125392436981,0.2387697696685791
000000224261.jpg,Zhang 2017 (Interactive CNN),12.98803126117619,0.661894631514058,0.37541326880455017,0.1930837631225586
000000224338.jpg,Zhang 2017 (Interactive CNN),20.113576091150172,0.8432322745504863,0.2863391041755676,0.18803143501281738
000000224360.jpg,Zhang 2017 (Interactive CNN),16.19404491313958,0.8108673325711395,0.3301442861557007,0.19780325889587402
000000225114.jpg,Zhang 2017 (Interactive CNN),19.588399146510223,0.9079714625300545,0.29190677404403687,0.22705626487731934
000000228116.jpg,Zhang 2017 (Interactive CNN),14.578827938646564,0.8457223420554665,0.3109491467475891,0.21393728256225586
000000231699.jpg,Zhang 2017 (Interactive CNN),16.413595881492164,0.7688221223941955,0.3027361035346985,0.22225522994995117
000000232798.jpg,Zhang 2017 (Interactive CNN),22.284390316372257,0.921961974973728,0.3400301933288574,0.2605781555175781
000000233333.jpg,Zhang 2017 (Interactive CNN),15.966299282024947,0.8281446424525333,0.4458315968513489,0.265885591506958
000000233659.jpg,Zhang 2017 (Interactive CNN),20.67767571973595,0.881465232419425,0.25105082988739014,0.22472834587097168
000000233695.jpg,Zhang 2017 (Interactive CNN),20.797545996131035,0.8884129975654261,0.24393872916698456,0.25200366973876953
000000233725.jpg,Zhang 2017 (Interactive CNN),15.283305954412508,0.8449687549079554,0.3474782109260559,0.17365717887878418
000000234411.jpg,Zhang 2017 (Interactive CNN),18.01962981799117,0.8998599387053217,0.1875644326210022,0.23438644409179688
000000234909.jpg,Zhang 2017 (Interactive CNN),17.51376193276406,0.7722722528276819,0.2531304657459259,0.17276763916015625
000000235859.jpg,Zhang 2017 (Interactive CNN),16.476000078747038,0.6272325200884373,0.3454861640930176,0.20543313026428223
000000236112.jpg,Zhang 2017 (Interactive CNN),19.02717756407073,0.8004338303365782,0.29911577701568604,0.2564828395843506
000000236286.jpg,Zhang 2017 (Interactive CNN),18.66566811834695,0.7491638398957882,0.26163041591644287,0.2459571361541748
000000236707.jpg,Zhang 2017 (Interactive CNN),16.041016199130567,0.6387399035312785,0.3549259305000305,0.0773320198059082
000000236900.jpg,Zhang 2017 (Interactive CNN),16.535955342734784,0.682225354044052,0.3120529055595398,0.21672701835632324
000000238754.jpg,Zhang 2017 (Interactive CNN),21.030970395749407,0.9031314407828058,0.21456411480903625,0.24473118782043457
000000240050.jpg,Zhang 2017 (Interactive CNN),17.239599267614366,0.845654365627007,0.3376621901988983,0.1212315559387207
000000240366.jpg,Zhang 2017 (Interactive CNN),24.951724864145824,0.9624338535980006,0.13534840941429138,0.2001659870147705
000000240724.jpg,Zhang 2017 (Interactive CNN),19.277391379482065,0.9059220376651004,0.24343597888946533,0.22063016891479492
000000241686.jpg,Zhang 2017 (Interactive CNN),21.986073177800712,0.7620795285805012,0.27481988072395325,0.21400046348571777
000000241788.jpg,Zhang 2017 (Interactive CNN),20.143327535138262,0.9312848460848011,0.20583182573318481,0.24207425117492676
000000242023.jpg,Zhang 2017 (Interactive CNN),20.70146419280619,0.827582595014575,0.28127896785736084,0.2192058563232422
000000243546.jpg,Zhang 2017 (Interactive CNN),17.991750216891017,0.8457080415866912,0.33262160420417786,0.23884367942810059
000000243943.jpg,Zhang 2017 (Interactive CNN),23.371804797913548,0.9214455925169885,0.18526673316955566,0.24271416664123535
000000244029.jpg,Zhang 2017 (Interactive CNN),17.889747106259474,0.6631391112496728,0.3173214793205261,0.13179826736450195
000000244192.jpg,Zhang 2017 (Interactive CNN),19.55219826076348,0.8633177908183423,0.3889942765235901,0.2110891342163086
000000244773.jpg,Zhang 2017 (Interactive CNN),18.81546866319772,0.7921608281959163,0.2835790514945984,0.10899615287780762
000000245636.jpg,Zhang 2017 (Interactive CNN),18.181020091601095,0.8495609473472374,0.2202921211719513,0.2507619857788086
000000249468.jpg,Zhang 2017 (Interactive CNN),21.06573611567343,0.8416645837216353,0.2788562774658203,0.15302157402038574
000000250098.jpg,Zhang 2017 (Interactive CNN),18.707355617630405,0.8838323826441821,0.2649000883102417,0.17736053466796875
000000251020.jpg,Zhang 2017 (Interactive CNN),18.491290761521537,0.8732000278164344,0.30040106177330017,0.2290647029876709
000000251099.jpg,Zhang 2017 (Interactive CNN),20.136651261505165,0.7791291635276983,0.32214707136154175,0.1388404369354248
000000251176.jpg,Zhang 2017 (Interactive CNN),19.559579638027255,0.7873557593389154,0.21693852543830872,0.21132612228393555
000000251649.jpg,Zhang 2017 (Interactive CNN),16.941510356042947,0.8848042147552769,0.3430747389793396,0.25442004203796387
000000252657.jpg,Zhang 2017 (Interactive CNN),27.409451081335625,0.8679731709036362,0.27234017848968506,0.2744300365447998
000000253623.jpg,Zhang 2017 (Interactive CNN),13.343472017810567,0.626443841543464,0.4223814010620117,0.1512010097503662
000000253720.jpg,Zhang 2017 (Interactive CNN),13.973362713120366,0.798062796683952,0.32794898748397827,0.20885729789733887
000000254776.jpg,Zhang 2017 (Interactive CNN),19.798639033740162,0.8584590882646762,0.2880505919456482,0.22842097282409668
000000255025.jpg,Zhang 2017 (Interactive CNN),23.204474870490323,0.6449891005103806,0.28705233335494995,0.20714998245239258
000000256185.jpg,Zhang 2017 (Interactive CNN),20.705800373872194,0.9126557129460157,0.25037458539009094,0.24018168449401855
000000256694.jpg,Zhang 2017 (Interactive CNN),24.88099750369402,0.9511459757851259,0.1594580113887787,0.2667701244354248
000000256729.jpg,Zhang 2017 (Interactive CNN),12.861237444475416,0.7991901628172533,0.4420040249824524,0.16188263893127441
000000257222.jpg,Zhang 2017 (Interactive CNN),19.26395355420417,0.919274141613028,0.2647448778152466,0.21266841888427734
000000258172.jpg,Zhang 2017 (Interactive CNN),21.065492750818578,0.8943313250861844,0.33862653374671936,0.27325987815856934
000000259564.jpg,Zhang 2017 (Interactive CNN),21.92304683364485,0.9095672898615493,0.21345171332359314,0.2520449161529541
000000259818.jpg,Zhang 2017 (Interactive CNN),19.968433405010156,0.8583077657282919,0.2646832764148712,0.20301222801208496
000000259950.jpg,Zhang 2017 (Interactive CNN),20.64643803466804,0.8319843052258188,0.207485631108284,0.18724775314331055
000000260574.jpg,Zhang 2017 (Interactive CNN),24.00113245904478,0.9024844755701161,0.13886123895645142,0.19783782958984375
000000260734.jpg,Zhang 2017 (Interactive CNN),18.516295982379315,0.8876421031984384,0.2838536500930786,0.20585227012634277
000000260985.jpg,Zhang 2017 (Interactive CNN),19.59547622231818,0.8174025317047272,0.31479910016059875,0.23746609687805176
000000262062.jpg,Zhang 2017 (Interactive CNN),21.441831428149204,0.9257967691201346,0.19565168023109436,0.24467682838439941
000000262380.jpg,Zhang 2017 (Interactive CNN),19.175438282850873,0.9251648890831478,0.2824387550354004,0.21338438987731934
000000262593.jpg,Zhang 2017 (Interactive CNN),17.182673466275126,0.9143762087849231,0.3133165240287781,0.24083542823791504
000000263139.jpg,Zhang 2017 (Interactive CNN),17.116489469006797,0.9454807992117082,0.2508542537689209,0.23792004585266113
000000263368.jpg,Zhang 2017 (Interactive CNN),19.55203503564287,0.7505353868333847,0.24761152267456055,0.20377492904663086
000000264107.jpg,Zhang 2017 (Interactive CNN),15.469996056761149,0.8789354046486136,0.21361187100410461,0.2912311553955078
000000264453.jpg,Zhang 2017 (Interactive CNN),25.637005994925325,0.8261317068544772,0.13636034727096558,0.2313225269317627
000000265205.jpg,Zhang 2017 (Interactive CNN),20.687659092756668,0.8412037775641048,0.2827579975128174,0.23533082008361816
000000265413.jpg,Zhang 2017 (Interactive CNN),15.081005968652079,0.806266698623218,0.36314260959625244,0.23850607872009277
000000265496.jpg,Zhang 2017 (Interactive CNN),15.8400624876432,0.8086724975341872,0.34915071725845337,0.2594583034515381
000000266085.jpg,Zhang 2017 (Interactive CNN),18.455198779311058,0.895601597880271,0.39592915773391724,0.22094440460205078
000000266457.jpg,Zhang 2017 (Interactive CNN),15.548306071450462,0.8887000780637425,0.285921186208725,0.22750020027160645
000000266731.jpg,Zhang 2017 (Interactive CNN),15.436314837690343,0.7032642766698413,0.4159564971923828,0.21766972541809082
000000267368.jpg,Zhang 2017 (Interactive CNN),24.50741971956539,0.9673986664902339,0.1532467007637024,0.21825480461120605
000000268104.jpg,Zhang 2017 (Interactive CNN),20.323841129758936,0.4476223070021817,0.3440018892288208,0.15470600128173828
000000268401.jpg,Zhang 2017 (Interactive CNN),21.512864113617592,0.8518882639656994,0.2125273197889328,0.22961878776550293
000000269118.jpg,Zhang 2017 (Interactive CNN),21.73340334767682,0.9431951329004665,0.2372443526983261,0.21631455421447754
000000269509.jpg,Zhang 2017 (Interactive CNN),23.159197932201472,0.9529252259745734,0.25268125534057617,0.23740458488464355
000000269765.jpg,Zhang 2017 (Interactive CNN),17.88442521006599,0.8886894409445052,0.28643009066581726,0.17646312713623047
000000269809.jpg,Zhang 2017 (Interactive CNN),21.49856823645998,0.9426536610214652,0.20381510257720947,0.21564269065856934
000000270349.jpg,Zhang 2017 (Interactive CNN),16.32549766066296,0.8875031245332171,0.29161226749420166,0.19868969917297363
000000270858.jpg,Zhang 2017 (Interactive CNN),17.121124767896568,0.8815248746181363,0.17381060123443604,0.23810911178588867
000000271074.jpg,Zhang 2017 (Interactive CNN),11.507485047309686,0.6128570179913828,0.5262821316719055,0.20334076881408691
000000271129.jpg,Zhang 2017 (Interactive CNN),16.886735874434642,0.8721157303262128,0.32894474267959595,0.23006391525268555
000000271589.jpg,Zhang 2017 (Interactive CNN),19.004956433830017,0.9202545488168408,0.3476462662220001,0.2193892002105713
000000272107.jpg,Zhang 2017 (Interactive CNN),15.380930864995534,0.8426441044903662,0.3566042184829712,0.15965032577514648
000000272135.jpg,Zhang 2017 (Interactive CNN),24.125017324689072,0.9368916509695538,0.1452895551919937,0.23256301879882812
000000272313.jpg,Zhang 2017 (Interactive CNN),20.47994646670842,0.8456035937962424,0.29099059104919434,0.21424627304077148
000000274100.jpg,Zhang 2017 (Interactive CNN),17.84656069080581,0.810486207989649,0.29634809494018555,0.19119572639465332
000000274628.jpg,Zhang 2017 (Interactive CNN),17.215214240038527,0.7698142008156497,0.3547888696193695,0.1652235984802246
000000275071.jpg,Zhang 2017 (Interactive CNN),18.94186733268797,0.9110223886985954,0.2621552348136902,0.2564065456390381
000000275093.jpg,Zhang 2017 (Interactive CNN),19.10011418182435,0.8595150622382187,0.2946401536464691,0.235490083694458
000000275756.jpg,Zhang 2017 (Interactive CNN),19.328942184099667,0.8032162446657476,0.3076445162296295,0.22542262077331543
000000276011.jpg,Zhang 2017 (Interactive CNN),17.877365495410388,0.874075143287811,0.2792088985443115,0.24529647827148438
000000276114.jpg,Zhang 2017 (Interactive CNN),17.648277827172752,0.8491914978027063,0.3148168623447418,0.2279376983642578
000000276141.jpg,Zhang 2017 (Interactive CNN),18.515600875837027,0.631842741089914,0.2993331551551819,0.23501825332641602
000000276738.jpg,Zhang 2017 (Interactive CNN),18.382075180695164,0.770416470287628,0.2884151339530945,0.250537633895874
000000278120.jpg,Zhang 2017 (Interactive CNN),16.74986335255355,0.8267592884159578,0.29131579399108887,0.23032116889953613
000000278122.jpg,Zhang 2017 (Interactive CNN),19.046429937426204,0.9268437798316728,0.2586238384246826,0.2215726375579834
000000278460.jpg,Zhang 2017 (Interactive CNN),13.983549563052595,0.844574270691841,0.29986920952796936,0.24914789199829102
000000278515.jpg,Zhang 2017 (Interactive CNN),19.71548862254458,0.8570786052928563,0.1997043639421463,0.23804378509521484
000000278828.jpg,Zhang 2017 (Interactive CNN),19.72403483941852,0.8817189750021789,0.2690966725349426,0.2278130054473877
000000280201.jpg,Zhang 2017 (Interactive CNN),18.37591394282164,0.8957250962981341,0.25336870551109314,0.21406006813049316
000000280658.jpg,Zhang 2017 (Interactive CNN),17.859697159648086,0.7644263273786933,0.3569800555706024,0.19808650016784668
000000280676.jpg,Zhang 2017 (Interactive CNN),22.080901993506604,0.9494495641756652,0.22273045778274536,0.24784398078918457
000000281639.jpg,Zhang 2017 (Interactive CNN),28.82629311588405,0.973649843290676,0.1481708437204361,0.24403810501098633
000000282330.jpg,Zhang 2017 (Interactive CNN),15.381611244910808,0.8779062900941236,0.3767540156841278,0.24229216575622559
000000282536.jpg,Zhang 2017 (Interactive CNN),24.26834858477989,0.9422965583077056,0.1328704059123993,0.16523170471191406
000000282895.jpg,Zhang 2017 (Interactive CNN),23.836972920014166,0.9489406313812064,0.18768098950386047,0.2575109004974365
000000283594.jpg,Zhang 2017 (Interactive CNN),21.659636448767387,0.9474516609130138,0.24788323044776917,0.1789994239807129
000000283789.jpg,Zhang 2017 (Interactive CNN),20.34180656713158,0.7874900266911915,0.32787641882896423,0.24935531616210938
000000284881.jpg,Zhang 2017 (Interactive CNN),17.841582106270174,0.7929610720917957,0.23294153809547424,0.1682572364807129
000000285393.jpg,Zhang 2017 (Interactive CNN),18.689738853350406,0.8905976855103748,0.2751588523387909,0.2552614212036133
000000286032.jpg,Zhang 2017 (Interactive CNN),19.863999841648084,0.7326637091389809,0.2353152185678482,0.2000582218170166
000000286107.jpg,Zhang 2017 (Interactive CNN),20.26593506407952,0.929584214069485,0.22753895819187164,0.24563241004943848
000000286709.jpg,Zhang 2017 (Interactive CNN),14.83960091461389,0.48320466770698856,0.4750351309776306,0.22039794921875
000000286714.jpg,Zhang 2017 (Interactive CNN),20.036562862445606,0.881586060773801,0.22471924126148224,0.2014462947845459
000000286721.jpg,Zhang 2017 (Interactive CNN),17.047714904612445,0.8622333749417398,0.414652556180954,0.2439727783203125
000000287127.jpg,Zhang 2017 (Interactive CNN),19.472957655922375,0.8687915457179877,0.28734320402145386,0.2891731262207031
000000287227.jpg,Zhang 2017 (Interactive CNN),16.914655538834587,0.846079009959308,0.326094388961792,0.23157191276550293
000000287818.jpg,Zhang 2017 (Interactive CNN),17.281877410000753,0.6468017518864433,0.35407936573028564,0.22823619842529297
000000288572.jpg,Zhang 2017 (Interactive CNN),18.728515317660023,0.8876367601587734,0.39185768365859985,0.22462201118469238
000000289877.jpg,Zhang 2017 (Interactive CNN),16.56474178563698,0.8515575657343479,0.3496708869934082,0.20263910293579102
000000290680.jpg,Zhang 2017 (Interactive CNN),26.22418515012292,0.9615688718796335,0.18437650799751282,0.1617264747619629
000000290844.jpg,Zhang 2017 (Interactive CNN),24.184850976098762,0.9061533876550794,0.14327603578567505,0.2335503101348877
000000290904.jpg,Zhang 2017 (Interactive CNN),23.95348261327575,0.6739827834701518,0.2391902506351471,0.17233896255493164
000000290917.jpg,Zhang 2017 (Interactive CNN),16.319965966668804,0.726238696170873,0.3875301778316498,0.19804906845092773
000000291283.jpg,Zhang 2017 (Interactive CNN),21.07438660133774,0.819397714099445,0.2528500258922577,0.2475888729095459
000000292423.jpg,Zhang 2017 (Interactive CNN),17.599622633339067,0.6684753750267717,0.37492477893829346,0.2511420249938965
000000292604.jpg,Zhang 2017 (Interactive CNN),17.34362979469711,0.8141159797039399,0.39057213068008423,0.22325921058654785
000000292619.jpg,Zhang 2017 (Interactive CNN),21.954202244895463,0.7136479704793075,0.28812795877456665,0.22723102569580078
000000294613.jpg,Zhang 2017 (Interactive CNN),21.673827739302197,0.9158073699480657,0.20030325651168823,0.24367809295654297
000000294684.jpg,Zhang 2017 (Interactive CNN),19.158057244595337,0.9240564692037242,0.33434632420539856,0.2649073600769043
000000295029.jpg,Zhang 2017 (Interactive CNN),17.235904690189507,0.8786048035062316,0.3092413544654846,0.2590312957763672
000000295047.jpg,Zhang 2017 (Interactive CNN),18.439562195654748,0.7590580893802464,0.2979348301887512,0.24509716033935547
000000296250.jpg,Zhang 2017 (Interactive CNN),15.615253560650304,0.7992457346280936,0.34922799468040466,0.22228789329528809
000000296591.jpg,Zhang 2017 (Interactive CNN),16.475939392775484,0.7941748448771082,0.32720017433166504,0.24756240844726562
000000298104.jpg,Zhang 2017 (Interactive CNN),24.462240092379265,0.9723808160252997,0.13945338129997253,0.23712635040283203
000000298108.jpg,Zhang 2017 (Interactive CNN),18.83328160821113,0.7664753710771887,0.23527321219444275,0.24802041053771973
000000299078.jpg,Zhang 2017 (Interactive CNN),20.21860561854805,0.8575787264320583,0.2252034842967987,0.2458791732788086
000000301736.jpg,Zhang 2017 (Interactive CNN),19.1971806336164,0.9379617782776113,0.2500242292881012,0.22546148300170898
000000301738.jpg,Zhang 2017 (Interactive CNN),19.66902797369562,0.8300683885711218,0.29635030031204224,0.15741920471191406
000000302296.jpg,Zhang 2017 (Interactive CNN),16.166853195138568,0.7924148687592337,0.332498699426651,0.2263166904449463
000000302309.jpg,Zhang 2017 (Interactive CNN),19.963348953009525,0.8849302942068445,0.2762795686721802,0.2043166160583496
000000302879.jpg,Zhang 2017 (Interactive CNN),21.353337684193953,0.9172077379189796,0.25050705671310425,0.22645998001098633
000000302947.jpg,Zhang 2017 (Interactive CNN),23.803809452084298,0.9742901395976878,0.06059296056628227,0.21397900581359863
000000303353.jpg,Zhang 2017 (Interactive CNN),18.2218405153554,0.8573677502072111,0.2154272198677063,0.20111560821533203
000000303363.jpg,Zhang 2017 (Interactive CNN),20.424203598148306,0.943819473097979,0.200841024518013,0.20288872718811035
000000303714.jpg,Zhang 2017 (Interactive CNN),21.686070874353547,0.8312410459477722,0.3292199373245239,0.2632761001586914
000000304766.jpg,Zhang 2017 (Interactive CNN),17.834738365814694,0.7424303167941858,0.3792238235473633,0.21481537818908691
000000305221.jpg,Zhang 2017 (Interactive CNN),20.473232782958625,0.8187890296910677,0.2915736436843872,0.24163055419921875
000000306965.jpg,Zhang 2017 (Interactive CNN),19.602518730426382,0.8393680638158032,0.4164208471775055,0.21497297286987305
000000307127.jpg,Zhang 2017 (Interactive CNN),16.77215299437555,0.8854801322276639,0.33097779750823975,0.23537516593933105
000000307321.jpg,Zhang 2017 (Interactive CNN),20.949022106438356,0.8851506808253312,0.25903260707855225,0.2118685245513916
000000308650.jpg,Zhang 2017 (Interactive CNN),20.935536818682934,0.9201120024204371,0.25117725133895874,0.260723352432251
000000308991.jpg,Zhang 2017 (Interactive CNN),20.39876164043987,0.9433553995498271,0.2801615595817566,0.23026204109191895
000000309416.jpg,Zhang 2017 (Interactive CNN),17.0864287803187,0.8616320735530308,0.3475293517112732,0.22078871726989746
000000309779.jpg,Zhang 2017 (Interactive CNN),15.891030585038198,0.8171054079226456,0.40298449993133545,0.2163403034210205
000000309857.jpg,Zhang 2017 (Interactive CNN),18.119220131845854,0.8824806151365561,0.28811678290367126,0.21104764938354492
000000309990.jpg,Zhang 2017 (Interactive CNN),17.64104246178777,0.8210643781526498,0.26259082555770874,0.22217965126037598
000000310520.jpg,Zhang 2017 (Interactive CNN),14.733940691159258,0.7320303871857964,0.45278334617614746,0.20531487464904785
000000310625.jpg,Zhang 2017 (Interactive CNN),20.41385457804096,0.9278371805710933,0.29535582661628723,0.23239636421203613
000000310650.jpg,Zhang 2017 (Interactive CNN),20.901902514560213,0.9206348737114153,0.224426731467247,0.23503565788269043
000000310828.jpg,Zhang 2017 (Interactive CNN),17.31697814462827,0.8316896548331002,0.2794899046421051,0.21176600456237793
000000312037.jpg,Zhang 2017 (Interactive CNN),16.816606044781913,0.8735741064111339,0.29548540711402893,0.21872282028198242
000000312554.jpg,Zhang 2017 (Interactive CNN),15.555924802034578,0.875546656474397,0.42056483030319214,0.17080426216125488
000000312699.jpg,Zhang 2017 (Interactive CNN),18.79406242445811,0.9226867459103295,0.3185526430606842,0.21976017951965332
000000313894.jpg,Zhang 2017 (Interactive CNN),17.837606104359637,0.8113615702003418,0.36655351519584656,0.24516630172729492
000000314860.jpg,Zhang 2017 (Interactive CNN),15.763853103179894,0.8178354719027164,0.46401429176330566,0.2274608612060547
000000315499.jpg,Zhang 2017 (Interactive CNN),18.710143594647782,0.8472590358919336,0.33062466979026794,0.24759268760681152
000000315665.jpg,Zhang 2017 (Interactive CNN),19.945102575167695,0.912086032258713,0.3928898870944977,0.21689844131469727
000000315731.jpg,Zhang 2017 (Interactive CNN),16.263847280373803,0.7628656989372415,0.3642682731151581,0.15671730041503906
000000315917.jpg,Zhang 2017 (Interactive CNN),18.57452901061812,0.7626071883231115,0.24688948690891266,0.21223998069763184
000000316246.jpg,Zhang 2017 (Interactive CNN),18.417179744124862,0.7223503799273224,0.29194074869155884,0.2499995231628418
000000316300.jpg,Zhang 2017 (Interactive CNN),14.076644744086273,0.8053395233202679,0.393428236246109,0.23457574844360352
000000316986.jpg,Zhang 2017 (Interactive CNN),16.559415026693337,0.7830788323322587,0.3358125388622284,0.23125696182250977
000000317669.jpg,Zhang 2017 (Interactive CNN),17.54295331997495,0.8476089790899701,0.3795352578163147,0.2214043140411377
000000317976.jpg,Zhang 2017 (Interactive CNN),21.242017822202843,0.7996159149039691,0.3045623302459717,0.22591733932495117
000000318038.jpg,Zhang 2017 (Interactive CNN),21.322832889544006,0.8468875102310616,0.19713766872882843,0.17088747024536133
000000318215.jpg,Zhang 2017 (Interactive CNN),15.988142796936005,0.6738057371699039,0.4252065420150757,0.22372937202453613
000000319814.jpg,Zhang 2017 (Interactive CNN),19.48170642415771,0.7647824285283661,0.3148397207260132,0.20718669891357422
000000319833.jpg,Zhang 2017 (Interactive CNN),22.681541233501726,0.8577371786635218,0.2730107009410858,0.23059463500976562
000000320251.jpg,Zhang 2017 (Interactive CNN),18.696183005258725,0.8435648677885226,0.32442575693130493,0.2294156551361084
000000320571.jpg,Zhang 2017 (Interactive CNN),22.181965576267828,0.9707681631292698,0.19322873651981354,0.21177411079406738
000000321487.jpg,Zhang 2017 (Interactive CNN),18.43197737267249,0.7246624492503102,0.3652898669242859,0.21403741836547852
000000321696.jpg,Zhang 2017 (Interactive CNN),14.784403622625126,0.7944395577143263,0.406437486410141,0.22040247917175293
000000322058.jpg,Zhang 2017 (Interactive CNN),21.08844647387953,0.7778228462090855,0.2781308591365814,0.24983692169189453
000000322421.jpg,Zhang 2017 (Interactive CNN),21.87696865262957,0.8804045864906288,0.2469266653060913,0.21994876861572266
000000322450.jpg,Zhang 2017 (Interactive CNN),18.443172205090335,0.8236666545228943,0.3176250755786896,0.23871374130249023
000000323194.jpg,Zhang 2017 (Interactive CNN),25.926870216462518,0.6532155649965742,0.1840045303106308,0.1768207550048828
000000324081.jpg,Zhang 2017 (Interactive CNN),15.524781918728136,0.7868514863075312,0.4777364134788513,0.25208473205566406
000000325491.jpg,Zhang 2017 (Interactive CNN),23.20794485975945,0.6603884147889301,0.3511553108692169,0.2219843864440918
000000328378.jpg,Zhang 2017 (Interactive CNN),19.051982850546917,0.842157768383859,0.2564905881881714,0.24092411994934082
000000329424.jpg,Zhang 2017 (Interactive CNN),20.16168974529649,0.7618108376707585,0.264038622379303,0.17057275772094727
000000329686.jpg,Zhang 2017 (Interactive CNN),22.87648034378592,0.919767710373154,0.2045031040906906,0.2235865592956543
000000329986.jpg,Zhang 2017 (Interactive CNN),16.187983994595065,0.8492534180182729,0.40175944566726685,0.2037665843963623
000000333273.jpg,Zhang 2017 (Interactive CNN),23.38399893990958,0.9676452351610147,0.14114736020565033,0.2262587547302246
000000333711.jpg,Zhang 2017 (Interactive CNN),18.789653567068036,0.9324004463902122,0.20734158158302307,0.2297682762145996
000000334360.jpg,Zhang 2017 (Interactive CNN),15.23538363012695,0.782575271508147,0.41390401124954224,0.20957565307617188
000000334870.jpg,Zhang 2017 (Interactive CNN),18.56728131084357,0.7353579902176569,0.33110877871513367,0.27188563346862793
000000336200.jpg,Zhang 2017 (Interactive CNN),18.61474747191499,0.8591865618649933,0.37019917368888855,0.2397005558013916
000000336212.jpg,Zhang 2017 (Interactive CNN),15.300925219221275,0.7813522635570603,0.34688594937324524,0.24770569801330566
000000336256.jpg,Zhang 2017 (Interactive CNN),19.100345311676822,0.885907900143931,0.32377976179122925,0.22861146926879883
000000336794.jpg,Zhang 2017 (Interactive CNN),19.998331628389316,0.840469754977153,0.36373695731163025,0.23702216148376465
000000336815.jpg,Zhang 2017 (Interactive CNN),18.556964510746457,0.8213359803378945,0.3469741940498352,0.1980457305908203
000000337223.jpg,Zhang 2017 (Interactive CNN),12.642799414910309,0.621975563558482,0.40398359298706055,0.21529269218444824
000000337346.jpg,Zhang 2017 (Interactive CNN),24.046156779027864,0.9419137293830807,0.19742228090763092,0.2621886730194092
000000338110.jpg,Zhang 2017 (Interactive CNN),18.435158076758306,0.742445169152263,0.3148091733455658,0.19837689399719238
000000339523.jpg,Zhang 2017 (Interactive CNN),15.388446435971456,0.8125031703046569,0.48700302839279175,0.2617928981781006
000000339739.jpg,Zhang 2017 (Interactive CNN),16.3178026813044,0.8089805523132823,0.3059784471988678,0.22415447235107422
000000339889.jpg,Zhang 2017 (Interactive CNN),20.38348864434408,0.8863543854863974,0.24208608269691467,0.21253657341003418
000000339995.jpg,Zhang 2017 (Interactive CNN),20.369280731122515,0.8249429733568722,0.31570982933044434,0.2081305980682373
000000341044.jpg,Zhang 2017 (Interactive CNN),19.49848136603418,0.8050279141995894,0.31055453419685364,0.2136847972869873
000000341256.jpg,Zhang 2017 (Interactive CNN),19.645863852515586,0.8823607598290107,0.307372123003006,0.23534440994262695
000000341261.jpg,Zhang 2017 (Interactive CNN),18.07825514104846,0.9010212856776864,0.35089701414108276,0.2329714298248291
000000342482.jpg,Zhang 2017 (Interactive CNN),21.502084805999445,0.9178980405069591,0.15847258269786835,0.2708399295806885
000000343237.jpg,Zhang 2017 (Interactive CNN),15.699721839167323,0.6971559757807041,0.2997075915336609,0.263594388961792
000000343785.jpg,Zhang 2017 (Interactive CNN),20.058956134435356,0.9123785555249958,0.2501010298728943,0.23557066917419434
000000344448.jpg,Zhang 2017 (Interactive CNN),15.713742632044989,0.9161475984336561,0.3176201283931732,0.2717008590698242
000000344651.jpg,Zhang 2017 (Interactive CNN),14.059943684593435,0.6826231542355234,0.4652274250984192,0.3222341537475586
000000344723.jpg,Zhang 2017 (Interactive CNN),14.704986826224705,0.8105659351989636,0.31692779064178467,0.17730951309204102
000000345794.jpg,Zhang 2017 (Interactive CNN),20.803454039963576,0.6804879715027227,0.28457534313201904,0.21959257125854492
000000346035.jpg,Zhang 2017 (Interactive CNN),18.095554797594012,0.7971858762096913,0.3402371108531952,0.2226121425628662
000000346159.jpg,Zhang 2017 (Interactive CNN),17.775309649302542,0.8938321229206844,0.3476085960865021,0.21805548667907715
000000346522.jpg,Zhang 2017 (Interactive CNN),19.908214110649666,0.8171925248125197,0.29427284002304077,0.23982882499694824
000000348778.jpg,Zhang 2017 (Interactive CNN),13.969090499736305,0.542519391954403,0.3784947693347931,0.16694879531860352
000000349674.jpg,Zhang 2017 (Interactive CNN),17.911658626988498,0.9136941582795646,0.24462288618087769,0.21297216415405273
000000349764.jpg,Zhang 2017 (Interactive CNN),20.044401080872447,0.9593672824398333,0.28130286931991577,0.28490471839904785
000000350509.jpg,Zhang 2017 (Interactive CNN),20.988104470930764,0.9566612687600499,0.284164696931839,0.21431207656860352
000000350906.jpg,Zhang 2017 (Interactive CNN),18.473742625560227,0.8503086609219513,0.3969706594944,0.32469677925109863
000000353450.jpg,Zhang 2017 (Interactive CNN),19.10622144864964,0.7001205378321678,0.3215818405151367,0.17452645301818848
000000354287.jpg,Zhang 2017 (Interactive CNN),14.322714216720989,0.768391572205506,0.34559541940689087,0.2698822021484375
000000354872.jpg,Zhang 2017 (Interactive CNN),18.723462906776113,0.8951726050388071,0.2675526738166809,0.29119348526000977
000000355127.jpg,Zhang 2017 (Interactive CNN),20.108555223344126,0.9072664779367865,0.27881231904029846,0.27841687202453613
000000357170.jpg,Zhang 2017 (Interactive CNN),16.927204509036223,0.8261911461663933,0.3174366354942322,0.26030635833740234
000000358299.jpg,Zhang 2017 (Interactive CNN),17.575311087973567,0.8475541556108223,0.33583715558052063,0.29419636726379395
000000358710.jpg,Zhang 2017 (Interactive CNN),16.477945573548524,0.7332165835906365,0.3876425325870514,0.29323410987854004
000000358955.jpg,Zhang 2017 (Interactive CNN),15.403590483087415,0.7903082032965768,0.40746915340423584,0.14028000831604004
000000359657.jpg,Zhang 2017 (Interactive CNN),19.900350351832216,0.8292805026920381,0.23401619493961334,0.14269614219665527
000000359742.jpg,Zhang 2017 (Interactive CNN),15.582236880222569,0.835716669116894,0.5094791650772095,0.20103883743286133
000000361105.jpg,Zhang 2017 (Interactive CNN),20.585284054029188,0.6894988569281892,0.30496999621391296,0.19675469398498535
000000361348.jpg,Zhang 2017 (Interactive CNN),14.79753518033663,0.8333067717903576,0.43051862716674805,0.22354602813720703
000000361818.jpg,Zhang 2017 (Interactive CNN),18.94492615742638,0.8589080287425337,0.32893967628479004,0.21369075775146484
000000361906.jpg,Zhang 2017 (Interactive CNN),20.35938285689795,0.9392802036753681,0.2266479730606079,0.15656018257141113
000000362559.jpg,Zhang 2017 (Interactive CNN),20.727423536903217,0.9300169827105075,0.2572309672832489,0.25013160705566406
000000362663.jpg,Zhang 2017 (Interactive CNN),26.112508893693676,0.9410650519794531,0.21133963763713837,0.2476818561553955
000000364170.jpg,Zhang 2017 (Interactive CNN),23.558944439083604,0.9459398973116615,0.16096337139606476,0.2059476375579834
000000364318.jpg,Zhang 2017 (Interactive CNN),20.46718134624451,0.8559696090981075,0.24589428305625916,0.2765676975250244
000000365823.jpg,Zhang 2017 (Interactive CNN),19.969449768130076,0.8141083342976733,0.270904541015625,0.23007965087890625
000000366800.jpg,Zhang 2017 (Interactive CNN),22.826183829441867,0.8999546832929207,0.30113500356674194,0.23281192779541016
000000367016.jpg,Zhang 2017 (Interactive CNN),20.947326071297468,0.7078189378520436,0.2690424621105194,0.17863202095031738
000000368464.jpg,Zhang 2017 (Interactive CNN),19.49842937802451,0.6016081629143517,0.41300222277641296,0.22433114051818848
000000368801.jpg,Zhang 2017 (Interactive CNN),18.715009154505218,0.9097945193874644,0.28607675433158875,0.2257688045501709
000000369464.jpg,Zhang 2017 (Interactive CNN),14.840461352246503,0.7458712949730261,0.4054943919181824,0.206512451171875
000000369549.jpg,Zhang 2017 (Interactive CNN),23.396863668618106,0.9132575073398241,0.33607402443885803,0.17589020729064941
000000369586.jpg,Zhang 2017 (Interactive CNN),17.48971190044471,0.8917218998607407,0.3050498962402344,0.2296600341796875
000000369984.jpg,Zhang 2017 (Interactive CNN),16.702106357532294,0.6647302187809293,0.3541192412376404,0.24695110321044922
000000370789.jpg,Zhang 2017 (Interactive CNN),20.65039574933931,0.9355282536515164,0.2223207801580429,0.24257898330688477
000000371895.jpg,Zhang 2017 (Interactive CNN),21.667422450984375,0.9420683046657782,0.23029620945453644,0.23657488822937012
000000372189.jpg,Zhang 2017 (Interactive CNN),22.451164126220313,0.8754387457635101,0.16768670082092285,0.2080676555633545
000000372598.jpg,Zhang 2017 (Interactive CNN),18.26954717689762,0.873791393951206,0.26167726516723633,0.2200620174407959
000000373031.jpg,Zhang 2017 (Interactive CNN),15.128147321461828,0.7807015872060945,0.4959352910518646,0.1808004379272461
000000375355.jpg,Zhang 2017 (Interactive CNN),23.195294409065177,0.9642084331044356,0.20806282758712769,0.2183361053466797
000000376023.jpg,Zhang 2017 (Interactive CNN),15.302992024816122,0.7535726800216471,0.41756486892700195,0.20575857162475586
000000376100.jpg,Zhang 2017 (Interactive CNN),18.886216257180987,0.9062515279107503,0.34770435094833374,0.21059703826904297
000000377126.jpg,Zhang 2017 (Interactive CNN),17.257563632004857,0.9060930315004629,0.3040074408054352,0.24145007133483887
000000377253.jpg,Zhang 2017 (Interactive CNN),17.1037350856565,0.6559447989201458,0.3704153299331665,0.20563316345214844
000000377374.jpg,Zhang 2017 (Interactive CNN),15.44739240674211,0.8023993102620833,0.3593411445617676,0.20171189308166504
000000377452.jpg,Zhang 2017 (Interactive CNN),18.976928053352495,0.8718414356596131,0.342177152633667,0.2361140251159668
000000378483.jpg,Zhang 2017 (Interactive CNN),20.640980053954724,0.9137336251749738,0.26235589385032654,0.1951444149017334
000000380004.jpg,Zhang 2017 (Interactive CNN),15.925619331032237,0.8544240555927357,0.4504217803478241,0.20324206352233887
000000381553.jpg,Zhang 2017 (Interactive CNN),22.740704116304435,0.9014679101536403,0.16484637558460236,0.2026810646057129
000000382299.jpg,Zhang 2017 (Interactive CNN),19.406902454389098,0.9319881990059745,0.19948159158229828,0.24459266662597656
000000384571.jpg,Zhang 2017 (Interactive CNN),19.308473532036125,0.886846313907764,0.2509102523326874,0.1923379898071289
000000384581.jpg,Zhang 2017 (Interactive CNN),18.352174325264663,0.8062398768560257,0.43657559156417847,0.22733855247497559
000000384702.jpg,Zhang 2017 (Interactive CNN),21.020072439008256,0.786124333382468,0.27578234672546387,0.21903586387634277
000000386180.jpg,Zhang 2017 (Interactive CNN),19.65992013800083,0.8560356128092104,0.28066155314445496,0.22718071937561035
000000386519.jpg,Zhang 2017 (Interactive CNN),20.060003606425507,0.784962934502965,0.3390202224254608,0.21482372283935547
000000388111.jpg,Zhang 2017 (Interactive CNN),17.504448855576648,0.6658310376407129,0.43656808137893677,0.22454047203063965
000000388470.jpg,Zhang 2017 (Interactive CNN),17.778428326051902,0.8246578215618084,0.3063346743583679,0.21102261543273926
000000388535.jpg,Zhang 2017 (Interactive CNN),20.780792899503005,0.8593607948313166,0.22833232581615448,0.16066455841064453
000000388749.jpg,Zhang 2017 (Interactive CNN),16.01333595782941,0.8581469377415837,0.3205113112926483,0.2624800205230713
000000389501.jpg,Zhang 2017 (Interactive CNN),17.864557093744164,0.7136443003110221,0.2990337610244751,0.16006779670715332
000000389593.jpg,Zhang 2017 (Interactive CNN),19.086625691623723,0.896752663834492,0.2606426179409027,0.23227167129516602
000000390623.jpg,Zhang 2017 (Interactive CNN),16.381202180550993,0.7339794056270025,0.4019864797592163,0.2344222068786621
000000390786.jpg,Zhang 2017 (Interactive CNN),20.202922497514116,0.8341479775814585,0.2576969861984253,0.2066209316253662
000000391705.jpg,Zhang 2017 (Interactive CNN),20.50062602299963,0.796821752893671,0.2441476583480835,0.23690414428710938
000000391719.jpg,Zhang 2017 (Interactive CNN),19.252327074087074,0.879426528005113,0.2638070583343506,0.22935962677001953
000000391929.jpg,Zhang 2017 (Interactive CNN),17.204958775489533,0.8945297559176312,0.4258524775505066,0.27100086212158203
000000392628.jpg,Zhang 2017 (Interactive CNN),18.876533814300437,0.873151923159547,0.3475066125392914,0.23704957962036133
000000392823.jpg,Zhang 2017 (Interactive CNN),23.61530785360008,0.9535339990647707,0.2943847179412842,0.2589733600616455
000000393740.jpg,Zhang 2017 (Interactive CNN),22.62676159516277,0.9234864805781409,0.22199344635009766,0.22930240631103516
000000393861.jpg,Zhang 2017 (Interactive CNN),17.120353642308952,0.70140763982127,0.32331541180610657,0.14722251892089844
000000394086.jpg,Zhang 2017 (Interactive CNN),20.653055496372463,0.877200551469695,0.321703165769577,0.26166439056396484
000000394136.jpg,Zhang 2017 (Interactive CNN),23.76802713801743,0.7405930054666833,0.22761116921901703,0.19904351234436035
000000394350.jpg,Zhang 2017 (Interactive CNN),20.348631931494218,0.9167581127791076,0.2954677939414978,0.1609363555908203
000000395857.jpg,Zhang 2017 (Interactive CNN),19.411338157370533,0.8486149042606953,0.30971723794937134,0.2295975685119629
000000397493.jpg,Zhang 2017 (Interactive CNN),23.31603796658875,0.9496908903261859,0.12400215119123459,0.22744989395141602
000000399316.jpg,Zhang 2017 (Interactive CNN),21.649502051695887,0.7491934506798165,0.24629318714141846,0.23612189292907715
000000399424.jpg,Zhang 2017 (Interactive CNN),21.998449500148034,0.9208335977463782,0.2538796663284302,0.21056032180786133
000000401252.jpg,Zhang 2017 (Interactive CNN),17.79074252633882,0.834571502323142,0.3446704149246216,0.22931456565856934
000000402724.jpg,Zhang 2017 (Interactive CNN),15.755434869976208,0.7991611175137399,0.5219464898109436,0.2106184959411621
000000402750.jpg,Zhang 2017 (Interactive CNN),16.884027332295297,0.8259278555605007,0.27975061535835266,0.23300504684448242
000000403129.jpg,Zhang 2017 (Interactive CNN),11.450737832167729,0.6241634969169935,0.6021706461906433,0.22834515571594238
000000403734.jpg,Zhang 2017 (Interactive CNN),15.76885403477175,0.6871666976068402,0.3727942407131195,0.21151518821716309
000000405363.jpg,Zhang 2017 (Interactive CNN),19.40694501277026,0.6255013224938447,0.3432598114013672,0.16963553428649902
000000406179.jpg,Zhang 2017 (Interactive CNN),21.32904981028056,0.6217520088187908,0.2944353222846985,0.15584278106689453
000000407250.jpg,Zhang 2017 (Interactive CNN),20.11084533648475,0.9259771802112803,0.27726486325263977,0.2131352424621582
000000407258.jpg,Zhang 2017 (Interactive CNN),24.203298765544492,0.9432954038468209,0.1386485993862152,0.22517633438110352
000000408663.jpg,Zhang 2017 (Interactive CNN),21.422580397707275,0.8998083058029517,0.190520241856575,0.19997215270996094
000000409253.jpg,Zhang 2017 (Interactive CNN),19.26603252539425,0.9223683966448384,0.25273561477661133,0.21759891510009766
000000409827.jpg,Zhang 2017 (Interactive CNN),18.46745196600215,0.8019559903233896,0.28579089045524597,0.23215198516845703
000000410025.jpg,Zhang 2017 (Interactive CNN),17.37143848181644,0.7117275440587175,0.36724287271499634,0.1621391773223877
000000410158.jpg,Zhang 2017 (Interactive CNN),17.665708203622795,0.8249346279150167,0.3470475375652313,0.19863557815551758
000000410317.jpg,Zhang 2017 (Interactive CNN),11.384117479248587,0.6017668666631842,0.42794156074523926,0.20879530906677246
000000410685.jpg,Zhang 2017 (Interactive CNN),19.280596045364092,0.8869840395306087,0.2446526139974594,0.21642780303955078
000000410738.jpg,Zhang 2017 (Interactive CNN),15.56270910008653,0.8061307496989977,0.390826940536499,0.2495253086090088
000000410811.jpg,Zhang 2017 (Interactive CNN),17.942047755390757,0.7304096258410441,0.3222411870956421,0.24679780006408691
000000411194.jpg,Zhang 2017 (Interactive CNN),14.040131553428473,0.7054908139019508,0.4505959153175354,0.17144155502319336
000000412329.jpg,Zhang 2017 (Interactive CNN),17.004611707738214,0.5055905381397936,0.42624372243881226,0.1969301700592041
000000412601.jpg,Zhang 2017 (Interactive CNN),18.426125190060795,0.9026503401355271,0.267016738653183,0.23331069946289062
000000412921.jpg,Zhang 2017 (Interactive CNN),20.548580049191358,0.9109686426039931,0.21216320991516113,0.24489998817443848
000000414191.jpg,Zhang 2017 (Interactive CNN),18.813717554701544,0.9327319903208641,0.17129266262054443,0.25360751152038574
000000414702.jpg,Zhang 2017 (Interactive CNN),16.21906195685056,0.7990815380050643,0.3558916747570038,0.25220394134521484
000000415431.jpg,Zhang 2017 (Interactive CNN),19.550715948620823,0.7047132890009237,0.3060181438922882,0.23922348022460938
000000415744.jpg,Zhang 2017 (Interactive CNN),18.20425259542832,0.8536800220783763,0.20016515254974365,0.19579672813415527
000000415774.jpg,Zhang 2017 (Interactive CNN),19.047404770285045,0.8905082807484715,0.35138338804244995,0.1921985149383545
000000415908.jpg,Zhang 2017 (Interactive CNN),18.719088973736568,0.870206731514061,0.26008671522140503,0.23817157745361328
000000416056.jpg,Zhang 2017 (Interactive CNN),18.09433195778171,0.8148003554028967,0.28244978189468384,0.23863768577575684
000000416173.jpg,Zhang 2017 (Interactive CNN),11.597327019783938,0.8272410179889196,0.6004319787025452,0.21641135215759277
000000416797.jpg,Zhang 2017 (Interactive CNN),19.61954141965484,0.6555166339143936,0.4042195677757263,0.24214720726013184
000000417785.jpg,Zhang 2017 (Interactive CNN),20.50863595667641,0.8889319954658768,0.33412349224090576,0.29281115531921387
000000418660.jpg,Zhang 2017 (Interactive CNN),22.697469495623544,0.8007062214238155,0.2048005759716034,0.26520848274230957
000000418795.jpg,Zhang 2017 (Interactive CNN),20.22445168664185,0.9454482019738014,0.2873671054840088,0.27028489112854004
000000420336.jpg,Zhang 2017 (Interactive CNN),19.37833439831945,0.8181378531040636,0.22144165635108948,0.238081693649292
000000420773.jpg,Zhang 2017 (Interactive CNN),20.105005476035046,0.8177252410131383,0.21093259751796722,0.2547786235809326
000000421482.jpg,Zhang 2017 (Interactive CNN),18.699525856284037,0.8246024375917567,0.30354806780815125,0.1886889934539795
000000421695.jpg,Zhang 2017 (Interactive CNN),14.921158321817401,0.6414664601103889,0.5997921824455261,0.22626876831054688
000000422993.jpg,Zhang 2017 (Interactive CNN),17.325678199507035,0.8416803750101373,0.2718754708766937,0.1735227108001709
000000423159.jpg,Zhang 2017 (Interactive CNN),16.097840654339123,0.7669325529562974,0.43704843521118164,0.2508866786956787
000000423460.jpg,Zhang 2017 (Interactive CNN),25.480796148612185,0.5131148359402515,0.2766726613044739,0.1789231300354004
000000423831.jpg,Zhang 2017 (Interactive CNN),20.343418035769965,0.9211405430271022,0.2795912027359009,0.23418164253234863
000000424004.jpg,Zhang 2017 (Interactive CNN),19.035806991908373,0.8079030776687589,0.29762887954711914,0.20406365394592285
000000424639.jpg,Zhang 2017 (Interactive CNN),21.28428272469644,0.9159095811893935,0.29869014024734497,0.2569761276245117
000000425241.jpg,Zhang 2017 (Interactive CNN),17.482382016172476,0.8904390585947631,0.3679458498954773,0.21278095245361328
000000425700.jpg,Zhang 2017 (Interactive CNN),16.303611878553525,0.8205235248041621,0.43794867396354675,0.16448593139648438
000000425738.jpg,Zhang 2017 (Interactive CNN),13.328291939868066,0.6943991165448012,0.3368455469608307,0.20114493370056152
000000426272.jpg,Zhang 2017 (Interactive CNN),17.89913653432982,0.8555497971004052,0.3087027072906494,0.23517560958862305
000000426362.jpg,Zhang 2017 (Interactive CNN),17.12574874229847,0.6969298118068741,0.3615226745605469,0.16229724884033203
000000428511.jpg,Zhang 2017 (Interactive CNN),21.248399463453094,0.9621827679887748,0.24074451625347137,0.23252344131469727
000000428958.jpg,Zhang 2017 (Interactive CNN),21.09323554832017,0.9562657261200248,0.2852518558502197,0.2708415985107422
000000429665.jpg,Zhang 2017 (Interactive CNN),15.019886123610174,0.8615288569887934,0.3461749851703644,0.28731703758239746
000000430806.jpg,Zhang 2017 (Interactive CNN),13.600056513938492,0.8181577557119963,0.45491811633110046,0.2720224857330322
000000432177.jpg,Zhang 2017 (Interactive CNN),18.32757561382945,0.904146682900826,0.3134303092956543,0.234710693359375
000000432208.jpg,Zhang 2017 (Interactive CNN),15.522196793074738,0.9240328053702443,0.3261977434158325,0.21584248542785645
000000432536.jpg,Zhang 2017 (Interactive CNN),17.300403749597436,0.8794489844461459,0.332633376121521,0.22823476791381836
000000433471.jpg,Zhang 2017 (Interactive CNN),18.577655992942454,0.8126685298035946,0.34077125787734985,0.2098560333251953
000000433620.jpg,Zhang 2017 (Interactive CNN),22.484293017496938,0.7613470862179065,0.2700015604496002,0.27280712127685547
000000434395.jpg,Zhang 2017 (Interactive CNN),22.881659195671897,0.8525885086041215,0.2608564794063568,0.23020648956298828
000000434770.jpg,Zhang 2017 (Interactive CNN),18.061682399518887,0.8989662349391899,0.23990508913993835,0.21166133880615234
000000435195.jpg,Zhang 2017 (Interactive CNN),21.434225244427783,0.8495386351421091,0.24366720020771027,0.22552752494812012
000000435502.jpg,Zhang 2017 (Interactive CNN),25.538001912165015,0.6025299469127517,0.2613610327243805,0.19507169723510742
000000439064.jpg,Zhang 2017 (Interactive CNN),17.672529281155942,0.6657549458346947,0.24650776386260986,0.20149683952331543
000000439671.jpg,Zhang 2017 (Interactive CNN),20.252232844597064,0.8996478950708758,0.26105645298957825,0.23259520530700684
000000440464.jpg,Zhang 2017 (Interactive CNN),16.260919651299147,0.7479753607111589,0.45090433955192566,0.23134493827819824
000000440770.jpg,Zhang 2017 (Interactive CNN),18.433246306117205,0.8901405395497205,0.23793639242649078,0.22853589057922363
000000440800.jpg,Zhang 2017 (Interactive CNN),17.39800150149663,0.7887454040105878,0.2603135406970978,0.17283368110656738
000000440888.jpg,Zhang 2017 (Interactive CNN),23.96073078775928,0.8862877166230726,0.20069704949855804,0.20551228523254395
000000441209.jpg,Zhang 2017 (Interactive CNN),17.25285213414943,0.7582895448170918,0.3994910717010498,0.2261812686920166
000000441388.jpg,Zhang 2017 (Interactive CNN),19.930859575436376,0.8179868599104654,0.24463585019111633,0.20527267456054688
000000441692.jpg,Zhang 2017 (Interactive CNN),19.161745529314736,0.8595944413072644,0.35427331924438477,0.24897480010986328
000000443219.jpg,Zhang 2017 (Interactive CNN),15.929828685746084,0.8337323440021965,0.2592408359050751,0.2376694679260254
000000443252.jpg,Zhang 2017 (Interactive CNN),15.960101474091603,0.7707306350717511,0.30982300639152527,0.2027883529663086
000000443355.jpg,Zhang 2017 (Interactive CNN),21.659488040623405,0.8464114545641662,0.23259124159812927,0.20693182945251465
000000443378.jpg,Zhang 2017 (Interactive CNN),17.51254674659785,0.7346606014531636,0.4254835844039917,0.20516228675842285
000000444243.jpg,Zhang 2017 (Interactive CNN),21.63789104297456,0.9219105312961892,0.33700233697891235,0.15637803077697754
000000444653.jpg,Zhang 2017 (Interactive CNN),18.505584436982204,0.8918523268804709,0.3540116250514984,0.20999813079833984
000000444902.jpg,Zhang 2017 (Interactive CNN),18.565715319334092,0.6952293422762921,0.3054186701774597,0.1939985752105713
000000445021.jpg,Zhang 2017 (Interactive CNN),20.57093497006599,0.8047508952519231,0.33575665950775146,0.19483733177185059
000000445302.jpg,Zhang 2017 (Interactive CNN),22.77321927858708,0.9368934317652043,0.23900781571865082,0.2377781867980957
000000445852.jpg,Zhang 2017 (Interactive CNN),18.029430474613875,0.6053614981401573,0.4067738652229309,0.2016606330871582
000000447805.jpg,Zhang 2017 (Interactive CNN),20.414824737835417,0.6796929301040137,0.2773224115371704,0.23403334617614746
000000448272.jpg,Zhang 2017 (Interactive CNN),16.020569422400733,0.8417040346724286,0.3861675262451172,0.20958256721496582
000000448515.jpg,Zhang 2017 (Interactive CNN),20.98530127844871,0.917773110638206,0.288565456867218,0.22687888145446777
000000449074.jpg,Zhang 2017 (Interactive CNN),19.936230371037624,0.90988958866064,0.25917282700538635,0.2327275276184082
000000449582.jpg,Zhang 2017 (Interactive CNN),16.71721316686571,0.8562617049915596,0.3345146179199219,0.20954060554504395
000000449696.jpg,Zhang 2017 (Interactive CNN),13.553248517478377,0.7531022890805518,0.4868932068347931,0.27413463592529297
000000449982.jpg,Zhang 2017 (Interactive CNN),18.625029974850783,0.847362099608805,0.250375896692276,0.20756745338439941
000000450211.jpg,Zhang 2017 (Interactive CNN),22.234250326177936,0.9240846759089015,0.1987897902727127,0.21218156814575195
000000450645.jpg,Zhang 2017 (Interactive CNN),15.524021114945638,0.8949452801430597,0.24888262152671814,0.21444082260131836
000000450656.jpg,Zhang 2017 (Interactive CNN),20.151478240127602,0.7248331612077875,0.3031519949436188,0.2537202835083008
000000451570.jpg,Zhang 2017 (Interactive CNN),20.42187177816122,0.8233263616745182,0.26353055238723755,0.21230244636535645
000000451582.jpg,Zhang 2017 (Interactive CNN),22.30321420086426,0.8396840987778891,0.24457991123199463,0.31270360946655273
000000452032.jpg,Zhang 2017 (Interactive CNN),19.605788287107394,0.8757091432565609,0.2379544973373413,0.20910167694091797
000000452325.jpg,Zhang 2017 (Interactive CNN),29.00126689743276,0.9657559799229419,0.12355722486972809,0.38405418395996094
000000453437.jpg,Zhang 2017 (Interactive CNN),16.991533087611607,0.7886589115653792,0.34787142276763916,0.1885843276977539
000000453564.jpg,Zhang 2017 (Interactive CNN),23.412202054544828,0.9467351908393344,0.1463620960712433,0.26778268814086914
000000454266.jpg,Zhang 2017 (Interactive CNN),21.1924381835094,0.9314103705356462,0.29041600227355957,0.3181037902832031
000000454939.jpg,Zhang 2017 (Interactive CNN),24.22585955085711,0.928237763301644,0.16640695929527283,0.24928784370422363
000000454980.jpg,Zhang 2017 (Interactive CNN),18.418829614886775,0.8613857010664404,0.17440630495548248,0.28756070137023926
000000456363.jpg,Zhang 2017 (Interactive CNN),17.512855512323497,0.8568705878260038,0.2969140410423279,0.2958641052246094
000000457302.jpg,Zhang 2017 (Interactive CNN),13.930913238669334,0.7680768892878049,0.41583624482154846,0.4496333599090576
000000457391.jpg,Zhang 2017 (Interactive CNN),19.272299022723168,0.9009037369312809,0.32886818051338196,0.2684593200683594
000000457958.jpg,Zhang 2017 (Interactive CNN),18.898828906153405,0.9111795929873877,0.309413880109787,0.2954246997833252
000000458293.jpg,Zhang 2017 (Interactive CNN),21.629010459653415,0.9055693708517799,0.24834293127059937,0.21915698051452637
000000461432.jpg,Zhang 2017 (Interactive CNN),18.480386356034593,0.830805026835371,0.27919474244117737,0.21862077713012695
000000462337.jpg,Zhang 2017 (Interactive CNN),18.81162375880467,0.7102532237176563,0.4001317322254181,0.14358234405517578
000000462351.jpg,Zhang 2017 (Interactive CNN),20.658489098611533,0.8895013457128255,0.2363157868385315,0.20699262619018555
000000464189.jpg,Zhang 2017 (Interactive CNN),19.508254086687398,0.9072610274983829,0.3100133538246155,0.20790982246398926
000000464936.jpg,Zhang 2017 (Interactive CNN),23.89644713486566,0.9369867711747076,0.22954517602920532,0.17336058616638184
000000465628.jpg,Zhang 2017 (Interactive CNN),22.05729194217666,0.9091998914571322,0.21435502171516418,0.250380277633667
000000467291.jpg,Zhang 2017 (Interactive CNN),20.261076628500767,0.8558941216307742,0.296078622341156,0.23003506660461426
000000467306.jpg,Zhang 2017 (Interactive CNN),17.429766950377658,0.784348557437964,0.313498854637146,0.2019338607788086
000000467695.jpg,Zhang 2017 (Interactive CNN),17.43481597646636,0.8356300165180461,0.36016878485679626,0.2633402347564697
000000467850.jpg,Zhang 2017 (Interactive CNN),18.009547222302867,0.6986783243121457,0.3401276767253876,0.160658597946167
000000468268.jpg,Zhang 2017 (Interactive CNN),19.08550292796302,0.8585376821436731,0.30295878648757935,0.18263483047485352
000000469044.jpg,Zhang 2017 (Interactive CNN),21.30542361307592,0.8639191032852308,0.2899094223976135,0.24857878684997559
000000469511.jpg,Zhang 2017 (Interactive CNN),18.90480495989914,0.817793046988136,0.33289316296577454,0.26650500297546387
000000470427.jpg,Zhang 2017 (Interactive CNN),15.812540577292788,0.767224986911265,0.41450533270835876,0.24985384941101074
000000471388.jpg,Zhang 2017 (Interactive CNN),15.56293179067714,0.8800556383953388,0.3941015601158142,0.17011189460754395
000000472523.jpg,Zhang 2017 (Interactive CNN),19.97559392130159,0.8284314332159196,0.20011673867702484,0.21262907981872559
000000472688.jpg,Zhang 2017 (Interactive CNN),21.099695767183796,0.9183525355345866,0.2810904085636139,0.16475844383239746
000000473303.jpg,Zhang 2017 (Interactive CNN),16.153385906121468,0.6958003965284542,0.38231492042541504,0.21872472763061523
000000473400.jpg,Zhang 2017 (Interactive CNN),17.935541095326624,0.8139834806078926,0.32126474380493164,0.24376273155212402
000000473864.jpg,Zhang 2017 (Interactive CNN),19.766668589581883,0.901444529537629,0.1923048198223114,0.2398815155029297
000000473909.jpg,Zhang 2017 (Interactive CNN),16.353095473205276,0.8586605865371695,0.31610819697380066,0.27239418029785156
000000474812.jpg,Zhang 2017 (Interactive CNN),25.48769013158294,0.9603850766091447,0.15670646727085114,0.22891473770141602
000000475246.jpg,Zhang 2017 (Interactive CNN),18.553854473049768,0.8432463805925239,0.24234113097190857,0.22896099090576172
000000476390.jpg,Zhang 2017 (Interactive CNN),19.655035897774997,0.8419554720171071,0.32424962520599365,0.24593544006347656
000000477323.jpg,Zhang 2017 (Interactive CNN),17.31285834991703,0.8773269900694279,0.32309597730636597,0.21655607223510742
000000477832.jpg,Zhang 2017 (Interactive CNN),25.550218589791168,0.9175937064458389,0.20023977756500244,0.18404626846313477
000000478183.jpg,Zhang 2017 (Interactive CNN),16.670019408096017,0.7883144953591552,0.3830752372741699,0.22551870346069336
000000478218.jpg,Zhang 2017 (Interactive CNN),18.716688180745066,0.6642318450917282,0.40539342164993286,0.21372079849243164
000000478746.jpg,Zhang 2017 (Interactive CNN),17.03771476300811,0.7829784851873794,0.357838898897171,0.20519471168518066
000000479224.jpg,Zhang 2017 (Interactive CNN),17.153400549626305,0.8543222214007443,0.2781120836734772,0.2591257095336914
000000480149.jpg,Zhang 2017 (Interactive CNN),21.80638971471349,0.9338034174857283,0.15909765660762787,0.24730801582336426
000000480276.jpg,Zhang 2017 (Interactive CNN),22.32404107248794,0.9619527799661935,0.16450273990631104,0.24646520614624023
000000480466.jpg,Zhang 2017 (Interactive CNN),18.05319592154052,0.6944910691850921,0.3321315050125122,0.18236684799194336
000000480987.jpg,Zhang 2017 (Interactive CNN),22.22488856049754,0.9443304342132377,0.20876483619213104,0.17902207374572754
000000481307.jpg,Zhang 2017 (Interactive CNN),24.474930431087024,0.8858772528169151,0.1672457903623581,0.22398805618286133
000000482289.jpg,Zhang 2017 (Interactive CNN),13.287391148975168,0.6545571077305272,0.6534485220909119,0.21184015274047852
000000482640.jpg,Zhang 2017 (Interactive CNN),21.485684353112052,0.47062442388756703,0.42377737164497375,0.1881403923034668
000000482645.jpg,Zhang 2017 (Interactive CNN),15.651459133535111,0.8307828940069424,0.25563493371009827,0.1584470272064209
000000482973.jpg,Zhang 2017 (Interactive CNN),13.829447108680366,0.585502178420457,0.5092084407806396,0.26558685302734375
000000483619.jpg,Zhang 2017 (Interactive CNN),17.7695821890843,0.8466730206093963,0.29593613743782043,0.2518792152404785
000000486591.jpg,Zhang 2017 (Interactive CNN),20.561712989034177,0.8538753269314313,0.27511245012283325,0.18005037307739258
000000487158.jpg,Zhang 2017 (Interactive CNN),19.217999714517788,0.8641552794216164,0.20479920506477356,0.19802570343017578
000000487214.jpg,Zhang 2017 (Interactive CNN),23.009012809753017,0.9583540248160903,0.23743119835853577,0.22485065460205078
000000487789.jpg,Zhang 2017 (Interactive CNN),20.139872174764374,0.8741108347127087,0.30222785472869873,0.20293283462524414
000000487969.jpg,Zhang 2017 (Interactive CNN),22.92777459952369,0.8939347957905652,0.2853206992149353,0.20868587493896484
000000488067.jpg,Zhang 2017 (Interactive CNN),15.547920328133454,0.7620749899395814,0.5779629349708557,0.23040294647216797
000000488900.jpg,Zhang 2017 (Interactive CNN),18.69456003493424,0.7893017369803038,0.30027103424072266,0.22701549530029297
000000489092.jpg,Zhang 2017 (Interactive CNN),15.229624982045994,0.8044526281966696,0.3558371961116791,0.19899320602416992
000000489240.jpg,Zhang 2017 (Interactive CNN),16.815948742267317,0.7801986065874685,0.3113933801651001,0.21389174461364746
000000489365.jpg,Zhang 2017 (Interactive CNN),15.84526979421346,0.8206113712913591,0.3499535620212555,0.29133176803588867
000000489392.jpg,Zhang 2017 (Interactive CNN),23.60438103613969,0.6978980652936585,0.13421252369880676,0.1479642391204834
000000489536.jpg,Zhang 2017 (Interactive CNN),18.95356644678837,0.7878439264941436,0.3191826343536377,0.21205615997314453
000000489562.jpg,Zhang 2017 (Interactive CNN),19.60976358140719,0.9002335433761951,0.2559173107147217,0.23063230514526367
000000489925.jpg,Zhang 2017 (Interactive CNN),20.46725040073341,0.8041953459632339,0.18571580946445465,0.25344371795654297
000000490229.jpg,Zhang 2017 (Interactive CNN),22.069663840921457,0.8868989271037027,0.25748634338378906,0.22282862663269043
000000490573.jpg,Zhang 2017 (Interactive CNN),18.21163278585019,0.8580995427174752,0.37664735317230225,0.20079445838928223
000000492688.jpg,Zhang 2017 (Interactive CNN),21.58146190801892,0.9551578349928355,0.2534250020980835,0.2205049991607666
000000493693.jpg,Zhang 2017 (Interactive CNN),20.95294307699828,0.8948364312957008,0.33431556820869446,0.20913171768188477
000000493948.jpg,Zhang 2017 (Interactive CNN),20.548893151638833,0.9088696411593538,0.26185423135757446,0.2207188606262207
000000494088.jpg,Zhang 2017 (Interactive CNN),16.645029448926188,0.8051636682098847,0.28971654176712036,0.21345138549804688
000000495016.jpg,Zhang 2017 (Interactive CNN),15.006501029809229,0.8653275914837811,0.4944969415664673,0.2218484878540039
000000495550.jpg,Zhang 2017 (Interactive CNN),15.52836439708586,0.611341499329212,0.4105127453804016,0.21985745429992676
000000495998.jpg,Zhang 2017 (Interactive CNN),17.63541705509415,0.8703633589751331,0.28248465061187744,0.19918513298034668
000000496163.jpg,Zhang 2017 (Interactive CNN),20.06458766786408,0.8907879440766653,0.2506376802921295,0.220320463180542
000000496590.jpg,Zhang 2017 (Interactive CNN),16.16369543624208,0.7852402873134278,0.3526010513305664,0.2545197010040283
000000496827.jpg,Zhang 2017 (Interactive CNN),15.364876914293667,0.869033390320379,0.3987649381160736,0.2076246738433838
000000496852.jpg,Zhang 2017 (Interactive CNN),24.136877375010492,0.5134866248236759,0.3673551380634308,0.19362306594848633
000000497293.jpg,Zhang 2017 (Interactive CNN),25.153036305766335,0.940684928209051,0.2784637212753296,0.1617588996887207
000000497346.jpg,Zhang 2017 (Interactive CNN),15.459243738454502,0.8246135909313409,0.32653525471687317,0.20477557182312012
000000497814.jpg,Zhang 2017 (Interactive CNN),21.13549834104408,0.9069817306558251,0.22229348123073578,0.21420836448669434
000000497866.jpg,Zhang 2017 (Interactive CNN),17.035512790044436,0.6422050912984965,0.339784175157547,0.21116042137145996
000000497886.jpg,Zhang 2017 (Interactive CNN),19.6500588655286,0.9307747230186286,0.30938777327537537,0.2302694320678711
000000499178.jpg,Zhang 2017 (Interactive CNN),21.328577323474278,0.9077786378931396,0.19909673929214478,0.1767573356628418
000000499769.jpg,Zhang 2017 (Interactive CNN),14.849958801713392,0.7875332864834031,0.3431948125362396,0.23844385147094727
000000500131.jpg,Zhang 2017 (Interactive CNN),20.187303859298588,0.9217950795122182,0.18171797692775726,0.25139451026916504
000000500308.jpg,Zhang 2017 (Interactive CNN),15.490879822671138,0.5385740353606655,0.3625389039516449,0.21671414375305176
000000500397.jpg,Zhang 2017 (Interactive CNN),17.25180886232995,0.8537595486437798,0.2493996024131775,0.21826171875
000000501024.jpg,Zhang 2017 (Interactive CNN),19.32834669664157,0.9127065870867482,0.32617461681365967,0.16396403312683105
000000501068.jpg,Zhang 2017 (Interactive CNN),16.67416583765326,0.8098039046156377,0.32676398754119873,0.2436835765838623
000000501207.jpg,Zhang 2017 (Interactive CNN),18.420617904639325,0.8254579735416557,0.36102813482284546,0.18707013130187988
000000502734.jpg,Zhang 2017 (Interactive CNN),13.819309429429191,0.7931664279689797,0.36042338609695435,0.1816718578338623
000000502834.jpg,Zhang 2017 (Interactive CNN),23.78496522950865,0.9647134838422865,0.18661382794380188,0.23159217834472656
000000504966.jpg,Zhang 2017 (Interactive CNN),16.55856095929696,0.8727183909783301,0.42285048961639404,0.2582130432128906
000000505231.jpg,Zhang 2017 (Interactive CNN),15.395690113632552,0.8662725368035585,0.34993183612823486,0.20870709419250488
000000507156.jpg,Zhang 2017 (Interactive CNN),18.903110380651512,0.8622564735954755,0.36384573578834534,0.20218896865844727
000000507433.jpg,Zhang 2017 (Interactive CNN),16.580035450018794,0.8249508758347145,0.42831510305404663,0.23814034461975098
000000508587.jpg,Zhang 2017 (Interactive CNN),14.431705126977612,0.5467978319487558,0.3777904510498047,0.15739798545837402
000000508942.jpg,Zhang 2017 (Interactive CNN),20.384090539551604,0.8542659120196782,0.22498750686645508,0.22525572776794434
000000509125.jpg,Zhang 2017 (Interactive CNN),19.8236390758293,0.8591452572971064,0.26652705669403076,0.2117140293121338
000000509857.jpg,Zhang 2017 (Interactive CNN),14.276780701803975,0.7509707202500455,0.40609434247016907,0.20191216468811035
000000510575.jpg,Zhang 2017 (Interactive CNN),19.862853083758477,0.9289239151306202,0.32942894101142883,0.2206592559814453
000000512278.jpg,Zhang 2017 (Interactive CNN),17.79394836762977,0.8281429855257606,0.3703293800354004,0.1841874122619629
000000513747.jpg,Zhang 2017 (Interactive CNN),21.911757331397673,0.9242095427225253,0.20528575778007507,0.21691584587097168
000000513763.jpg,Zhang 2017 (Interactive CNN),16.836162382103595,0.8358578933839386,0.4765029549598694,0.21845126152038574
000000513788.jpg,Zhang 2017 (Interactive CNN),23.257767498516962,0.6430077769040526,0.21304160356521606,0.18631792068481445
000000514876.jpg,Zhang 2017 (Interactive CNN),20.8430680836557,0.9008913265468763,0.21139132976531982,0.20946907997131348
000000516166.jpg,Zhang 2017 (Interactive CNN),12.514751495467264,0.8230585932899145,0.532343327999115,0.2208256721496582
000000516746.jpg,Zhang 2017 (Interactive CNN),19.140123888289672,0.7767886578640578,0.35980188846588135,0.20547771453857422
000000517892.jpg,Zhang 2017 (Interactive CNN),16.023182074934418,0.7788718229159991,0.5040618181228638,0.2467513084411621
000000518461.jpg,Zhang 2017 (Interactive CNN),23.48093873118215,0.9327579012493509,0.2835003733634949,0.19763898849487305
000000519456.jpg,Zhang 2017 (Interactive CNN),19.996529144331806,0.9015778165799325,0.26273849606513977,0.20983552932739258
000000519473.jpg,Zhang 2017 (Interactive CNN),20.851147731592565,0.8032365519652028,0.29853853583335876,0.20253539085388184
000000519698.jpg,Zhang 2017 (Interactive CNN),19.396531072663606,0.7941566815418977,0.27909836173057556,0.201904296875
000000519825.jpg,Zhang 2017 (Interactive CNN),15.755382715753758,0.8611689157312536,0.3696978986263275,0.2110590934753418
000000521265.jpg,Zhang 2017 (Interactive CNN),24.168830050538844,0.9698907635336497,0.23623959720134735,0.20367980003356934
000000522648.jpg,Zhang 2017 (Interactive CNN),21.013279563245266,0.9493940836119844,0.3316745162010193,0.27086329460144043
000000524566.jpg,Zhang 2017 (Interactive CNN),17.69505522540264,0.8441785167474963,0.4024233818054199,0.20089125633239746
000000524687.jpg,Zhang 2017 (Interactive CNN),21.763317513066887,0.8675629112333486,0.3011717200279236,0.19809627532958984
000000525901.jpg,Zhang 2017 (Interactive CNN),18.067122764540393,0.8545243171067837,0.28245991468429565,0.16485810279846191
000000526918.jpg,Zhang 2017 (Interactive CNN),17.278946927944887,0.8303214484003991,0.4292639493942261,0.2294154167175293
000000527007.jpg,Zhang 2017 (Interactive CNN),17.06692078369891,0.7815344720400804,0.34531426429748535,0.17255187034606934
000000527162.jpg,Zhang 2017 (Interactive CNN),18.229344256642957,0.8067540219801316,0.3549162745475769,0.2177283763885498
000000528103.jpg,Zhang 2017 (Interactive CNN),23.11575121059804,0.9634105761608712,0.1634223312139511,0.1838827133178711
000000528703.jpg,Zhang 2017 (Interactive CNN),20.303857321690902,0.9520929502533177,0.15651406347751617,0.2105088233947754
000000528902.jpg,Zhang 2017 (Interactive CNN),17.613408024431763,0.7607297575936154,0.33656829595565796,0.203810453414917
000000529149.jpg,Zhang 2017 (Interactive CNN),15.329358389402469,0.7594311230473281,0.40778806805610657,0.20882201194763184
000000530032.jpg,Zhang 2017 (Interactive CNN),28.64885797089682,0.980728713233343,0.11308474093675613,0.17841696739196777
000000530139.jpg,Zhang 2017 (Interactive CNN),22.62073386978376,0.8184448020359234,0.2359766662120819,0.15285301208496094
000000531310.jpg,Zhang 2017 (Interactive CNN),25.497815483141068,0.9303935989729654,0.31867626309394836,0.22258305549621582
000000532528.jpg,Zhang 2017 (Interactive CNN),18.156186519622032,0.8755772513155424,0.2749493420124054,0.21277499198913574
000000532794.jpg,Zhang 2017 (Interactive CNN),17.82321223400383,0.7943842646865208,0.2880576252937317,0.15458202362060547
000000532939.jpg,Zhang 2017 (Interactive CNN),18.487774285817046,0.8874121496040636,0.3521205484867096,0.18200421333312988
000000533167.jpg,Zhang 2017 (Interactive CNN),19.290219031024755,0.9368739896502869,0.3538174033164978,0.26929736137390137
000000533492.jpg,Zhang 2017 (Interactive CNN),19.37759314156255,0.8460822020103821,0.26687848567962646,0.2312169075012207
000000534563.jpg,Zhang 2017 (Interactive CNN),20.74646543334062,0.8491001830447055,0.2306474894285202,0.20616412162780762
000000534893.jpg,Zhang 2017 (Interactive CNN),19.459814858877028,0.8284084045854517,0.23635625839233398,0.23932957649230957
000000534929.jpg,Zhang 2017 (Interactive CNN),16.691145664740993,0.8658264847782028,0.36209020018577576,0.24440860748291016
000000535594.jpg,Zhang 2017 (Interactive CNN),18.850942520695458,0.8790469504929197,0.2726080119609833,0.2089378833770752
000000535744.jpg,Zhang 2017 (Interactive CNN),19.44894615139414,0.7581941075517644,0.2759983539581299,0.1171417236328125
000000536197.jpg,Zhang 2017 (Interactive CNN),19.05306720689776,0.9105353949221082,0.3803649842739105,0.23212981224060059
000000536256.jpg,Zhang 2017 (Interactive CNN),20.303640808392345,0.860735899662497,0.29619359970092773,0.24322986602783203
000000536591.jpg,Zhang 2017 (Interactive CNN),21.75271382865583,0.9438876498321532,0.23805159330368042,0.24971437454223633
000000537394.jpg,Zhang 2017 (Interactive CNN),20.156449531729827,0.6999713886690536,0.2871941030025482,0.20647430419921875
000000537747.jpg,Zhang 2017 (Interactive CNN),20.791760742909574,0.8919787007351169,0.2773546874523163,0.22872304916381836
000000538365.jpg,Zhang 2017 (Interactive CNN),16.282949693502808,0.7319688764465327,0.5094738006591797,0.21320867538452148
000000538767.jpg,Zhang 2017 (Interactive CNN),18.09811291380435,0.626787215699662,0.2679036855697632,0.20123076438903809
000000539512.jpg,Zhang 2017 (Interactive CNN),15.301063104827268,0.6175661331928258,0.40374287962913513,0.26360607147216797
000000540650.jpg,Zhang 2017 (Interactive CNN),15.125208718115273,0.8172304781689533,0.4580991268157959,0.21814656257629395
000000540908.jpg,Zhang 2017 (Interactive CNN),18.74454169756192,0.8774278830883491,0.28802746534347534,0.26543259620666504
000000541946.jpg,Zhang 2017 (Interactive CNN),22.58716639672007,0.9316578028373012,0.3057463765144348,0.2501344680786133
000000543061.jpg,Zhang 2017 (Interactive CNN),20.24135998495414,0.7394856784430123,0.2734232544898987,0.24048852920532227
000000543624.jpg,Zhang 2017 (Interactive CNN),14.331987555301403,0.8905530213863648,0.5270904302597046,0.24291253089904785
000000544049.jpg,Zhang 2017 (Interactive CNN),19.177348872467228,0.8640449614917632,0.3467589020729065,0.2369530200958252
000000544468.jpg,Zhang 2017 (Interactive CNN),20.02352123527784,0.8775189232950719,0.27147260308265686,0.23637008666992188
000000544509.jpg,Zhang 2017 (Interactive CNN),20.119226614257837,0.9268811008411936,0.13583308458328247,0.1925947666168213
000000544790.jpg,Zhang 2017 (Interactive CNN),17.418711485465064,0.7803339538539679,0.3907138407230377,0.1947932243347168
000000546072.jpg,Zhang 2017 (Interactive CNN),19.57102137344767,0.777912409772266,0.40958237648010254,0.26230669021606445
000000546573.jpg,Zhang 2017 (Interactive CNN),18.070289817889417,0.9072141680269281,0.3083284795284271,0.22855210304260254
000000546982.jpg,Zhang 2017 (Interactive CNN),17.62619671832214,0.9133078072224908,0.3406258821487427,0.23067760467529297
000000547466.jpg,Zhang 2017 (Interactive CNN),19.115217072402732,0.8362343047349063,0.3411472737789154,0.23627972602844238
000000547729.jpg,Zhang 2017 (Interactive CNN),19.886768415072158,0.9075829407822115,0.24485637247562408,0.24221372604370117
000000548023.jpg,Zhang 2017 (Interactive CNN),16.789924458506057,0.878333474708541,0.34867629408836365,0.2184162139892578
000000548152.jpg,Zhang 2017 (Interactive CNN),19.932657532327045,0.7752168033513119,0.21104270219802856,0.1574251651763916
000000548290.jpg,Zhang 2017 (Interactive CNN),25.34121816766782,0.9480035025915469,0.13997867703437805,0.21803712844848633
000000548392.jpg,Zhang 2017 (Interactive CNN),18.010339686806745,0.8600303848329568,0.40559738874435425,0.22666263580322266
000000549516.jpg,Zhang 2017 (Interactive CNN),18.023938185236133,0.8724424784967689,0.33446618914604187,0.23631000518798828
000000549791.jpg,Zhang 2017 (Interactive CNN),24.916343650950267,0.8894313384929894,0.12006117403507233,0.2823812961578369
000000549863.jpg,Zhang 2017 (Interactive CNN),19.391302413230257,0.8157087089380485,0.2646242380142212,0.2291576862335205
000000551893.jpg,Zhang 2017 (Interactive CNN),20.088100664248586,0.8785278974117795,0.38112401962280273,0.2549259662628174
000000552051.jpg,Zhang 2017 (Interactive CNN),20.19853844711676,0.9211508716296204,0.2370072305202484,0.24512457847595215
000000552524.jpg,Zhang 2017 (Interactive CNN),22.99930898760592,0.916490030197652,0.23476815223693848,0.16813898086547852
000000553782.jpg,Zhang 2017 (Interactive CNN),19.47625328479223,0.846919556542847,0.35779422521591187,0.25653767585754395
000000554072.jpg,Zhang 2017 (Interactive CNN),18.836420348738127,0.8873310764858889,0.2871779799461365,0.2391664981842041
000000554696.jpg,Zhang 2017 (Interactive CNN),13.401266564810692,0.8018896325489387,0.48425811529159546,0.18741559982299805
000000555111.jpg,Zhang 2017 (Interactive CNN),18.95104665923384,0.8328139351352956,0.31435826420783997,0.19859790802001953
000000556059.jpg,Zhang 2017 (Interactive CNN),15.995903149204356,0.8148233603460359,0.3840670883655548,0.1524653434753418
000000557665.jpg,Zhang 2017 (Interactive CNN),21.33888928710105,0.9349540853817152,0.23083721101284027,0.20981168746948242
000000558003.jpg,Zhang 2017 (Interactive CNN),27.39556427551065,0.4396034644673246,0.15195751190185547,0.17234492301940918
000000558059.jpg,Zhang 2017 (Interactive CNN),17.283504845997783,0.8433141124984836,0.28095605969429016,0.2105731964111328
000000558240.jpg,Zhang 2017 (Interactive CNN),16.92468351176064,0.7862627878622499,0.38434284925460815,0.10036516189575195
000000558583.jpg,Zhang 2017 (Interactive CNN),12.923324379413879,0.5292348643571553,0.5224401354789734,0.2178969383239746
000000558778.jpg,Zhang 2017 (Interactive CNN),20.13384583895547,0.8120004231487435,0.22302255034446716,0.220383882522583
000000560672.jpg,Zhang 2017 (Interactive CNN),17.996608786019387,0.7458139748877732,0.44881123304367065,0.2415611743927002
000000560696.jpg,Zhang 2017 (Interactive CNN),22.133963406958177,0.9173697507996441,0.24959848821163177,0.2085418701171875
000000562022.jpg,Zhang 2017 (Interactive CNN),21.565126127459116,0.8179339423464954,0.24069243669509888,0.1975710391998291
000000562439.jpg,Zhang 2017 (Interactive CNN),16.317156650751144,0.8818590109369276,0.43133243918418884,0.22559809684753418
000000563425.jpg,Zhang 2017 (Interactive CNN),19.743046324648336,0.8023043661592747,0.247719407081604,0.26598286628723145
000000563629.jpg,Zhang 2017 (Interactive CNN),16.317282618595893,0.8484997890733009,0.26895958185195923,0.23241114616394043
000000563703.jpg,Zhang 2017 (Interactive CNN),17.31409415860153,0.7593592850400718,0.29707521200180054,0.2642805576324463
000000563908.jpg,Zhang 2017 (Interactive CNN),17.294680936350424,0.8948186750630632,0.23490886390209198,0.2231884002685547
000000566196.jpg,Zhang 2017 (Interactive CNN),21.873078201644567,0.743580331137642,0.20745666325092316,0.19467520713806152
000000566702.jpg,Zhang 2017 (Interactive CNN),21.8256506038069,0.9422834079451571,0.19635047018527985,0.15253138542175293
000000567272.jpg,Zhang 2017 (Interactive CNN),20.042315137427558,0.9140588280758889,0.355619341135025,0.2288517951965332
000000567623.jpg,Zhang 2017 (Interactive CNN),18.22040400765922,0.9134075829861033,0.3423423767089844,0.23360586166381836
000000570575.jpg,Zhang 2017 (Interactive CNN),20.884584349933473,0.844897610839,0.27949267625808716,0.15550875663757324
000000570764.jpg,Zhang 2017 (Interactive CNN),22.63429884338947,0.9243384027674576,0.2075072079896927,0.2183067798614502
000000571027.jpg,Zhang 2017 (Interactive CNN),20.283592067413075,0.8928543980379707,0.28644680976867676,0.21634650230407715
000000571463.jpg,Zhang 2017 (Interactive CNN),19.68735867108701,0.8945944831607925,0.21591541171073914,0.22481703758239746
000000572190.jpg,Zhang 2017 (Interactive CNN),18.17938249488637,0.8394701271054511,0.29509881138801575,0.23546457290649414
000000572389.jpg,Zhang 2017 (Interactive CNN),14.090722473788963,0.8681346978300084,0.47436684370040894,0.19480013847351074
000000572562.jpg,Zhang 2017 (Interactive CNN),19.444532734425305,0.6739373787104458,0.31540632247924805,0.18799066543579102
000000572576.jpg,Zhang 2017 (Interactive CNN),15.5179486768913,0.7818712978361745,0.4176531434059143,0.15700364112854004
000000575930.jpg,Zhang 2017 (Interactive CNN),16.20435815259619,0.7429282924144277,0.34892547130584717,0.19780826568603516
000000577218.jpg,Zhang 2017 (Interactive CNN),20.03361677952579,0.9285409518834347,0.3067242503166199,0.20462274551391602
000000577335.jpg,Zhang 2017 (Interactive CNN),24.435376827922273,0.924166960565035,0.18139101564884186,0.22705316543579102
000000577784.jpg,Zhang 2017 (Interactive CNN),27.96845173633255,0.9556633236218058,0.17314733564853668,0.22513508796691895
000000577861.jpg,Zhang 2017 (Interactive CNN),18.546614980002587,0.7663666575895355,0.3322780132293701,0.23339200019836426
000000578062.jpg,Zhang 2017 (Interactive CNN),19.93353566628707,0.9041055704743771,0.2295866310596466,0.17504620552062988
000000579250.jpg,Zhang 2017 (Interactive CNN),22.762118231866744,0.952930468195901,0.1832234263420105,0.22821664810180664
000000579597.jpg,Zhang 2017 (Interactive CNN),18.45313746540071,0.8699011086197324,0.3178359568119049,0.1576249599456787
000000579714.jpg,Zhang 2017 (Interactive CNN),19.32482030264149,0.9056432224226422,0.2798290550708771,0.2316122055053711
000000579733.jpg,Zhang 2017 (Interactive CNN),18.526058705923564,0.8317719565348883,0.2916180491447449,0.24286293983459473
000000580610.jpg,Zhang 2017 (Interactive CNN),14.725260092424667,0.6554826306822352,0.4291297197341919,0.18333196640014648
000000581265.jpg,Zhang 2017 (Interactive CNN),20.33507659370089,0.8774384834848247,0.29785874485969543,0.23958659172058105
000000581342.jpg,Zhang 2017 (Interactive CNN),19.516316871443784,0.7036460268136556,0.25575435161590576,0.23685288429260254
000000000311.jpg,DeOldify (GAN),22.158572597339546,0.9267028709927784,0.12370874732732773,7.677467584609985
000000002380.jpg,DeOldify (GAN),25.076561450252107,0.934114035052419,0.0970093309879303,0.5536129474639893
000000002418.jpg,DeOldify (GAN),20.84143941554124,0.8671713925373927,0.2799265682697296,0.484450101852417
000000002427.jpg,DeOldify (GAN),26.11086669867477,0.9388645980543856,0.12669968605041504,0.48329734802246094
000000002439.jpg,DeOldify (GAN),23.19120862022562,0.8997777327504569,0.1814081370830536,0.4853646755218506
000000002797.jpg,DeOldify (GAN),25.38148425745883,0.9586870170383253,0.16050663590431213,0.491901159286499
000000002925.jpg,DeOldify (GAN),19.636533099894137,0.753899654152611,0.2462155520915985,0.48159122467041016
000000003384.jpg,DeOldify (GAN),19.663789017547096,0.9363424546027451,0.1313788741827011,0.4805724620819092
000000003748.jpg,DeOldify (GAN),22.07912419932091,0.916748782109063,0.15429313480854034,0.4747731685638428
000000004649.jpg,DeOldify (GAN),23.739450957460278,0.96033236745806,0.08474227786064148,0.47957658767700195
000000005401.jpg,DeOldify (GAN),21.64873990604059,0.8891385401709226,0.1227802038192749,0.48787879943847656
000000005578.jpg,DeOldify (GAN),24.797132409657827,0.9720082509485928,0.1277226209640503,0.4848904609680176
000000005976.jpg,DeOldify (GAN),20.67546083390948,0.8778533491245897,0.220997154712677,0.48476600646972656
000000007543.jpg,DeOldify (GAN),19.14694931491181,0.9260361118205026,0.22600150108337402,0.48416996002197266
000000007843.jpg,DeOldify (GAN),30.97874515611779,0.9664148793629218,0.14010924100875854,0.4886465072631836
000000008258.jpg,DeOldify (GAN),22.82745412919528,0.9357447286977543,0.1850242018699646,0.4990062713623047
000000008609.jpg,DeOldify (GAN),20.16111876074057,0.9394903687582735,0.197321355342865,0.4929840564727783
000000009264.jpg,DeOldify (GAN),20.06097465753843,0.8371887498996132,0.17199626564979553,0.4913365840911865
000000009703.jpg,DeOldify (GAN),28.597430789382102,0.9794851455481606,0.09456844627857208,0.48882293701171875
000000011379.jpg,DeOldify (GAN),27.009368283425207,0.9809182985902116,0.057567745447158813,0.4806210994720459
000000011413.jpg,DeOldify (GAN),24.83506697233954,0.9456476390286973,0.12058888375759125,0.4896068572998047
000000011958.jpg,DeOldify (GAN),26.129214148610345,0.9294427441001312,0.10766781121492386,0.49681735038757324
000000013207.jpg,DeOldify (GAN),21.71587863232462,0.9416732754400755,0.17634287476539612,0.4976155757904053
000000014119.jpg,DeOldify (GAN),20.59803802327254,0.9035072352363875,0.14847737550735474,0.5064048767089844
000000014224.jpg,DeOldify (GAN),21.20862803536598,0.9121153157496672,0.13989491760730743,0.4983081817626953
000000014408.jpg,DeOldify (GAN),25.071620939901198,0.9513675676953081,0.18241815268993378,0.5061182975769043
000000014550.jpg,DeOldify (GAN),24.346145188664217,0.9397616988287917,0.1429724097251892,0.49431610107421875
000000015088.jpg,DeOldify (GAN),22.672071229861356,0.7932854218605819,0.21458327770233154,0.5490243434906006
000000015568.jpg,DeOldify (GAN),21.0315539877104,0.910183864541445,0.1534564197063446,0.4985194206237793
000000015602.jpg,DeOldify (GAN),27.451135410536118,0.8549443049055186,0.08087807893753052,0.5061972141265869
000000016833.jpg,DeOldify (GAN),27.186011009562367,0.9168829215539022,0.09520956128835678,0.4980955123901367
000000017568.jpg,DeOldify (GAN),28.735584721033682,0.9702390547904792,0.07342661917209625,0.496870756149292
000000017974.jpg,DeOldify (GAN),33.21395161889789,0.9791015008585485,0.042147018015384674,0.6306686401367188
000000019204.jpg,DeOldify (GAN),18.630561559885198,0.8035425198424863,0.2084694653749466,0.5057408809661865
000000019648.jpg,DeOldify (GAN),24.16457899107561,0.9528700802634629,0.14063280820846558,0.49572205543518066
000000020048.jpg,DeOldify (GAN),23.180535739162597,0.9349947316210828,0.09994816780090332,0.49859046936035156
000000021557.jpg,DeOldify (GAN),23.495852305088754,0.9531749398223761,0.11706414073705673,0.5544092655181885
000000022445.jpg,DeOldify (GAN),25.664463583555516,0.9185172344292741,0.12661978602409363,0.504859209060669
000000023533.jpg,DeOldify (GAN),26.541083423980933,0.9511382848200861,0.09112908691167831,0.510134220123291
000000024930.jpg,DeOldify (GAN),25.14089853407443,0.9564982884075947,0.11287247389554977,0.5092382431030273
000000025064.jpg,DeOldify (GAN),25.30013783509245,0.9551628243124659,0.08708438277244568,0.5135500431060791
000000025092.jpg,DeOldify (GAN),16.573332191346065,0.8333874455623995,0.2421364188194275,0.8377704620361328
000000025164.jpg,DeOldify (GAN),24.25848527955308,0.9495787602138129,0.11406492441892624,0.48905444145202637
000000025330.jpg,DeOldify (GAN),22.498945574551094,0.922762904758531,0.1417161375284195,0.5122263431549072
000000025893.jpg,DeOldify (GAN),24.6043961715929,0.9232240295962514,0.15237374603748322,0.4974970817565918
000000026649.jpg,DeOldify (GAN),20.253636946497537,0.7998513485155608,0.32608622312545776,0.8521177768707275
000000026770.jpg,DeOldify (GAN),15.30677478941621,0.8203272463885578,0.2963014543056488,0.5175595283508301
000000027034.jpg,DeOldify (GAN),26.826022509910366,0.969146658064952,0.0796935111284256,0.5573568344116211
000000028203.jpg,DeOldify (GAN),33.11979992150295,0.9718798136771613,0.042584214359521866,0.9342401027679443
000000028500.jpg,DeOldify (GAN),27.588493470501266,0.941745165413124,0.09201793372631073,0.5033376216888428
000000028709.jpg,DeOldify (GAN),23.706965600728054,0.8998426235710205,0.1380085051059723,0.5646514892578125
000000028753.jpg,DeOldify (GAN),26.04279437928721,0.9765438148346567,0.11045507341623306,0.5180158615112305
000000030101.jpg,DeOldify (GAN),23.494833302475012,0.9237736866009731,0.14342260360717773,0.5129818916320801
000000030584.jpg,DeOldify (GAN),26.230578940600427,0.9245806737491034,0.18719366192817688,0.9430942535400391
000000030687.jpg,DeOldify (GAN),22.298466108621106,0.9335783059659177,0.17230987548828125,0.49744248390197754
000000031724.jpg,DeOldify (GAN),24.873502961321186,0.9536373466944591,0.08323106169700623,0.5091257095336914
000000032096.jpg,DeOldify (GAN),18.738776202630017,0.856213739677662,0.26382145285606384,0.5141406059265137
000000032545.jpg,DeOldify (GAN),21.421704311549874,0.9227079269938278,0.10408167541027069,0.4888606071472168
000000033060.jpg,DeOldify (GAN),24.335413205717845,0.915799785357767,0.11411915719509125,0.503138542175293
000000033986.jpg,DeOldify (GAN),27.007592249059435,0.821568040216066,0.21209031343460083,0.4857351779937744
000000034844.jpg,DeOldify (GAN),23.405173548607323,0.9170061547070794,0.09197821468114853,0.5003657341003418
000000035073.jpg,DeOldify (GAN),23.28658867938412,0.9517873635053457,0.12744972109794617,0.5003948211669922
000000036076.jpg,DeOldify (GAN),23.153991613844802,0.7977771887765694,0.2768692076206207,0.49741578102111816
000000036302.jpg,DeOldify (GAN),26.315652519577103,0.9339957728121765,0.1151687428355217,0.4881093502044678
000000036369.jpg,DeOldify (GAN),23.219643298751656,0.968469539462038,0.1562754511833191,0.48670387268066406
000000036375.jpg,DeOldify (GAN),31.089171958895175,0.9875021654527382,0.08824847638607025,0.48920702934265137
000000037218.jpg,DeOldify (GAN),25.132639918826364,0.9304409857587818,0.11093082278966904,0.48632121086120605
000000037997.jpg,DeOldify (GAN),23.276214837878733,0.944166691158201,0.1693979650735855,0.5174784660339355
000000038260.jpg,DeOldify (GAN),20.106543824309185,0.9466013263720997,0.09820330888032913,0.48282814025878906
000000038600.jpg,DeOldify (GAN),27.97349037640757,0.980602720950927,0.0937480702996254,0.49101853370666504
000000038915.jpg,DeOldify (GAN),24.400431120679706,0.9499438362782046,0.21782070398330688,0.4994349479675293
000000039056.jpg,DeOldify (GAN),15.86396798121113,0.7108775023419599,0.4116184711456299,0.4987986087799072
000000039260.jpg,DeOldify (GAN),26.51244748750714,0.9318152454747187,0.11878299713134766,0.47348809242248535
000000042660.jpg,DeOldify (GAN),19.725812220537765,0.9234860033017894,0.3006678521633148,0.49202966690063477
000000043631.jpg,DeOldify (GAN),21.725750337884403,0.8910367338477759,0.19568094611167908,0.4878370761871338
000000044390.jpg,DeOldify (GAN),27.17444182590922,0.9905339779362512,0.08334635943174362,0.49477291107177734
000000044819.jpg,DeOldify (GAN),29.165004385328682,0.9786137146957804,0.06751221418380737,0.5137302875518799
000000045457.jpg,DeOldify (GAN),13.95493931666023,0.8112639746465146,0.34964779019355774,0.5161581039428711
000000046158.jpg,DeOldify (GAN),33.1698560607578,0.9776057248787139,0.049361906945705414,0.5020759105682373
000000046527.jpg,DeOldify (GAN),31.31048896525855,0.8678771496344901,0.14051800966262817,0.49706220626831055
000000046601.jpg,DeOldify (GAN),23.239980589739815,0.9387118603550085,0.1276618391275406,0.4911220073699951
000000046661.jpg,DeOldify (GAN),24.56217894266824,0.9127871441359673,0.17542646825313568,0.5532791614532471
000000046721.jpg,DeOldify (GAN),21.581781845976103,0.9012795445159044,0.16170403361320496,0.5001480579376221
000000048642.jpg,DeOldify (GAN),31.366738852472963,0.9440758103600991,0.08804582804441452,0.5006499290466309
000000048693.jpg,DeOldify (GAN),19.027121126394803,0.8813656984256308,0.17811697721481323,0.49328136444091797
000000049067.jpg,DeOldify (GAN),20.11687581676619,0.7386432342177675,0.323019415140152,0.4919307231903076
000000049246.jpg,DeOldify (GAN),28.44377276413457,0.9750084220602009,0.08594382554292679,0.4970066547393799
000000049305.jpg,DeOldify (GAN),22.05421303904086,0.8853099270191298,0.14474594593048096,0.4975621700286865
000000049410.jpg,DeOldify (GAN),26.258609860459345,0.9321839474742634,0.07554028928279877,0.5050146579742432
000000049919.jpg,DeOldify (GAN),21.514621004731257,0.92800240287123,0.21502012014389038,0.4941139221191406
000000050630.jpg,DeOldify (GAN),28.72443872311439,0.9574570543445272,0.07891066372394562,0.5074613094329834
000000051867.jpg,DeOldify (GAN),26.956698977172845,0.971529788977563,0.09699729084968567,0.4989650249481201
000000052483.jpg,DeOldify (GAN),28.30105123191438,0.9627163053137112,0.09280145168304443,0.5165483951568604
000000052520.jpg,DeOldify (GAN),16.435969924331438,0.83777951966315,0.35490748286247253,0.4908778667449951
000000052587.jpg,DeOldify (GAN),22.580329708684186,0.9584884979925571,0.11376800388097763,0.49460268020629883
000000053857.jpg,DeOldify (GAN),24.623919795808185,0.944421967828123,0.11912841349840164,0.4991915225982666
000000054070.jpg,DeOldify (GAN),16.162942898941793,0.8608548972139826,0.28593412041664124,0.4974782466888428
000000056220.jpg,DeOldify (GAN),19.909857090123605,0.9284829701998877,0.2336888611316681,0.5086562633514404
000000056757.jpg,DeOldify (GAN),27.33979107119902,0.9409965167623794,0.19463060796260834,0.4938850402832031
000000057079.jpg,DeOldify (GAN),28.49154784012974,0.8975561704120031,0.08792432397603989,0.5061550140380859
000000057549.jpg,DeOldify (GAN),21.407599854287916,0.9407067575614133,0.1258053183555603,0.5177748203277588
000000058620.jpg,DeOldify (GAN),26.514323375662435,0.9591013723545253,0.08266434073448181,0.5292935371398926
000000058932.jpg,DeOldify (GAN),25.021836888230716,0.8618395772216892,0.14821431040763855,0.4961521625518799
000000058983.jpg,DeOldify (GAN),22.890541102980798,0.9429002467960799,0.13123703002929688,0.4919905662536621
000000059942.jpg,DeOldify (GAN),23.09538784519564,0.9167040927343723,0.17862564325332642,0.5163872241973877
000000061055.jpg,DeOldify (GAN),21.816935175844915,0.9265898252169406,0.10966848582029343,0.48943161964416504
000000061691.jpg,DeOldify (GAN),29.994786148354578,0.9474265732052874,0.049232322722673416,0.4982433319091797
000000062335.jpg,DeOldify (GAN),22.689785541807076,0.8936358078739003,0.18763160705566406,0.5041158199310303
000000062728.jpg,DeOldify (GAN),18.268484665807733,0.915298507258205,0.19069992005825043,0.5954389572143555
000000063840.jpg,DeOldify (GAN),23.348505689126142,0.9138134065061304,0.14081531763076782,0.5315475463867188
000000065576.jpg,DeOldify (GAN),29.814528094848285,0.9811780072520634,0.16533339023590088,0.544318675994873
000000066102.jpg,DeOldify (GAN),37.747464072141554,0.9896089482245208,0.03218690678477287,0.5435712337493896
000000066590.jpg,DeOldify (GAN),23.815963948685123,0.926672708023981,0.15361589193344116,0.5075263977050781
000000066724.jpg,DeOldify (GAN),29.46623159174606,0.9657766311176749,0.0766013115644455,0.502190113067627
000000067250.jpg,DeOldify (GAN),22.75391107593301,0.963000523655264,0.09870775043964386,0.513282299041748
000000067343.jpg,DeOldify (GAN),27.34577806198157,0.9656186408835116,0.11016308516263962,0.49034881591796875
000000067579.jpg,DeOldify (GAN),15.387082907932347,0.7691113095618789,0.28213414549827576,0.4966425895690918
000000068216.jpg,DeOldify (GAN),30.72046486135698,0.8735296666810967,0.09282341599464417,0.4960060119628906
000000068371.jpg,DeOldify (GAN),25.64202139638192,0.9632306438047862,0.08579996228218079,0.5089724063873291
000000068806.jpg,DeOldify (GAN),28.281001318917443,0.909289578275915,0.17108038067817688,0.5217368602752686
000000068846.jpg,DeOldify (GAN),25.85722433067575,0.9561141613106615,0.11453169584274292,0.4975435733795166
000000069237.jpg,DeOldify (GAN),21.740990340767055,0.9277757672841647,0.19561150670051575,0.4893977642059326
000000069430.jpg,DeOldify (GAN),23.197519738417213,0.960648197561443,0.13442912697792053,0.49551892280578613
000000069623.jpg,DeOldify (GAN),23.81005482440598,0.968868051710663,0.13610945641994476,0.4884376525878906
000000069760.jpg,DeOldify (GAN),22.765335569763288,0.9304010304224747,0.15416134893894196,0.49201107025146484
000000070098.jpg,DeOldify (GAN),21.015442009558196,0.8864283699753965,0.15943971276283264,0.567164421081543
000000070274.jpg,DeOldify (GAN),25.601022587761225,0.9571423834823664,0.16689622402191162,0.49636387825012207
000000070419.jpg,DeOldify (GAN),26.846176301999648,0.9520753005925532,0.13129079341888428,0.4977879524230957
000000070625.jpg,DeOldify (GAN),19.12740735696535,0.7741501426364269,0.2079794853925705,0.4957563877105713
000000072087.jpg,DeOldify (GAN),18.079685802904844,0.8774852818413748,0.14388948678970337,0.4956982135772705
000000072464.jpg,DeOldify (GAN),22.741049501524078,0.9543590874174385,0.0925954207777977,0.5002923011779785
000000072665.jpg,DeOldify (GAN),23.716341458544502,0.9211430862346347,0.12180935591459274,0.5089049339294434
000000073103.jpg,DeOldify (GAN),28.639841267804705,0.955350107237427,0.07718352973461151,0.4971160888671875
000000073817.jpg,DeOldify (GAN),20.848256679084585,0.9180024737545901,0.2572585642337799,0.4996483325958252
000000073886.jpg,DeOldify (GAN),17.59503840790584,0.8668956765517098,0.24605689942836761,0.5063900947570801
000000075086.jpg,DeOldify (GAN),25.86030067333033,0.9662591308031699,0.14442074298858643,0.49213171005249023
000000075889.jpg,DeOldify (GAN),21.709495386134922,0.9337182250443944,0.1503964066505432,0.4825468063354492
000000076774.jpg,DeOldify (GAN),25.591585535735817,0.9740091527656958,0.15005651116371155,0.502596378326416
000000078408.jpg,DeOldify (GAN),28.286772870007194,0.963154546166364,0.10118653625249863,0.4927966594696045
000000078568.jpg,DeOldify (GAN),18.760837693684486,0.8687151784815969,0.2220517098903656,0.47996044158935547
000000078734.jpg,DeOldify (GAN),19.152750574692593,0.9421357413236172,0.13643448054790497,0.48602843284606934
000000078931.jpg,DeOldify (GAN),23.990465840259183,0.9303800260841326,0.11364249140024185,0.5038142204284668
000000079050.jpg,DeOldify (GAN),25.239211274916254,0.9409456203370506,0.09738387167453766,0.5036685466766357
000000079246.jpg,DeOldify (GAN),28.58433182309101,0.769057539459396,0.2970799207687378,0.5116064548492432
000000080024.jpg,DeOldify (GAN),24.620427035464285,0.8000157507531717,0.21498554944992065,0.48807668685913086
000000080499.jpg,DeOldify (GAN),24.454719903517233,0.8705925928674757,0.1492883861064911,0.48972415924072266
000000080607.jpg,DeOldify (GAN),21.787635977917343,0.9563196191981201,0.16433881223201752,0.495089054107666
000000080799.jpg,DeOldify (GAN),30.08535931090277,0.981617599028632,0.02709747664630413,0.4954953193664551
000000080986.jpg,DeOldify (GAN),25.44419055644355,0.9390342161939357,0.09897243976593018,0.49483561515808105
000000081007.jpg,DeOldify (GAN),26.57619423307051,0.9651075361140156,0.10832667350769043,0.4915459156036377
000000081986.jpg,DeOldify (GAN),26.539386056899154,0.9574409010275072,0.05315960571169853,0.4882547855377197
000000081992.jpg,DeOldify (GAN),26.104518433950314,0.8266190292973152,0.15148110687732697,0.49552297592163086
000000082265.jpg,DeOldify (GAN),13.313574116310008,0.8318836300659386,0.2681589126586914,0.5022182464599609
000000083366.jpg,DeOldify (GAN),23.56141522130708,0.9339121397715308,0.1312199980020523,0.5054035186767578
000000084112.jpg,DeOldify (GAN),24.612370427115682,0.9599395213788338,0.14274419844150543,0.5011963844299316
000000084342.jpg,DeOldify (GAN),19.249546458583872,0.8877705597270541,0.20204269886016846,0.520827054977417
000000084381.jpg,DeOldify (GAN),29.39092978136097,0.9677596921119948,0.10342706739902496,0.5182969570159912
000000086028.jpg,DeOldify (GAN),25.076105957626087,0.9387083691845189,0.13640926778316498,0.5220201015472412
000000086187.jpg,DeOldify (GAN),19.470180717020465,0.8306663220050301,0.35171157121658325,0.5032248497009277
000000087759.jpg,DeOldify (GAN),27.838133999938364,0.9133578284828131,0.14217281341552734,0.5110974311828613
000000087952.jpg,DeOldify (GAN),21.66308263311961,0.8943208476740855,0.19310027360916138,0.5043168067932129
000000088049.jpg,DeOldify (GAN),31.44316442337398,0.9783381915073921,0.05073002725839615,0.4971950054168701
000000088687.jpg,DeOldify (GAN),15.900385134159684,0.856751126290753,0.19756507873535156,0.5038280487060547
000000089237.jpg,DeOldify (GAN),27.561398910600296,0.9726416110926084,0.08728422224521637,0.5009312629699707
000000089626.jpg,DeOldify (GAN),32.46833558589497,0.9765288047133501,0.06964889913797379,0.5304992198944092
000000090601.jpg,DeOldify (GAN),25.31478269011189,0.8677410178686675,0.2220100462436676,0.49847412109375
000000090828.jpg,DeOldify (GAN),28.240627684956504,0.9727102554698212,0.07417876273393631,0.5099818706512451
000000090971.jpg,DeOldify (GAN),20.6553294696548,0.8723346786012648,0.2671050429344177,0.4869260787963867
000000092360.jpg,DeOldify (GAN),15.734403455740711,0.7911862768073368,0.3481016755104065,0.5483243465423584
000000092434.jpg,DeOldify (GAN),21.320538674795667,0.8887171074940983,0.22772371768951416,0.5096542835235596
000000092908.jpg,DeOldify (GAN),27.505070671206525,0.9651711004591211,0.18183837831020355,0.5056774616241455
000000093076.jpg,DeOldify (GAN),24.499657113269244,0.9171628283450541,0.17072203755378723,0.4929661750793457
000000095259.jpg,DeOldify (GAN),25.068899282182446,0.9515850855781042,0.1304682046175003,0.501323938369751
000000096098.jpg,DeOldify (GAN),26.722408409840682,0.9511402439285606,0.1251946985721588,0.5025391578674316
000000096518.jpg,DeOldify (GAN),20.475971447165726,0.9117408124800933,0.1317107379436493,0.4851713180541992
000000096584.jpg,DeOldify (GAN),28.872300077886486,0.9611280048346008,0.07830510288476944,0.5299313068389893
000000096605.jpg,DeOldify (GAN),25.12858800744435,0.9511175703568968,0.1599636822938919,0.49838972091674805
000000096846.jpg,DeOldify (GAN),26.076990520236365,0.9618836687144011,0.10482093691825867,0.49594926834106445
000000098657.jpg,DeOldify (GAN),22.968408016375747,0.9157613664614161,0.14652785658836365,0.4945797920227051
000000098712.jpg,DeOldify (GAN),16.736105868153796,0.8007218516495563,0.21692004799842834,0.47495388984680176
000000098861.jpg,DeOldify (GAN),28.624246028780775,0.9454134349612766,0.0998777449131012,0.48954296112060547
000000099420.jpg,DeOldify (GAN),20.669651099650626,0.9291767327562198,0.24804408848285675,0.48613500595092773
000000099764.jpg,DeOldify (GAN),23.219473742527995,0.9093919463010433,0.12421559542417526,0.48700785636901855
000000099889.jpg,DeOldify (GAN),23.50919360633447,0.9405037706918918,0.13596104085445404,0.5075826644897461
000000101119.jpg,DeOldify (GAN),24.427380815502126,0.9335259389455794,0.12655001878738403,0.7796189785003662
000000102399.jpg,DeOldify (GAN),22.08313333482495,0.90470180626693,0.13314706087112427,0.4992334842681885
000000102767.jpg,DeOldify (GAN),27.16161107890656,0.9753924974505724,0.08754748106002808,0.5010342597961426
000000103350.jpg,DeOldify (GAN),25.625645883322925,0.9589939625194676,0.11733405292034149,0.49933338165283203
000000103391.jpg,DeOldify (GAN),20.70162640923305,0.8627856679555098,0.18789175152778625,0.4972851276397705
000000103451.jpg,DeOldify (GAN),15.70324156340675,0.8262858459820258,0.25407397747039795,0.5059678554534912
000000103721.jpg,DeOldify (GAN),24.548023527555564,0.8604728357835983,0.12911498546600342,0.5034117698669434
000000103777.jpg,DeOldify (GAN),30.92065552990333,0.9658538858357485,0.0683477520942688,0.4939870834350586
000000105054.jpg,DeOldify (GAN),23.365487342600556,0.9552560753923434,0.07499906420707703,0.4979870319366455
000000105130.jpg,DeOldify (GAN),24.299457550129134,0.9740209483666478,0.10184197127819061,0.5034875869750977
000000105400.jpg,DeOldify (GAN),25.48995558505741,0.9599291027284158,0.1410408318042755,0.5029809474945068
000000105654.jpg,DeOldify (GAN),28.92178165925694,0.9645373945438519,0.10072630643844604,0.510134220123291
000000105965.jpg,DeOldify (GAN),22.347642251018062,0.9257247083400673,0.13878054916858673,0.5070140361785889
000000107224.jpg,DeOldify (GAN),21.465640510542748,0.9055942392618291,0.1523667275905609,0.5095527172088623
000000107600.jpg,DeOldify (GAN),28.205521823533882,0.9751676120744147,0.09053938090801239,0.4889500141143799
000000107717.jpg,DeOldify (GAN),24.632058511483198,0.9430966843111275,0.1780330091714859,0.490520715713501
000000107916.jpg,DeOldify (GAN),19.73691536268912,0.8643360324490422,0.21190351247787476,0.49802184104919434
000000108001.jpg,DeOldify (GAN),24.238108333785043,0.8934460753999406,0.11825992912054062,0.4894571304321289
000000108469.jpg,DeOldify (GAN),24.88292498946448,0.9678712835012968,0.09275901317596436,0.49620819091796875
000000111540.jpg,DeOldify (GAN),23.065232396199956,0.9353919546715378,0.16779083013534546,0.5292806625366211
000000111816.jpg,DeOldify (GAN),21.129770565009576,0.9579298253854635,0.15462087094783783,0.4963865280151367
000000111847.jpg,DeOldify (GAN),32.731047365062615,0.9779710033599414,0.03490332514047623,0.5091731548309326
000000111915.jpg,DeOldify (GAN),17.973328107245287,0.8436784722351857,0.2637290954589844,0.5001392364501953
000000112067.jpg,DeOldify (GAN),30.243773161372797,0.9778907738461617,0.0875411257147789,0.5073063373565674
000000113538.jpg,DeOldify (GAN),26.489047434467913,0.9597135378067453,0.07789349555969238,0.5032138824462891
000000114991.jpg,DeOldify (GAN),20.295624215569177,0.9333070867999869,0.20266389846801758,0.6120412349700928
000000115628.jpg,DeOldify (GAN),17.983299416994523,0.866112258701699,0.18311753869056702,0.5225985050201416
000000116400.jpg,DeOldify (GAN),22.088650360572586,0.9366494756796978,0.11633241921663284,0.48497724533081055
000000116547.jpg,DeOldify (GAN),20.86098070215215,0.9082711345469203,0.17007657885551453,0.5105211734771729
000000116704.jpg,DeOldify (GAN),20.91904727144257,0.9023663125244329,0.21066813170909882,0.4801056385040283
000000116795.jpg,DeOldify (GAN),19.93087999738752,0.9371702315385706,0.12493935227394104,0.486858606338501
000000117516.jpg,DeOldify (GAN),22.864019163742274,0.7650791536919538,0.23717235028743744,0.49012160301208496
000000118491.jpg,DeOldify (GAN),13.987559018172648,0.7127749763616061,0.4000953435897827,0.4911684989929199
000000119193.jpg,DeOldify (GAN),20.76091068608246,0.899794167907471,0.18919672071933746,0.48843979835510254
000000121257.jpg,DeOldify (GAN),20.244991996508375,0.9341127675262101,0.1789264976978302,0.5025269985198975
000000123364.jpg,DeOldify (GAN),24.155202335505635,0.9179445256309666,0.14202803373336792,0.5199460983276367
000000125203.jpg,DeOldify (GAN),26.78732069951849,0.9206412726443071,0.09895484149456024,0.49344897270202637
000000125465.jpg,DeOldify (GAN),15.75890682459518,0.8376349527283793,0.29040831327438354,0.500129222869873
000000125604.jpg,DeOldify (GAN),17.789695933347296,0.7682482733263564,0.1970577836036682,0.5069408416748047
000000127771.jpg,DeOldify (GAN),25.002401177680838,0.9526246409249536,0.07049974054098129,0.519533634185791
000000129360.jpg,DeOldify (GAN),25.338814262493838,0.957880378589198,0.13860169053077698,0.5035443305969238
000000129714.jpg,DeOldify (GAN),21.45657961598147,0.8828490699647354,0.15404364466667175,0.49993252754211426
000000130669.jpg,DeOldify (GAN),26.31973071261296,0.8442613212417854,0.1418229639530182,0.4855191707611084
000000132364.jpg,DeOldify (GAN),21.860825368461075,0.8960379323864438,0.16469083726406097,0.5177302360534668
000000132545.jpg,DeOldify (GAN),30.023360195666875,0.9786725548010816,0.08506116271018982,0.4967350959777832
000000133947.jpg,DeOldify (GAN),21.48425477412587,0.8207856786071437,0.3415212035179138,0.49853062629699707
000000134275.jpg,DeOldify (GAN),22.15127409009588,0.9379643002372534,0.19122014939785004,0.4967525005340576
000000134696.jpg,DeOldify (GAN),33.12252220718066,0.9884757634584828,0.08532367646694183,0.49628210067749023
000000135597.jpg,DeOldify (GAN),20.62231715305073,0.915154003215035,0.14667624235153198,0.5011639595031738
000000135629.jpg,DeOldify (GAN),17.812582965209486,0.9080181505393018,0.2435711920261383,0.493333101272583
000000136090.jpg,DeOldify (GAN),22.474272861514333,0.963287376415274,0.14735884964466095,0.4878983497619629
000000136545.jpg,DeOldify (GAN),20.60612583801141,0.8690048803651051,0.17378513514995575,0.5167996883392334
000000136759.jpg,DeOldify (GAN),21.61273834092418,0.9038896227678418,0.19002923369407654,0.4908137321472168
000000137086.jpg,DeOldify (GAN),19.22076886977886,0.9575806747256209,0.15387633442878723,0.4926285743713379
000000137565.jpg,DeOldify (GAN),27.051692669768997,0.9666400218774136,0.08485400676727295,0.4897596836090088
000000137840.jpg,DeOldify (GAN),24.166134472186975,0.7414182684677112,0.18944251537322998,0.49276137351989746
000000138012.jpg,DeOldify (GAN),26.559694281325953,0.9586453064762717,0.11467394232749939,0.4910163879394531
000000138178.jpg,DeOldify (GAN),21.772040645173952,0.9317054625183171,0.19625817239284515,0.4936549663543701
000000139084.jpg,DeOldify (GAN),27.450153851144083,0.9331547215720857,0.08583295345306396,0.4956662654876709
000000139498.jpg,DeOldify (GAN),16.61502259985611,0.8723646448459134,0.21826152503490448,0.4850170612335205
000000139713.jpg,DeOldify (GAN),14.572142005593054,0.8015568130558156,0.33850380778312683,0.5457193851470947
000000140023.jpg,DeOldify (GAN),21.88668870628195,0.8747385927922452,0.10818223655223846,0.4986841678619385
000000140357.jpg,DeOldify (GAN),23.902808160856218,0.9667610573813166,0.11889852583408356,0.4864921569824219
000000140894.jpg,DeOldify (GAN),25.643151404473734,0.9471052240181796,0.0861005187034607,0.49355149269104004
000000141550.jpg,DeOldify (GAN),25.45890970036438,0.9679240331643454,0.1458934247493744,0.501460075378418
000000141551.jpg,DeOldify (GAN),31.52364604433074,0.9697035392518453,0.07283837348222733,0.5082926750183105
000000142594.jpg,DeOldify (GAN),25.11602295249698,0.8764185784175424,0.12933281064033508,0.4920084476470947
000000143278.jpg,DeOldify (GAN),23.423567376394388,0.9471900656391998,0.12804408371448517,0.5200793743133545
000000144387.jpg,DeOldify (GAN),25.033013652644925,0.9744105784230731,0.10311247408390045,0.49314355850219727
000000144636.jpg,DeOldify (GAN),28.378887166113135,0.9648591088965212,0.09642063826322556,0.5103650093078613
000000144751.jpg,DeOldify (GAN),14.45054160018896,0.7965383758061665,0.24698863923549652,0.4918978214263916
000000144943.jpg,DeOldify (GAN),26.05996643109533,0.9553255472879457,0.1896597295999527,0.504234790802002
000000146180.jpg,DeOldify (GAN),14.531834498876515,0.8194936013219474,0.2806273400783539,0.5013961791992188
000000146265.jpg,DeOldify (GAN),22.113912580052858,0.8586827809757,0.17088988423347473,0.4917018413543701
000000146298.jpg,DeOldify (GAN),19.183031739187484,0.9306526115778953,0.3009011447429657,0.48948001861572266
000000146906.jpg,DeOldify (GAN),23.769400542206597,0.941623603082775,0.15358306467533112,0.4955117702484131
000000147005.jpg,DeOldify (GAN),24.026818306925332,0.9483493970586169,0.11102353781461716,0.4931795597076416
000000147191.jpg,DeOldify (GAN),28.169005433507152,0.9608915310621127,0.09423674643039703,0.5129072666168213
000000147321.jpg,DeOldify (GAN),26.368835129800885,0.9051236023275419,0.18314993381500244,0.5042634010314941
000000147456.jpg,DeOldify (GAN),32.00841512581396,0.9874057705218485,0.07280311733484268,0.5010743141174316
000000148220.jpg,DeOldify (GAN),24.22879587179991,0.9538468367030193,0.10148922353982925,0.5162746906280518
000000148367.jpg,DeOldify (GAN),21.873359974937824,0.9068805915387407,0.15421470999717712,0.5025629997253418
000000148388.jpg,DeOldify (GAN),28.569200937582814,0.9774544221773364,0.13338804244995117,0.5145003795623779
000000148535.jpg,DeOldify (GAN),28.693634692772477,0.9828937242532709,0.05648830533027649,0.4912703037261963
000000148681.jpg,DeOldify (GAN),23.77543456294709,0.913862443781203,0.11319229006767273,0.49550914764404297
000000149491.jpg,DeOldify (GAN),20.00544751783871,0.9282974152876076,0.22187352180480957,0.48174381256103516
000000149848.jpg,DeOldify (GAN),23.6012462170553,0.9085478192506118,0.20512133836746216,0.4858717918395996
000000150167.jpg,DeOldify (GAN),26.962058219556976,0.9585846791311939,0.10071664303541183,0.4854621887207031
000000150389.jpg,DeOldify (GAN),18.54358662161234,0.9242407599410142,0.17358386516571045,0.48013877868652344
000000150856.jpg,DeOldify (GAN),17.233067708024866,0.8179267850014259,0.25937652587890625,0.5163788795471191
000000151504.jpg,DeOldify (GAN),20.103864196989466,0.9029687979552614,0.22343692183494568,0.489605188369751
000000152445.jpg,DeOldify (GAN),31.03458191191868,0.9793721451668151,0.08496063947677612,0.4824402332305908
000000154115.jpg,DeOldify (GAN),26.11673185105535,0.9790418477795041,0.05662683770060539,0.5435092449188232
000000154655.jpg,DeOldify (GAN),20.458094671248837,0.8391690821558585,0.17725664377212524,0.49611735343933105
000000155600.jpg,DeOldify (GAN),21.998721574465755,0.8325848038235026,0.14570307731628418,0.4895894527435303
000000155619.jpg,DeOldify (GAN),21.629306192822074,0.9191381883281972,0.1533629149198532,0.4822704792022705
000000155837.jpg,DeOldify (GAN),30.110837701865925,0.973106898667849,0.08028387278318405,0.512502908706665
000000156742.jpg,DeOldify (GAN),30.07963258638851,0.9540352564917023,0.09228929877281189,0.48937320709228516
000000156965.jpg,DeOldify (GAN),28.773334035214564,0.9662266866179361,0.10994333028793335,0.48926568031311035
000000157443.jpg,DeOldify (GAN),25.1397634172757,0.9362126769972434,0.10561592131853104,0.49419450759887695
000000157464.jpg,DeOldify (GAN),24.873278361653192,0.958815840131861,0.11652043461799622,0.48317384719848633
000000158131.jpg,DeOldify (GAN),23.962218055568908,0.78626845809282,0.16441187262535095,0.5049664974212646
000000158410.jpg,DeOldify (GAN),24.75650557930723,0.9594535703244969,0.09076925367116928,0.4925391674041748
000000159913.jpg,DeOldify (GAN),23.677743635742225,0.8996385411176698,0.1634914129972458,0.49984216690063477
000000160561.jpg,DeOldify (GAN),24.106026976137926,0.9335385883506393,0.12629163265228271,0.49588990211486816
000000160951.jpg,DeOldify (GAN),30.103463964288707,0.9724362155609491,0.052278634160757065,0.47844910621643066
000000161012.jpg,DeOldify (GAN),20.48942379478506,0.8417980040355583,0.1570693999528885,0.5029184818267822
000000161484.jpg,DeOldify (GAN),21.425871354921505,0.9497508013404093,0.10210753977298737,0.49636363983154297
000000162219.jpg,DeOldify (GAN),29.722304846023057,0.967117566403207,0.09422149509191513,0.5013110637664795
000000162513.jpg,DeOldify (GAN),31.17367288101417,0.9706242119621454,0.05619129538536072,0.480604887008667
000000163735.jpg,DeOldify (GAN),28.91891539893313,0.9702602356745237,0.06747932732105255,0.4894595146179199
000000164589.jpg,DeOldify (GAN),24.239534073818522,0.916089368371527,0.1213742196559906,0.4995918273925781
000000164896.jpg,DeOldify (GAN),19.46501888141135,0.8155995148577632,0.23642279207706451,0.49514079093933105
000000165846.jpg,DeOldify (GAN),23.213413990133315,0.9173239692104084,0.15826094150543213,0.49858760833740234
000000167158.jpg,DeOldify (GAN),18.353910423426974,0.8662107923806648,0.27696993947029114,0.49602293968200684
000000167258.jpg,DeOldify (GAN),21.515447581762164,0.8928726796319939,0.16300027072429657,0.48570775985717773
000000167924.jpg,DeOldify (GAN),21.828454334717765,0.905537807682483,0.19693168997764587,0.48807525634765625
000000168177.jpg,DeOldify (GAN),27.536885006925502,0.9670908042570235,0.08053918182849884,0.49005770683288574
000000168280.jpg,DeOldify (GAN),21.067553240035657,0.9377437346954061,0.18980753421783447,0.47968602180480957
000000168641.jpg,DeOldify (GAN),22.848379342595614,0.9225219268090047,0.14359501004219055,0.49234986305236816
000000168986.jpg,DeOldify (GAN),22.432232103196124,0.9577937875831223,0.17423748970031738,0.4906883239746094
000000169551.jpg,DeOldify (GAN),22.574712739221905,0.9309792402556933,0.1385195255279541,0.6960868835449219
000000169707.jpg,DeOldify (GAN),35.47375626824945,0.9950373225387136,0.02863888069987297,0.4904594421386719
000000170397.jpg,DeOldify (GAN),23.998862831248996,0.9616330395103091,0.08641918003559113,0.4759101867675781
000000170598.jpg,DeOldify (GAN),21.206022542374264,0.8826429884814694,0.3054405748844147,0.4959859848022461
000000170894.jpg,DeOldify (GAN),23.912742884586898,0.9694889530343351,0.1194150373339653,0.49069809913635254
000000171213.jpg,DeOldify (GAN),25.076492918182836,0.9539538992532831,0.10657665133476257,0.4909985065460205
000000172290.jpg,DeOldify (GAN),16.93723056814442,0.6780478715180215,0.27909886837005615,0.48700618743896484
000000172576.jpg,DeOldify (GAN),21.393058770027555,0.9378117466174877,0.13911019265651703,0.5006351470947266
000000172972.jpg,DeOldify (GAN),26.61699390737024,0.9027606051636754,0.1725551187992096,0.48302340507507324
000000174650.jpg,DeOldify (GAN),29.358340672116086,0.987316601634422,0.07944566011428833,0.4917106628417969
000000175062.jpg,DeOldify (GAN),20.585049743750943,0.9009838572270672,0.11682437360286713,0.4962458610534668
000000175888.jpg,DeOldify (GAN),23.301373874222243,0.9442885321888158,0.1800827533006668,0.49417614936828613
000000175895.jpg,DeOldify (GAN),25.453511216534622,0.9232744588884735,0.1826017200946808,0.4998481273651123
000000176703.jpg,DeOldify (GAN),22.07417634456742,0.8336333529925892,0.15167394280433655,0.49199652671813965
000000178730.jpg,DeOldify (GAN),26.750125337908436,0.8957988248891741,0.14813798666000366,0.4890868663787842
000000179023.jpg,DeOldify (GAN),26.710574943698244,0.9850916142744045,0.08736228197813034,0.49394702911376953
000000179262.jpg,DeOldify (GAN),15.701419045817033,0.8138866155441487,0.273250013589859,0.49070215225219727
000000179872.jpg,DeOldify (GAN),20.102980065915766,0.8630262546438855,0.18169036507606506,0.4847078323364258
000000180500.jpg,DeOldify (GAN),17.156942199776967,0.8419097030291641,0.23673251271247864,0.4793360233306885
000000180598.jpg,DeOldify (GAN),23.754992245550998,0.9094794326916548,0.15583579242229462,0.5005042552947998
000000180707.jpg,DeOldify (GAN),19.796675787348445,0.9103131153707732,0.16915841400623322,0.49185657501220703
000000180901.jpg,DeOldify (GAN),23.181121146632254,0.8799590694364898,0.1493949592113495,0.4796929359436035
000000181130.jpg,DeOldify (GAN),24.071097688056614,0.9360362193266468,0.11514382809400558,0.5027060508728027
000000182004.jpg,DeOldify (GAN),26.38471825241311,0.9501265998134412,0.10679011046886444,0.48627352714538574
000000182982.jpg,DeOldify (GAN),22.11977972332153,0.9240127236025053,0.11403895914554596,0.47868895530700684
000000183609.jpg,DeOldify (GAN),28.397286759822137,0.963432569250172,0.04317856580018997,0.4859445095062256
000000183951.jpg,DeOldify (GAN),33.55726466963778,0.9855643237732655,0.028874415904283524,0.4866616725921631
000000184380.jpg,DeOldify (GAN),19.711849222293036,0.9233003053522196,0.12911148369312286,0.4988255500793457
000000185728.jpg,DeOldify (GAN),17.5070256784362,0.841536322345927,0.2212059050798416,0.490525484085083
000000186085.jpg,DeOldify (GAN),20.835962577495323,0.9393668559994227,0.13588327169418335,0.48742151260375977
000000186203.jpg,DeOldify (GAN),21.40255127248121,0.9032730241668893,0.17539897561073303,0.49304747581481934
000000187712.jpg,DeOldify (GAN),19.70469291822129,0.882162649308441,0.19079892337322235,0.4920845031738281
000000188856.jpg,DeOldify (GAN),32.451850626804266,0.9815758212722265,0.05044203996658325,0.4805741310119629
000000188984.jpg,DeOldify (GAN),22.099701419140203,0.9064682159478581,0.14158597588539124,0.4922807216644287
000000189779.jpg,DeOldify (GAN),29.445944261986323,0.9616999870920826,0.07291170954704285,0.48767995834350586
000000189823.jpg,DeOldify (GAN),23.250412735655225,0.9500401419830958,0.08117980509996414,0.49359965324401855
000000189871.jpg,DeOldify (GAN),22.546843125098547,0.9275680572120056,0.14448320865631104,0.4901766777038574
000000189928.jpg,DeOldify (GAN),20.431610154052375,0.9041449081844729,0.18083053827285767,0.7104103565216064
000000190129.jpg,DeOldify (GAN),25.241986989283063,0.95793369308889,0.1244996041059494,0.6548492908477783
000000190269.jpg,DeOldify (GAN),28.985555877315264,0.9809273576130275,0.08317543566226959,0.5299108028411865
000000190976.jpg,DeOldify (GAN),24.577915596786983,0.8555715269854519,0.0938456654548645,0.520561695098877
000000192506.jpg,DeOldify (GAN),20.087850326269514,0.9209798608237055,0.14949752390384674,0.5070817470550537
000000193581.jpg,DeOldify (GAN),23.779039179583037,0.898595806538771,0.13844946026802063,0.5472936630249023
000000194821.jpg,DeOldify (GAN),25.07933181841163,0.8988171343131683,0.1402248740196228,0.486727237701416
000000195236.jpg,DeOldify (GAN),22.8548164132639,0.9410604719525031,0.20074892044067383,0.4820535182952881
000000195407.jpg,DeOldify (GAN),24.212760110318943,0.9554801083992288,0.10392497479915619,0.48830604553222656
000000196392.jpg,DeOldify (GAN),25.328384454826036,0.9581030808983021,0.08911991119384766,0.49254536628723145
000000196412.jpg,DeOldify (GAN),24.360634413650573,0.9448015756378981,0.12350203096866608,0.47289085388183594
000000197468.jpg,DeOldify (GAN),16.45296139669928,0.9198486907429891,0.25063708424568176,0.5140669345855713
000000198231.jpg,DeOldify (GAN),22.145945290118565,0.8966552616390772,0.15794964134693146,0.4858214855194092
000000198380.jpg,DeOldify (GAN),22.480624090534796,0.9242066159121348,0.14001557230949402,0.5009026527404785
000000198554.jpg,DeOldify (GAN),27.212707155004658,0.9634127597848323,0.1236104741692543,0.49780774116516113
000000198954.jpg,DeOldify (GAN),21.718684475897746,0.9101244265081364,0.14786356687545776,0.484116792678833
000000199414.jpg,DeOldify (GAN),20.754883208998702,0.9342472804525545,0.1296372264623642,0.4844629764556885
000000199684.jpg,DeOldify (GAN),26.05273481402827,0.9425034585670566,0.11979681253433228,0.4805488586425781
000000199998.jpg,DeOldify (GAN),23.18368196166436,0.940044465833424,0.21009516716003418,0.4870796203613281
000000201315.jpg,DeOldify (GAN),32.105301211939185,0.9714176372723046,0.06928811967372894,0.48848795890808105
000000201522.jpg,DeOldify (GAN),24.05680782353945,0.9540170788495786,0.12557090818881989,0.48682689666748047
000000201619.jpg,DeOldify (GAN),26.652504363053694,0.9317146770932525,0.10230827331542969,0.5029816627502441
000000205326.jpg,DeOldify (GAN),22.178096750131843,0.9485927794677923,0.16980355978012085,0.48427796363830566
000000205910.jpg,DeOldify (GAN),20.456522269786714,0.9113968530740385,0.20230287313461304,0.4902968406677246
000000206010.jpg,DeOldify (GAN),23.954229013075484,0.958690472840575,0.21761932969093323,0.48154687881469727
000000206287.jpg,DeOldify (GAN),22.571245083299697,0.8922152741011331,0.22387069463729858,0.4852588176727295
000000206507.jpg,DeOldify (GAN),20.415231154992455,0.8508669886207612,0.18023017048835754,0.4827911853790283
000000206608.jpg,DeOldify (GAN),23.245892136451044,0.951355419574842,0.12802380323410034,0.48363399505615234
000000206970.jpg,DeOldify (GAN),29.17245837456885,0.9626459395032286,0.07919152826070786,0.48744869232177734
000000210349.jpg,DeOldify (GAN),20.882403611155347,0.9120695133705649,0.13214796781539917,0.47969770431518555
000000210911.jpg,DeOldify (GAN),19.713809833558187,0.8690562576601932,0.21841087937355042,0.4987344741821289
000000211459.jpg,DeOldify (GAN),18.085232292251096,0.8569477607152617,0.19034284353256226,0.48670506477355957
000000213425.jpg,DeOldify (GAN),23.03846313309281,0.9489016446865487,0.20781803131103516,0.49661850929260254
000000213467.jpg,DeOldify (GAN),23.700355797705967,0.9227881825771176,0.17391450703144073,0.4954516887664795
000000213900.jpg,DeOldify (GAN),22.292039711862117,0.9288652659527884,0.18632084131240845,0.49027109146118164
000000213994.jpg,DeOldify (GAN),22.89686841951516,0.9316623900792051,0.15982961654663086,0.49672460556030273
000000214019.jpg,DeOldify (GAN),24.459880145829803,0.9552592349148886,0.17189189791679382,0.49347972869873047
000000214410.jpg,DeOldify (GAN),32.494772976493344,0.9627131065714488,0.09432760626077652,0.4894247055053711
000000215008.jpg,DeOldify (GAN),14.646425072319897,0.9104032893384755,0.32343167066574097,0.49212050437927246
000000215059.jpg,DeOldify (GAN),28.92459171011605,0.9609543442058702,0.08106124401092529,0.49315690994262695
000000215294.jpg,DeOldify (GAN),24.59737114282462,0.9459038033657364,0.052804913371801376,0.47548651695251465
000000215822.jpg,DeOldify (GAN),27.798493131756853,0.9433652956230184,0.134473979473114,0.4964888095855713
000000216139.jpg,DeOldify (GAN),25.704307330818214,0.9459185509753052,0.13360145688056946,0.49514150619506836
000000216318.jpg,DeOldify (GAN),20.939865608633788,0.921776522257102,0.10536537319421768,0.4888310432434082
000000216423.jpg,DeOldify (GAN),24.719454148629833,0.9667324057824364,0.07128392159938812,0.4861030578613281
000000216533.jpg,DeOldify (GAN),21.148646736701767,0.8964359987211218,0.20212987065315247,0.48416590690612793
000000216821.jpg,DeOldify (GAN),24.963540748332733,0.9645997354119221,0.08772188425064087,0.53692626953125
000000216836.jpg,DeOldify (GAN),20.117822628858907,0.8712231356253329,0.1585431545972824,0.48894429206848145
000000217999.jpg,DeOldify (GAN),30.155021352417943,0.9784485410440716,0.055632106959819794,0.49523115158081055
000000218753.jpg,DeOldify (GAN),24.907767448589595,0.9367251689820666,0.1320972740650177,0.4980621337890625
000000219054.jpg,DeOldify (GAN),20.456962276767374,0.9463081143532044,0.15814271569252014,0.4829730987548828
000000220985.jpg,DeOldify (GAN),30.23984898542075,0.9779547413805818,0.0657765343785286,0.48748207092285156
000000221783.jpg,DeOldify (GAN),25.42427427110674,0.9087471637147733,0.13128860294818878,0.48032140731811523
000000222124.jpg,DeOldify (GAN),19.06750488379886,0.7844548385205078,0.2703568935394287,0.4832453727722168
000000224084.jpg,DeOldify (GAN),16.315294515229866,0.8198488071936455,0.2782851755619049,0.4775395393371582
000000224261.jpg,DeOldify (GAN),15.418449513237524,0.7237802755245891,0.2023739367723465,0.4837789535522461
000000224338.jpg,DeOldify (GAN),21.488979050861417,0.9002676888494515,0.18293233215808868,0.4853076934814453
000000224360.jpg,DeOldify (GAN),20.339687779450983,0.8915127727804585,0.19392764568328857,0.4851384162902832
000000225114.jpg,DeOldify (GAN),23.796892545669245,0.9416799302766385,0.10464590787887573,0.4947991371154785
000000228116.jpg,DeOldify (GAN),22.47004331738664,0.9261913510693075,0.09444728493690491,0.48041367530822754
000000231699.jpg,DeOldify (GAN),27.18676124598292,0.9499033292742327,0.09426009654998779,0.48941802978515625
000000232798.jpg,DeOldify (GAN),22.824769395920764,0.9564778223208433,0.22432605922222137,0.4934883117675781
000000233333.jpg,DeOldify (GAN),23.483170195929958,0.9150423675975302,0.18689203262329102,0.49401402473449707
000000233659.jpg,DeOldify (GAN),28.159603837776146,0.9788416565993544,0.12401685118675232,0.4985361099243164
000000233695.jpg,DeOldify (GAN),25.04218489711483,0.9600055182696828,0.11649170517921448,0.4907214641571045
000000233725.jpg,DeOldify (GAN),18.414997046303338,0.9263629865423906,0.19135251641273499,0.4822211265563965
000000234411.jpg,DeOldify (GAN),24.726072216463628,0.9556628279088208,0.10192830860614777,0.50189208984375
000000234909.jpg,DeOldify (GAN),25.977478170166613,0.9379484165610843,0.08419057726860046,0.4817490577697754
000000235859.jpg,DeOldify (GAN),25.454033315957815,0.9512925306547296,0.11405040323734283,0.48238229751586914
000000236112.jpg,DeOldify (GAN),24.02645851182022,0.9169902390814871,0.15899977087974548,0.4957904815673828
000000236286.jpg,DeOldify (GAN),28.506716422415487,0.9596091963127736,0.09620946645736694,0.49431538581848145
000000236707.jpg,DeOldify (GAN),23.84261247319187,0.9222674698504831,0.16032639145851135,0.4704723358154297
000000236900.jpg,DeOldify (GAN),25.695477889687616,0.9208057731000148,0.11935631930828094,0.500995397567749
000000238754.jpg,DeOldify (GAN),24.49169701433346,0.9328006719274639,0.08602657914161682,0.49252772331237793
000000240050.jpg,DeOldify (GAN),17.234705110034582,0.8417997064208556,0.32344871759414673,0.4762532711029053
000000240366.jpg,DeOldify (GAN),28.29120817800128,0.973716108378695,0.06980355083942413,0.4994931221008301
000000240724.jpg,DeOldify (GAN),21.261303029245116,0.9339676390876209,0.1626189649105072,0.49010515213012695
000000241686.jpg,DeOldify (GAN),26.145066287010394,0.9031452993032795,0.14845335483551025,0.47397279739379883
000000241788.jpg,DeOldify (GAN),27.455013963483058,0.9601442858873567,0.10048875212669373,0.49665260314941406
000000242023.jpg,DeOldify (GAN),30.330275026619937,0.9680232263733192,0.08843515813350677,0.4840574264526367
000000243546.jpg,DeOldify (GAN),20.184881713827284,0.8745673240537056,0.21676021814346313,0.4879758358001709
000000243943.jpg,DeOldify (GAN),30.29998344537796,0.9685336237148826,0.060006603598594666,0.48689818382263184
000000244029.jpg,DeOldify (GAN),17.859138668456737,0.7861990722924225,0.24486811459064484,0.47025632858276367
000000244192.jpg,DeOldify (GAN),21.001163841165553,0.8896459427547558,0.24847689270973206,0.4972994327545166
000000244773.jpg,DeOldify (GAN),22.300323017298645,0.8907106989862359,0.1175074651837349,0.47907423973083496
000000245636.jpg,DeOldify (GAN),23.45237492433094,0.9390474732594569,0.11970937997102737,0.5058712959289551
000000249468.jpg,DeOldify (GAN),18.97268935312268,0.9024102491274174,0.2325737178325653,0.48297762870788574
000000250098.jpg,DeOldify (GAN),24.80427256059035,0.9545339989693552,0.10253192484378815,0.4968881607055664
000000251020.jpg,DeOldify (GAN),23.43425724033341,0.931741587421114,0.1317933201789856,0.4957540035247803
000000251099.jpg,DeOldify (GAN),25.052554920723136,0.882475218098933,0.17846056818962097,0.4891231060028076
000000251176.jpg,DeOldify (GAN),25.481687223067723,0.9652986013528094,0.08157717436552048,0.5036275386810303
000000251649.jpg,DeOldify (GAN),27.8618846079643,0.9716137162913819,0.06334324926137924,0.4933431148529053
000000252657.jpg,DeOldify (GAN),29.470201802346196,0.8708630629621771,0.2354103922843933,0.49405932426452637
000000253623.jpg,DeOldify (GAN),14.337032588896182,0.7392112789710459,0.2880217134952545,0.5028998851776123
000000253720.jpg,DeOldify (GAN),21.8659474276533,0.9366404178416531,0.1215263307094574,0.4836437702178955
000000254776.jpg,DeOldify (GAN),20.116794894646823,0.8636405063143134,0.28518444299697876,0.4902346134185791
000000255025.jpg,DeOldify (GAN),32.15150444584248,0.9706028065907963,0.04650912061333656,0.4892852306365967
000000256185.jpg,DeOldify (GAN),22.610780446565848,0.9356444184661808,0.14730508625507355,0.484389066696167
000000256694.jpg,DeOldify (GAN),23.674059553135688,0.9566475407246878,0.13187077641487122,0.5006668567657471
000000256729.jpg,DeOldify (GAN),22.834066880207065,0.9319866240150844,0.10835406184196472,0.48160243034362793
000000257222.jpg,DeOldify (GAN),22.66992794493193,0.9533743651549004,0.13560432195663452,0.4941072463989258
000000258172.jpg,DeOldify (GAN),22.080181720693698,0.9428957222250279,0.14683644473552704,0.4966294765472412
000000259564.jpg,DeOldify (GAN),25.71500181457303,0.9503203395214089,0.14182138442993164,0.4894216060638428
000000259818.jpg,DeOldify (GAN),23.192547264633212,0.9200287514083807,0.17891938984394073,0.4877777099609375
000000259950.jpg,DeOldify (GAN),23.145759344643064,0.9292775075075617,0.14159159362316132,0.47541022300720215
000000260574.jpg,DeOldify (GAN),25.688640176780847,0.9625066237599059,0.09818483144044876,0.48337650299072266
000000260734.jpg,DeOldify (GAN),19.34440232835567,0.8813961112963251,0.18562090396881104,0.48543787002563477
000000260985.jpg,DeOldify (GAN),24.638572266276775,0.8977920121589352,0.09554146230220795,0.4962141513824463
000000262062.jpg,DeOldify (GAN),25.398087442253335,0.9605862864939064,0.09340882301330566,0.48634767532348633
000000262380.jpg,DeOldify (GAN),28.600250343268307,0.9766904638469512,0.047780461609363556,0.485182523727417
000000262593.jpg,DeOldify (GAN),24.145438224854736,0.9355175287110735,0.10578631609678268,0.48990774154663086
000000263139.jpg,DeOldify (GAN),20.712254886840277,0.9691396137890614,0.15971940755844116,0.4867072105407715
000000263368.jpg,DeOldify (GAN),25.371254074245073,0.9558082146607753,0.12978705763816833,0.4871857166290283
000000264107.jpg,DeOldify (GAN),21.78920024526715,0.9452767670883699,0.12052483856678009,0.50091552734375
000000264453.jpg,DeOldify (GAN),26.78953161893201,0.9480754875083495,0.09997206181287766,0.49126625061035156
000000265205.jpg,DeOldify (GAN),30.17417914706578,0.9158644903275824,0.10901539027690887,0.4903841018676758
000000265413.jpg,DeOldify (GAN),24.199154193195103,0.8882677771301863,0.09114611893892288,0.4949824810028076
000000265496.jpg,DeOldify (GAN),24.061140248675308,0.9226445781204654,0.1033865213394165,0.4928476810455322
000000266085.jpg,DeOldify (GAN),26.806496832165546,0.9681368495486793,0.08932730555534363,0.48454999923706055
000000266457.jpg,DeOldify (GAN),25.585207061550346,0.9545607358613578,0.07364239543676376,0.49265551567077637
000000266731.jpg,DeOldify (GAN),17.83395279328832,0.8202559794103731,0.24457773566246033,0.484375
000000267368.jpg,DeOldify (GAN),22.89925322286635,0.9644451672434787,0.19931092858314514,0.48465943336486816
000000268104.jpg,DeOldify (GAN),23.213666278519767,0.7497253020806752,0.1615103781223297,0.48973631858825684
000000268401.jpg,DeOldify (GAN),25.362346336954424,0.9371050512184556,0.128877654671669,0.7432456016540527
000000269118.jpg,DeOldify (GAN),25.50981464359454,0.9571580812558791,0.10373316705226898,0.48436570167541504
000000269509.jpg,DeOldify (GAN),28.591374642175094,0.9736597753970656,0.08262534439563751,0.48939943313598633
000000269765.jpg,DeOldify (GAN),20.628292048580423,0.9229122375119023,0.19862160086631775,0.483945369720459
000000269809.jpg,DeOldify (GAN),27.58481025704404,0.9685259503983299,0.09824587404727936,0.4878530502319336
000000270349.jpg,DeOldify (GAN),20.10135722561316,0.9434943805971777,0.11775249242782593,0.49002885818481445
000000270858.jpg,DeOldify (GAN),27.913176680381596,0.9529153504726645,0.05804869532585144,0.4875483512878418
000000271074.jpg,DeOldify (GAN),13.36388972543056,0.6702881809034645,0.26417896151542664,0.5083754062652588
000000271129.jpg,DeOldify (GAN),28.610822913416985,0.9473052782253394,0.1059466153383255,0.487715482711792
000000271589.jpg,DeOldify (GAN),28.014958102584586,0.9744801374013988,0.08381413668394089,0.4874277114868164
000000272107.jpg,DeOldify (GAN),19.199373509038665,0.8882158894363873,0.16088300943374634,0.48413920402526855
000000272135.jpg,DeOldify (GAN),28.149006436978993,0.9678677385678629,0.07874836027622223,0.49556994438171387
000000272313.jpg,DeOldify (GAN),19.841579516972686,0.8959800595518793,0.16573530435562134,0.48706746101379395
000000274100.jpg,DeOldify (GAN),22.09392720964552,0.9061323447083075,0.13291746377944946,0.48889899253845215
000000274628.jpg,DeOldify (GAN),23.110085887267747,0.9213300304976192,0.1603584885597229,0.4800455570220947
000000275071.jpg,DeOldify (GAN),21.054793150485864,0.914819127827141,0.16540926694869995,0.49426889419555664
000000275093.jpg,DeOldify (GAN),30.31567715203311,0.973933837004053,0.10989779233932495,0.48880648612976074
000000275756.jpg,DeOldify (GAN),23.32568964935654,0.9552424958465808,0.1645810902118683,0.48961901664733887
000000276011.jpg,DeOldify (GAN),18.752130162950216,0.8938786095509644,0.22005966305732727,0.49274635314941406
000000276114.jpg,DeOldify (GAN),27.275190571743224,0.9627514622000959,0.09247829765081406,0.5042135715484619
000000276141.jpg,DeOldify (GAN),20.52738511092358,0.8829951790224095,0.178877592086792,0.4953017234802246
000000276738.jpg,DeOldify (GAN),20.25108024882269,0.9393623722842509,0.16616283357143402,0.49033164978027344
000000278120.jpg,DeOldify (GAN),18.377392951722463,0.8621385982666512,0.1557382494211197,0.49166250228881836
000000278122.jpg,DeOldify (GAN),23.17419412754276,0.9643596749788239,0.1268477886915207,0.4892756938934326
000000278460.jpg,DeOldify (GAN),23.370802793753477,0.9419401232086712,0.10868911445140839,0.4835028648376465
000000278515.jpg,DeOldify (GAN),23.668336341920924,0.9292098195813644,0.10498247295618057,0.49382925033569336
000000278828.jpg,DeOldify (GAN),21.3075671823691,0.9250504345166427,0.16865205764770508,0.48731088638305664
000000280201.jpg,DeOldify (GAN),29.440281073438733,0.9691774278495092,0.08579102158546448,0.49767112731933594
000000280658.jpg,DeOldify (GAN),23.03623807715535,0.896971752125021,0.16694197058677673,0.4850039482116699
000000280676.jpg,DeOldify (GAN),32.97030062216863,0.9856907714403492,0.028243418782949448,0.4890022277832031
000000281639.jpg,DeOldify (GAN),32.41947960873705,0.9805737375601496,0.09270858019590378,0.48981213569641113
000000282330.jpg,DeOldify (GAN),31.83093589693361,0.9795056969493411,0.04761546477675438,0.4858241081237793
000000282536.jpg,DeOldify (GAN),27.06271931121713,0.9561119834479076,0.06935864686965942,0.4843442440032959
000000282895.jpg,DeOldify (GAN),27.71019693365379,0.9566075884994403,0.07322476804256439,0.5017690658569336
000000283594.jpg,DeOldify (GAN),25.989330438737174,0.9587331920883962,0.12316983938217163,0.4854581356048584
000000283789.jpg,DeOldify (GAN),26.414042391627994,0.9406611529303333,0.15210863947868347,0.5084919929504395
000000284881.jpg,DeOldify (GAN),27.98905050261539,0.9363975867086826,0.09430218487977982,0.48613667488098145
000000285393.jpg,DeOldify (GAN),24.18542493537697,0.9408259788670033,0.10851356387138367,0.505352258682251
000000286032.jpg,DeOldify (GAN),21.489564253960705,0.8487992731872094,0.16378344595432281,0.48480844497680664
000000286107.jpg,DeOldify (GAN),24.669755522588073,0.9650010644142085,0.10135959833860397,0.48746347427368164
000000286709.jpg,DeOldify (GAN),20.77702925428897,0.6805637949751949,0.19139917194843292,0.48191189765930176
000000286714.jpg,DeOldify (GAN),28.165250328325424,0.9749520462376867,0.05658257007598877,0.4840834140777588
000000286721.jpg,DeOldify (GAN),26.159962545237985,0.9487684711294516,0.08433296531438828,0.48540616035461426
000000287127.jpg,DeOldify (GAN),21.761472722235787,0.9271445779442379,0.20158979296684265,0.49222564697265625
000000287227.jpg,DeOldify (GAN),22.059029189447465,0.9080015307666068,0.13302743434906006,0.4894695281982422
000000287818.jpg,DeOldify (GAN),17.279900008504384,0.8263885757286821,0.23533664643764496,0.48627710342407227
000000288572.jpg,DeOldify (GAN),21.886278346361077,0.9644680778305564,0.15285909175872803,0.49085450172424316
000000289877.jpg,DeOldify (GAN),27.76752355898357,0.9526456878339012,0.09726802259683609,0.491865873336792
000000290680.jpg,DeOldify (GAN),23.496071477526694,0.9664875057744283,0.183701753616333,0.4913594722747803
000000290844.jpg,DeOldify (GAN),23.579937414148063,0.9159313999863373,0.11663584411144257,0.49152088165283203
000000290904.jpg,DeOldify (GAN),26.925800641725914,0.8040310762398297,0.1797928810119629,0.49054956436157227
000000290917.jpg,DeOldify (GAN),19.22093074911963,0.848008261154809,0.19414731860160828,0.49009180068969727
000000291283.jpg,DeOldify (GAN),24.846293804403835,0.9123897226206937,0.15119242668151855,0.48787593841552734
000000292423.jpg,DeOldify (GAN),29.727806927024783,0.9413948747993718,0.1159977912902832,0.49252867698669434
000000292604.jpg,DeOldify (GAN),25.811351754157457,0.9572954581866905,0.15615880489349365,0.48796701431274414
000000292619.jpg,DeOldify (GAN),26.926763340845163,0.8933425025551255,0.13349780440330505,0.48813557624816895
000000294613.jpg,DeOldify (GAN),25.107006738098285,0.9537693302369967,0.08293572813272476,0.49744534492492676
000000294684.jpg,DeOldify (GAN),29.574404807813522,0.9739918140835444,0.07571467012166977,0.4880833625793457
000000295029.jpg,DeOldify (GAN),23.44400363313226,0.9455639247100468,0.13851645588874817,0.48955392837524414
000000295047.jpg,DeOldify (GAN),21.780083818081305,0.8915177494369294,0.15854735672473907,0.48880553245544434
000000296250.jpg,DeOldify (GAN),22.798761729924326,0.8741565687074174,0.169877827167511,0.49225926399230957
000000296591.jpg,DeOldify (GAN),17.230258929006414,0.8257313212390728,0.23438003659248352,0.4826388359069824
000000298104.jpg,DeOldify (GAN),23.53988693075868,0.9680206327719141,0.12422686815261841,0.4859168529510498
000000298108.jpg,DeOldify (GAN),26.702035917802878,0.9305250916848561,0.08541001379489899,0.4997687339782715
000000299078.jpg,DeOldify (GAN),26.408377512460362,0.9560698184860416,0.08194686472415924,0.4971435070037842
000000301736.jpg,DeOldify (GAN),23.917734369247725,0.9541775314406644,0.11770188063383102,0.5127589702606201
000000301738.jpg,DeOldify (GAN),28.515486554442152,0.968590957021436,0.12285510450601578,0.48149776458740234
000000302296.jpg,DeOldify (GAN),16.337273684905757,0.8158655692848829,0.2830215096473694,0.5073215961456299
000000302309.jpg,DeOldify (GAN),19.961679128014783,0.8935120978421462,0.24057115614414215,0.4836244583129883
000000302879.jpg,DeOldify (GAN),24.40320640192997,0.9470330676379538,0.13323098421096802,0.48740410804748535
000000302947.jpg,DeOldify (GAN),27.30253890668182,0.9861897352901025,0.06867115199565887,0.4924917221069336
000000303353.jpg,DeOldify (GAN),25.853349010575364,0.9405273865664058,0.09026777744293213,0.4913139343261719
000000303363.jpg,DeOldify (GAN),27.73941948838107,0.9659031572073408,0.0966356173157692,0.4825131893157959
000000303714.jpg,DeOldify (GAN),27.222776806083836,0.8916386574939983,0.24903957545757294,0.49980831146240234
000000304766.jpg,DeOldify (GAN),21.7355402501411,0.8812609401083212,0.20232771337032318,0.4878871440887451
000000305221.jpg,DeOldify (GAN),22.63488600506299,0.9025946008005435,0.18176116049289703,0.48771023750305176
000000306965.jpg,DeOldify (GAN),29.422565213708115,0.9649749941876964,0.12557418644428253,0.48215532302856445
000000307127.jpg,DeOldify (GAN),25.79522975551786,0.9383423315678762,0.1089145839214325,0.4925875663757324
000000307321.jpg,DeOldify (GAN),21.26468720333139,0.9125339174018089,0.21789062023162842,0.4901249408721924
000000308650.jpg,DeOldify (GAN),25.84380542675223,0.9489284294831136,0.13359810411930084,0.4890422821044922
000000308991.jpg,DeOldify (GAN),24.641166468889814,0.962264017201533,0.14248508214950562,0.48937153816223145
000000309416.jpg,DeOldify (GAN),20.45597469712874,0.9099269911499256,0.2097655087709427,0.5002870559692383
000000309779.jpg,DeOldify (GAN),23.159589347674753,0.9150775040921343,0.17377863824367523,0.489990234375
000000309857.jpg,DeOldify (GAN),26.652139298127548,0.9590407236529207,0.08554505556821823,0.4888193607330322
000000309990.jpg,DeOldify (GAN),30.326114032402334,0.9591681719883219,0.06278196722269058,0.4943125247955322
000000310520.jpg,DeOldify (GAN),16.58670927091912,0.8698474351974627,0.3035690188407898,0.48781442642211914
000000310625.jpg,DeOldify (GAN),23.786461500474246,0.9592149152781922,0.13210706412792206,0.4919419288635254
000000310650.jpg,DeOldify (GAN),23.71417689996733,0.9564996559538631,0.10661990940570831,0.4853532314300537
000000310828.jpg,DeOldify (GAN),30.355414932129317,0.9817591807331731,0.06816772371530533,0.48601579666137695
000000312037.jpg,DeOldify (GAN),17.840785692675176,0.9100743103809705,0.1614718735218048,0.4886319637298584
000000312554.jpg,DeOldify (GAN),24.659958111335705,0.9572724741922359,0.10415397584438324,0.46669816970825195
000000312699.jpg,DeOldify (GAN),24.95033330695428,0.957702892190393,0.13649705052375793,0.5027632713317871
000000313894.jpg,DeOldify (GAN),23.3271786336506,0.8751968289080709,0.2650068998336792,0.49810075759887695
000000314860.jpg,DeOldify (GAN),25.126601932335415,0.9151102093997144,0.12430667877197266,0.4907355308532715
000000315499.jpg,DeOldify (GAN),22.65477674668948,0.89453064238689,0.18991808593273163,0.49321508407592773
000000315665.jpg,DeOldify (GAN),31.245112868760472,0.9849670265351126,0.051638320088386536,0.4886362552642822
000000315731.jpg,DeOldify (GAN),19.742347593191223,0.8859949818243318,0.22651197016239166,0.481311559677124
000000315917.jpg,DeOldify (GAN),22.61446591835446,0.9350965020878595,0.12045077234506607,0.5024709701538086
000000316246.jpg,DeOldify (GAN),24.581487017305584,0.8618356023791606,0.16119283437728882,0.5090227127075195
000000316300.jpg,DeOldify (GAN),21.10331874628589,0.9185999674883739,0.1547161340713501,0.5007402896881104
000000316986.jpg,DeOldify (GAN),19.503127576949872,0.8569227143936008,0.18485872447490692,0.48782944679260254
000000317669.jpg,DeOldify (GAN),24.755636221113985,0.8990633306337484,0.13535788655281067,0.48639726638793945
000000317976.jpg,DeOldify (GAN),29.07275155323166,0.9651391176030585,0.14536899328231812,0.4903531074523926
000000318038.jpg,DeOldify (GAN),21.9624565231093,0.889975190900537,0.13650798797607422,0.48661279678344727
000000318215.jpg,DeOldify (GAN),22.583049423530028,0.8746430077667063,0.13175339996814728,0.4924774169921875
000000319814.jpg,DeOldify (GAN),21.884454950475654,0.8764466697155494,0.1610415279865265,0.48505401611328125
000000319833.jpg,DeOldify (GAN),32.935486087830526,0.96985984792402,0.1116628497838974,0.4915797710418701
000000320251.jpg,DeOldify (GAN),21.58177508647977,0.8811941878172659,0.1665642261505127,0.5087745189666748
000000320571.jpg,DeOldify (GAN),25.431372891965715,0.9769530199907077,0.1456148326396942,0.4920055866241455
000000321487.jpg,DeOldify (GAN),27.699246500856347,0.9214587985358583,0.10130898654460907,0.49326038360595703
000000321696.jpg,DeOldify (GAN),29.16660264614198,0.9563980244545022,0.11187711358070374,0.4830026626586914
000000322058.jpg,DeOldify (GAN),28.331254609685843,0.9349686357611692,0.1005050465464592,0.4907348155975342
000000322421.jpg,DeOldify (GAN),24.24641610978924,0.9371676010987603,0.18590693175792694,0.4843943119049072
000000322450.jpg,DeOldify (GAN),23.19337512795972,0.9503740660559198,0.13382509350776672,0.4946022033691406
000000323194.jpg,DeOldify (GAN),33.35581239473687,0.970629233658587,0.044090092182159424,0.4831583499908447
000000324081.jpg,DeOldify (GAN),25.431992584002884,0.9151771485666996,0.14726535975933075,0.4863302707672119
000000325491.jpg,DeOldify (GAN),27.77400481669515,0.9441094912379896,0.19663086533546448,0.49028825759887695
000000328378.jpg,DeOldify (GAN),21.361871928705565,0.9404805051513074,0.11005756258964539,0.4905571937561035
000000329424.jpg,DeOldify (GAN),24.376344660049565,0.902669532142239,0.12761899828910828,0.4867534637451172
000000329686.jpg,DeOldify (GAN),26.452345623668737,0.9612323870163859,0.1079476848244667,0.4899625778198242
000000329986.jpg,DeOldify (GAN),25.31023942712704,0.9702908224573359,0.057065125554800034,0.4900209903717041
000000333273.jpg,DeOldify (GAN),20.46340234465081,0.9530992710772995,0.16116662323474884,0.4895057678222656
000000333711.jpg,DeOldify (GAN),26.840790136352428,0.9688249877502599,0.08988891541957855,0.490537166595459
000000334360.jpg,DeOldify (GAN),17.786595388779073,0.8697794717358406,0.28051143884658813,0.48937082290649414
000000334870.jpg,DeOldify (GAN),21.99209210472125,0.8758067209694796,0.21761909127235413,0.5001144409179688
000000336200.jpg,DeOldify (GAN),19.74554519028809,0.8768465181746086,0.2745838761329651,0.48624634742736816
000000336212.jpg,DeOldify (GAN),21.03227293069287,0.8692072386176098,0.14094068109989166,0.48625659942626953
000000336256.jpg,DeOldify (GAN),28.08597323413963,0.9480164187366306,0.10591796785593033,0.4826474189758301
000000336794.jpg,DeOldify (GAN),31.844475302236425,0.9103397413724427,0.11236950010061264,0.4779222011566162
000000336815.jpg,DeOldify (GAN),22.747080979576033,0.8772783414455075,0.14651311933994293,0.4850163459777832
000000337223.jpg,DeOldify (GAN),13.81529948652592,0.6747762847136216,0.3145511746406555,0.4970824718475342
000000337346.jpg,DeOldify (GAN),24.909091868583594,0.9577953477334731,0.11771732568740845,0.49608373641967773
000000338110.jpg,DeOldify (GAN),21.481476926785305,0.8783006161523254,0.14368614554405212,0.4909665584564209
000000339523.jpg,DeOldify (GAN),21.731055262031784,0.9236211442483122,0.20441383123397827,0.48311400413513184
000000339739.jpg,DeOldify (GAN),22.83576299716133,0.9246712879730298,0.09661868214607239,0.48650288581848145
000000339889.jpg,DeOldify (GAN),21.856299692198235,0.9122908429261493,0.15550783276557922,0.49292540550231934
000000339995.jpg,DeOldify (GAN),24.121095370645236,0.9268834200531745,0.16400206089019775,0.4891808032989502
000000341044.jpg,DeOldify (GAN),23.254817259238337,0.8947388370138206,0.17051047086715698,0.4885270595550537
000000341256.jpg,DeOldify (GAN),20.879719139925506,0.9152733513083184,0.19807946681976318,0.48903656005859375
000000341261.jpg,DeOldify (GAN),26.79633894283649,0.9631636136601504,0.07869291305541992,0.4915480613708496
000000342482.jpg,DeOldify (GAN),27.250771551542613,0.9692181666282403,0.07895826548337936,0.49164366722106934
000000343237.jpg,DeOldify (GAN),17.091752261339835,0.7434442010268708,0.21748213469982147,0.4917595386505127
000000343785.jpg,DeOldify (GAN),24.991458857279948,0.946301977443255,0.1803695559501648,0.48782896995544434
000000344448.jpg,DeOldify (GAN),29.026353474195147,0.9823105898793525,0.07704433053731918,0.4883124828338623
000000344651.jpg,DeOldify (GAN),24.118100242961923,0.903700207715699,0.2235434651374817,0.49542856216430664
000000344723.jpg,DeOldify (GAN),28.982702013185715,0.9771137762058318,0.0552864670753479,0.48001694679260254
000000345794.jpg,DeOldify (GAN),18.84927313249665,0.7913255869160652,0.20833441615104675,0.49721646308898926
000000346035.jpg,DeOldify (GAN),18.5845237888007,0.8930660340201676,0.2302979826927185,0.48522448539733887
000000346159.jpg,DeOldify (GAN),22.128130127300686,0.9300245999504174,0.12625360488891602,0.48613739013671875
000000346522.jpg,DeOldify (GAN),19.881457026511594,0.9071407345225658,0.20845311880111694,0.4833405017852783
000000348778.jpg,DeOldify (GAN),21.814177337279773,0.7133587441675978,0.11939123272895813,0.48793554306030273
000000349674.jpg,DeOldify (GAN),31.659928786371225,0.9831646365433682,0.04517727345228195,0.4974207878112793
000000349764.jpg,DeOldify (GAN),25.97867085908866,0.9773232290976805,0.12046307325363159,0.5675745010375977
000000350509.jpg,DeOldify (GAN),29.14913284262544,0.9818386030958521,0.09517192095518112,0.486011266708374
000000350906.jpg,DeOldify (GAN),31.71600063104545,0.9650406142087461,0.10844072699546814,0.5002021789550781
000000353450.jpg,DeOldify (GAN),22.287121667455732,0.8480769380086759,0.17720577120780945,0.4853379726409912
000000354287.jpg,DeOldify (GAN),19.07217305652807,0.9012098300719725,0.1657632291316986,0.5010757446289062
000000354872.jpg,DeOldify (GAN),24.64484215143959,0.939887336953194,0.11734641343355179,0.4953136444091797
000000355127.jpg,DeOldify (GAN),27.072189433851854,0.9678877543614925,0.10720408707857132,0.49692487716674805
000000357170.jpg,DeOldify (GAN),18.70955833557318,0.868456728938957,0.20348259806632996,0.4948890209197998
000000358299.jpg,DeOldify (GAN),17.955443534503644,0.9086057871411649,0.23636692762374878,0.4995701313018799
000000358710.jpg,DeOldify (GAN),21.876733737357927,0.8765720337845453,0.16386370360851288,0.5009603500366211
000000358955.jpg,DeOldify (GAN),17.938186070166456,0.8890582723848847,0.2663562297821045,0.47290539741516113
000000359657.jpg,DeOldify (GAN),20.93081301066265,0.8808489944328395,0.16037988662719727,0.5019309520721436
000000359742.jpg,DeOldify (GAN),25.278216591594905,0.917904783107229,0.15998272597789764,0.49376702308654785
000000361105.jpg,DeOldify (GAN),22.770936676477127,0.9062012119506827,0.18405234813690186,0.4827442169189453
000000361348.jpg,DeOldify (GAN),18.87823093337273,0.8591286055779926,0.2553500235080719,0.49371933937072754
000000361818.jpg,DeOldify (GAN),23.854196756432362,0.9267601552852401,0.14904169738292694,0.48770880699157715
000000361906.jpg,DeOldify (GAN),23.70419382362288,0.9703678945314896,0.07826924324035645,0.47462034225463867
000000362559.jpg,DeOldify (GAN),23.620836105963342,0.948754555177365,0.14166153967380524,0.49680089950561523
000000362663.jpg,DeOldify (GAN),27.72448631499855,0.9579751603598896,0.158845916390419,0.4872171878814697
000000364170.jpg,DeOldify (GAN),25.571873809058573,0.95274618005049,0.11089208722114563,0.49524998664855957
000000364318.jpg,DeOldify (GAN),22.723765829962534,0.9115426383223845,0.15391205251216888,0.5067307949066162
000000365823.jpg,DeOldify (GAN),24.71353229267804,0.8983423486155094,0.14741918444633484,0.4890744686126709
000000366800.jpg,DeOldify (GAN),23.943850356492558,0.9333196133798766,0.18628233671188354,0.4829840660095215
000000367016.jpg,DeOldify (GAN),33.061219568820654,0.9636300359875308,0.07496225833892822,0.49538230895996094
000000368464.jpg,DeOldify (GAN),23.31715395874739,0.6740237809778051,0.309156596660614,0.49228787422180176
000000368801.jpg,DeOldify (GAN),24.030231322079008,0.9348914166117425,0.14800161123275757,0.48830604553222656
000000369464.jpg,DeOldify (GAN),25.511118807727104,0.9410977305887759,0.11013369262218475,0.4950382709503174
000000369549.jpg,DeOldify (GAN),26.48012799242401,0.9586745943818515,0.15065376460552216,0.48107481002807617
000000369586.jpg,DeOldify (GAN),23.039991785470377,0.9493819171107205,0.09370099753141403,0.48812437057495117
000000369984.jpg,DeOldify (GAN),25.34799814229889,0.9586364784224899,0.09568729996681213,0.497281551361084
000000370789.jpg,DeOldify (GAN),23.394519231451962,0.9416477128618711,0.10626892000436783,0.49235963821411133
000000371895.jpg,DeOldify (GAN),24.531945822645596,0.9548608728860838,0.12145532667636871,0.48467254638671875
000000372189.jpg,DeOldify (GAN),26.398078391963715,0.9568752504785173,0.09315140545368195,0.4832797050476074
000000372598.jpg,DeOldify (GAN),27.708190632655555,0.9386167960086454,0.08047319948673248,0.4831719398498535
000000373031.jpg,DeOldify (GAN),17.565239829351796,0.7455208374311311,0.25967589020729065,0.48229384422302246
000000375355.jpg,DeOldify (GAN),30.218001689744902,0.9799196370723703,0.08820891380310059,0.48928070068359375
000000376023.jpg,DeOldify (GAN),20.563112459896775,0.8907477219229909,0.13108870387077332,0.5098397731781006
000000376100.jpg,DeOldify (GAN),22.35812274886433,0.9549016983752939,0.1746934950351715,0.48865342140197754
000000377126.jpg,DeOldify (GAN),24.438395994995687,0.9646729633141794,0.09235410392284393,0.5433793067932129
000000377253.jpg,DeOldify (GAN),22.02217063295337,0.866609920201455,0.1831333339214325,0.4800899028778076
000000377374.jpg,DeOldify (GAN),25.38033265965103,0.9401626773598681,0.11650940775871277,0.49149513244628906
000000377452.jpg,DeOldify (GAN),20.5999650043917,0.9073234025672302,0.15264488756656647,0.5048882961273193
000000378483.jpg,DeOldify (GAN),24.74583692911466,0.9340720437528621,0.1638392210006714,0.4837319850921631
000000380004.jpg,DeOldify (GAN),19.571220989943907,0.9121423021606567,0.22909678518772125,0.48766422271728516
000000381553.jpg,DeOldify (GAN),22.50561032606123,0.9520570622228747,0.15332423150539398,0.47244763374328613
000000382299.jpg,DeOldify (GAN),22.143371054582715,0.950456210406884,0.12132463604211807,0.4980897903442383
000000384571.jpg,DeOldify (GAN),20.704753877836385,0.9082408307460349,0.1564132571220398,0.49025940895080566
000000384581.jpg,DeOldify (GAN),22.48821258402694,0.9132464312321732,0.19349873065948486,0.48772168159484863
000000384702.jpg,DeOldify (GAN),23.92383835017659,0.9471330880895801,0.13851195573806763,0.48886823654174805
000000386180.jpg,DeOldify (GAN),24.683773443833026,0.9255718442238386,0.17555706202983856,0.49051618576049805
000000386519.jpg,DeOldify (GAN),28.3135587258416,0.919669041926364,0.14011135697364807,0.4897761344909668
000000388111.jpg,DeOldify (GAN),22.143395352401676,0.8415267546197297,0.20227235555648804,0.4859292507171631
000000388470.jpg,DeOldify (GAN),19.811691294896793,0.9014325181438149,0.19721612334251404,0.4888489246368408
000000388535.jpg,DeOldify (GAN),27.96521389411536,0.9708311075088809,0.0642748773097992,0.48371028900146484
000000388749.jpg,DeOldify (GAN),15.137536689031377,0.879266213495582,0.2988463342189789,0.5133802890777588
000000389501.jpg,DeOldify (GAN),21.352577126555158,0.8888572008437343,0.18328920006752014,0.47936105728149414
000000389593.jpg,DeOldify (GAN),25.99102053574648,0.9372340860837886,0.11683065444231033,0.49280691146850586
000000390623.jpg,DeOldify (GAN),23.925416493764132,0.8919353995072608,0.1586049199104309,0.49637842178344727
000000390786.jpg,DeOldify (GAN),21.68874058594315,0.8746214450380801,0.15947379171848297,0.4851112365722656
000000391705.jpg,DeOldify (GAN),23.473524022260364,0.9241390121515147,0.11388659477233887,0.4970705509185791
000000391719.jpg,DeOldify (GAN),20.975379202466225,0.8916713026174156,0.16110192239284515,0.4872426986694336
000000391929.jpg,DeOldify (GAN),25.40997158006793,0.9635546474494459,0.16454961895942688,0.49571871757507324
000000392628.jpg,DeOldify (GAN),19.83676361982831,0.8981837303208811,0.19405192136764526,0.4918837547302246
000000392823.jpg,DeOldify (GAN),30.091242846438963,0.9652783828878445,0.11871156841516495,0.47775888442993164
000000393740.jpg,DeOldify (GAN),27.946662482486726,0.9403085659976381,0.10077487677335739,0.486011266708374
000000393861.jpg,DeOldify (GAN),22.337318176068713,0.9078870812202567,0.11546210199594498,0.48940277099609375
000000394086.jpg,DeOldify (GAN),24.709387475972484,0.9621054763988371,0.17554497718811035,0.5083999633789062
000000394136.jpg,DeOldify (GAN),34.3480942354044,0.971397623175343,0.06789340078830719,0.48850154876708984
000000394350.jpg,DeOldify (GAN),27.493700445433387,0.9688253305541705,0.12218490242958069,0.49100351333618164
000000395857.jpg,DeOldify (GAN),25.226500619090938,0.9415228458613069,0.1345260739326477,0.5129613876342773
000000397493.jpg,DeOldify (GAN),29.45295908983246,0.9716930970798588,0.06094852834939957,0.5020272731781006
000000399316.jpg,DeOldify (GAN),27.099022360847368,0.9403816385449709,0.11325787007808685,0.49668025970458984
000000399424.jpg,DeOldify (GAN),23.083850335527863,0.9205068813334855,0.19797122478485107,0.49112796783447266
000000401252.jpg,DeOldify (GAN),25.096376816907636,0.9507654387655445,0.1385607123374939,0.49277305603027344
000000402724.jpg,DeOldify (GAN),20.289543918929574,0.8498145235229458,0.2198285311460495,0.489666223526001
000000402750.jpg,DeOldify (GAN),25.735615730187995,0.962086034878794,0.07105469703674316,0.49139928817749023
000000403129.jpg,DeOldify (GAN),11.677708203894642,0.6933915476627038,0.47737905383110046,0.4917306900024414
000000403734.jpg,DeOldify (GAN),14.799048766864601,0.7183044383589291,0.3497437834739685,0.49605464935302734
000000405363.jpg,DeOldify (GAN),23.198648040394776,0.7767292766753755,0.22905942797660828,0.47861599922180176
000000406179.jpg,DeOldify (GAN),26.111799190987504,0.9105740152922362,0.1410519927740097,0.49337315559387207
000000407250.jpg,DeOldify (GAN),25.491491982767194,0.9600644953502268,0.10199584811925888,0.501723051071167
000000407258.jpg,DeOldify (GAN),25.08450318540501,0.9669345553738196,0.09726080298423767,0.4916198253631592
000000408663.jpg,DeOldify (GAN),24.376271712545076,0.9602272770309583,0.14100992679595947,0.4929788112640381
000000409253.jpg,DeOldify (GAN),32.65393006232518,0.9829768335332963,0.06573004275560379,0.4974522590637207
000000409827.jpg,DeOldify (GAN),25.544875513918583,0.9306508124156995,0.10982215404510498,0.49706244468688965
000000410025.jpg,DeOldify (GAN),20.62848964678787,0.8355212096946527,0.18662144243717194,0.4809250831604004
000000410158.jpg,DeOldify (GAN),19.08143724466941,0.8794501642242114,0.19131284952163696,0.48773813247680664
000000410317.jpg,DeOldify (GAN),12.373096561811279,0.6636529376253985,0.3277798891067505,0.49285459518432617
000000410685.jpg,DeOldify (GAN),22.593979909389077,0.9350999785634748,0.12562638521194458,0.48763585090637207
000000410738.jpg,DeOldify (GAN),16.155463318287225,0.8332730502741623,0.2663877606391907,0.4917623996734619
000000410811.jpg,DeOldify (GAN),25.143961536979592,0.8098522984963555,0.11944414675235748,0.4927506446838379
000000411194.jpg,DeOldify (GAN),18.237314061603556,0.8602077204913668,0.1732645332813263,0.47821950912475586
000000412329.jpg,DeOldify (GAN),22.351711013726256,0.7356242478411724,0.16111868619918823,0.49219274520874023
000000412601.jpg,DeOldify (GAN),21.216791996665883,0.9163008378304354,0.16906636953353882,0.4855782985687256
000000412921.jpg,DeOldify (GAN),26.15036607680199,0.9593646132790178,0.09363214671611786,0.501967191696167
000000414191.jpg,DeOldify (GAN),28.29088393078726,0.9789751190711783,0.08492133021354675,0.489332914352417
000000414702.jpg,DeOldify (GAN),28.466103997650045,0.9717691550438916,0.1424003690481186,0.486203670501709
000000415431.jpg,DeOldify (GAN),31.597898063430616,0.9531877693520902,0.11746010929346085,0.4873838424682617
000000415744.jpg,DeOldify (GAN),22.55274350497002,0.9297222881362309,0.12826262414455414,0.4848146438598633
000000415774.jpg,DeOldify (GAN),19.38902970422984,0.9243472791902168,0.2335233986377716,0.48955726623535156
000000415908.jpg,DeOldify (GAN),22.792674473052024,0.9064526139853507,0.11855100095272064,0.4769141674041748
000000416056.jpg,DeOldify (GAN),20.234035738679665,0.8589313428820203,0.1856531947851181,0.4988124370574951
000000416173.jpg,DeOldify (GAN),20.01172772920778,0.9417945450608243,0.12998227775096893,0.4968130588531494
000000416797.jpg,DeOldify (GAN),25.287567964746952,0.9314529704042626,0.1902393102645874,0.49036192893981934
000000417785.jpg,DeOldify (GAN),22.1445569272218,0.8934508636844751,0.2209480255842209,0.480698823928833
000000418660.jpg,DeOldify (GAN),23.9894885568367,0.9054512897183954,0.12431605905294418,0.48710107803344727
000000418795.jpg,DeOldify (GAN),26.718741386499502,0.9643807045404396,0.1559731364250183,0.4936051368713379
000000420336.jpg,DeOldify (GAN),25.245032597812123,0.9096998483221291,0.09632851928472519,0.49202466011047363
000000420773.jpg,DeOldify (GAN),28.774033616636103,0.9527119418369709,0.07633860409259796,0.4837021827697754
000000421482.jpg,DeOldify (GAN),21.381941735860288,0.903389219605521,0.19386295974254608,0.5090663433074951
000000421695.jpg,DeOldify (GAN),21.277131403860423,0.8280805132826297,0.19506873190402985,0.4929816722869873
000000422993.jpg,DeOldify (GAN),25.770434597024327,0.9602299619381651,0.11455756425857544,0.4824533462524414
000000423159.jpg,DeOldify (GAN),17.417477686875152,0.8221728785053001,0.31940987706184387,0.5074257850646973
000000423460.jpg,DeOldify (GAN),31.74915237411886,0.9626246697460555,0.05351871997117996,0.48511266708374023
000000423831.jpg,DeOldify (GAN),23.403838281753085,0.9473761373051164,0.1471318006515503,0.4920473098754883
000000424004.jpg,DeOldify (GAN),21.496792292144367,0.8881887544346672,0.2347152680158615,0.4865076541900635
000000424639.jpg,DeOldify (GAN),23.12054730336974,0.9453051216025149,0.17148511111736298,0.4881725311279297
000000425241.jpg,DeOldify (GAN),23.630914307028114,0.9593718542711214,0.14686909317970276,0.4864015579223633
000000425700.jpg,DeOldify (GAN),20.35272057008357,0.8775223165467825,0.3013046085834503,0.4816927909851074
000000425738.jpg,DeOldify (GAN),28.116867433170988,0.889423964856788,0.0831594467163086,0.4993739128112793
000000426272.jpg,DeOldify (GAN),22.38230408385791,0.936510948363085,0.14671707153320312,0.4901571273803711
000000426362.jpg,DeOldify (GAN),18.78432589168101,0.8179674248679278,0.18841394782066345,0.48656535148620605
000000428511.jpg,DeOldify (GAN),24.587774266990984,0.974061202845384,0.07503192871809006,0.5058157444000244
000000428958.jpg,DeOldify (GAN),25.249651394383076,0.9683275936022286,0.1716306358575821,0.7389605045318604
000000429665.jpg,DeOldify (GAN),15.428807177676385,0.8949616159450114,0.3151951730251312,0.5085659027099609
000000430806.jpg,DeOldify (GAN),31.6240588138356,0.9839575645503148,0.052981968969106674,0.4941749572753906
000000432177.jpg,DeOldify (GAN),24.84889245522342,0.9612596543518679,0.08549994230270386,0.4973468780517578
000000432208.jpg,DeOldify (GAN),23.64293890139189,0.9688001178855473,0.11801103502511978,0.4923593997955322
000000432536.jpg,DeOldify (GAN),22.632940218557785,0.9196926025131935,0.1322985589504242,0.49562931060791016
000000433471.jpg,DeOldify (GAN),19.56103895104851,0.8734347259530361,0.216840922832489,0.4875502586364746
000000433620.jpg,DeOldify (GAN),29.423164684812278,0.9630697503421956,0.1013084277510643,0.49745893478393555
000000434395.jpg,DeOldify (GAN),30.859324877238002,0.9257927081189444,0.11823388934135437,0.4913022518157959
000000434770.jpg,DeOldify (GAN),22.486850373315427,0.9347129735599115,0.07615642994642258,0.4888753890991211
000000435195.jpg,DeOldify (GAN),24.658090861067635,0.923840987218239,0.1474916636943817,0.483048677444458
000000435502.jpg,DeOldify (GAN),28.062850605177815,0.9742040393797886,0.12561120092868805,0.49826526641845703
000000439064.jpg,DeOldify (GAN),26.806942223834117,0.9108835791060467,0.10266894102096558,0.48719215393066406
000000439671.jpg,DeOldify (GAN),24.20639736503943,0.9332608885660649,0.1527559757232666,0.5074295997619629
000000440464.jpg,DeOldify (GAN),22.501430632700266,0.8274755802381885,0.17565464973449707,0.4862504005432129
000000440770.jpg,DeOldify (GAN),21.526669803532826,0.9492308884064556,0.12376648187637329,0.49922895431518555
000000440800.jpg,DeOldify (GAN),25.907651076614794,0.8876397478235303,0.0911245346069336,0.4921708106994629
000000440888.jpg,DeOldify (GAN),27.186054603175613,0.9733659698431482,0.11670583486557007,0.4948406219482422
000000441209.jpg,DeOldify (GAN),24.56527966656331,0.9028585697627637,0.1401815563440323,0.4972856044769287
000000441388.jpg,DeOldify (GAN),29.255311243068256,0.9630508844622147,0.09992775321006775,0.49152135848999023
000000441692.jpg,DeOldify (GAN),26.261434085539367,0.9349331297590145,0.13852711021900177,0.4939427375793457
000000443219.jpg,DeOldify (GAN),20.78745897777051,0.9493678608776245,0.09057202935218811,0.48788928985595703
000000443252.jpg,DeOldify (GAN),26.01827382184611,0.943679359392943,0.10360300540924072,0.493941068649292
000000443355.jpg,DeOldify (GAN),24.451753176407053,0.9232080938473244,0.11112923920154572,0.48716235160827637
000000443378.jpg,DeOldify (GAN),23.198055634265636,0.8562469267432613,0.18830251693725586,0.49053430557250977
000000444243.jpg,DeOldify (GAN),27.751556566280335,0.9630697417024833,0.11771904677152634,0.484699010848999
000000444653.jpg,DeOldify (GAN),25.665538452642615,0.9373858021128947,0.1513659805059433,0.50138258934021
000000444902.jpg,DeOldify (GAN),18.96287708181265,0.8527155003359189,0.2281443476676941,0.4889824390411377
000000445021.jpg,DeOldify (GAN),19.807064597765564,0.8673459729728895,0.3191523849964142,0.47823596000671387
000000445302.jpg,DeOldify (GAN),27.65306236924492,0.9607527699522312,0.11534130573272705,0.4907724857330322
000000445852.jpg,DeOldify (GAN),22.804077882213825,0.8163717145581928,0.22580775618553162,0.48859167098999023
000000447805.jpg,DeOldify (GAN),20.547600301032357,0.8802777909052075,0.13843069970607758,0.498258113861084
000000448272.jpg,DeOldify (GAN),21.970201096911236,0.9032619075888926,0.1687968224287033,0.4987051486968994
000000448515.jpg,DeOldify (GAN),23.95598194196357,0.9503215915874307,0.16675251722335815,0.4916036128997803
000000449074.jpg,DeOldify (GAN),23.58303769838463,0.9540660154903503,0.1226152628660202,0.49257850646972656
000000449582.jpg,DeOldify (GAN),19.583492955437283,0.8893884792883903,0.15188543498516083,0.49025726318359375
000000449696.jpg,DeOldify (GAN),15.83677795985017,0.8147396956987504,0.2790469229221344,0.4972264766693115
000000449982.jpg,DeOldify (GAN),25.74415324284468,0.9436902632299246,0.11332421749830246,0.49351000785827637
000000450211.jpg,DeOldify (GAN),21.978198977344245,0.9314476821318532,0.16344234347343445,0.48805785179138184
000000450645.jpg,DeOldify (GAN),27.663098951402752,0.9753328730715398,0.06361740827560425,0.4908714294433594
000000450656.jpg,DeOldify (GAN),32.90467702455163,0.983086187878169,0.059279996901750565,0.4897313117980957
000000451570.jpg,DeOldify (GAN),24.021933276186616,0.9212948111227436,0.16203957796096802,0.48871707916259766
000000451582.jpg,DeOldify (GAN),26.260590071055585,0.9159869508617655,0.16026856005191803,0.4884674549102783
000000452032.jpg,DeOldify (GAN),26.85520245799298,0.9601770618494241,0.0935841053724289,0.47975802421569824
000000452325.jpg,DeOldify (GAN),31.628178766681568,0.9841426847158298,0.05639828369021416,0.5056164264678955
000000453437.jpg,DeOldify (GAN),22.394649064878834,0.8940562519029971,0.1550847738981247,0.4797954559326172
000000453564.jpg,DeOldify (GAN),26.815188998724103,0.9671380166126472,0.11905116587877274,0.5111556053161621
000000454266.jpg,DeOldify (GAN),21.386565143836993,0.9427077660247037,0.221141517162323,0.4944953918457031
000000454939.jpg,DeOldify (GAN),28.60223883641369,0.9730072430231133,0.05687367171049118,0.48744869232177734
000000454980.jpg,DeOldify (GAN),23.911398547858234,0.967566686961888,0.09263743460178375,0.49958229064941406
000000456363.jpg,DeOldify (GAN),22.73311868321486,0.9322319286284637,0.12821289896965027,0.49317002296447754
000000457302.jpg,DeOldify (GAN),22.807743716396672,0.8001532284415952,0.10835899412631989,0.5066773891448975
000000457391.jpg,DeOldify (GAN),24.54814217233245,0.9340667988907018,0.1450379192829132,0.49709200859069824
000000457958.jpg,DeOldify (GAN),26.442348781095134,0.9498893131082179,0.1239333525300026,0.49665188789367676
000000458293.jpg,DeOldify (GAN),24.80129316986625,0.9268335546598214,0.12975671887397766,0.49097204208374023
000000461432.jpg,DeOldify (GAN),19.122008590057938,0.8977877322578856,0.1568697690963745,0.49426960945129395
000000462337.jpg,DeOldify (GAN),22.82568313919354,0.8250933379296016,0.24028368294239044,0.4803504943847656
000000462351.jpg,DeOldify (GAN),22.357926702682164,0.9122584907135596,0.12473545968532562,0.49955153465270996
000000464189.jpg,DeOldify (GAN),25.089459067626333,0.9595324388111774,0.138612300157547,0.48164796829223633
000000464936.jpg,DeOldify (GAN),25.204908832986042,0.9316879252942932,0.14757566154003143,0.4821338653564453
000000465628.jpg,DeOldify (GAN),25.479902622785314,0.9390742522294957,0.11283170431852341,0.5020580291748047
000000467291.jpg,DeOldify (GAN),24.40940637422779,0.9127507835125774,0.16254998743534088,0.48488616943359375
000000467306.jpg,DeOldify (GAN),24.004210527090958,0.9320758720767776,0.131595179438591,0.4862213134765625
000000467695.jpg,DeOldify (GAN),19.78789485343412,0.915878783122408,0.18530279397964478,0.49825096130371094
000000467850.jpg,DeOldify (GAN),25.42717189885979,0.9267569232178653,0.1409262865781784,0.4823315143585205
000000468268.jpg,DeOldify (GAN),24.795828133693934,0.9011602574692232,0.14338326454162598,0.4806184768676758
000000469044.jpg,DeOldify (GAN),24.172279642971198,0.9204239597736951,0.161432683467865,0.4997234344482422
000000469511.jpg,DeOldify (GAN),18.687483460720628,0.8618729316529962,0.21192368865013123,0.5037295818328857
000000470427.jpg,DeOldify (GAN),21.80830355143832,0.891911754951468,0.22772547602653503,0.49215269088745117
000000471388.jpg,DeOldify (GAN),25.418721391573506,0.9718434476907644,0.09509723633527756,0.5001711845397949
000000472523.jpg,DeOldify (GAN),25.778213844532555,0.9363020122512254,0.10368677973747253,0.5036642551422119
000000472688.jpg,DeOldify (GAN),31.782186007688317,0.9823629002824519,0.07994256913661957,0.4850585460662842
000000473303.jpg,DeOldify (GAN),20.947793409807474,0.8595062215594914,0.18887211382389069,0.49886059761047363
000000473400.jpg,DeOldify (GAN),23.837626272829556,0.9553477609374843,0.11534672230482101,0.4846198558807373
000000473864.jpg,DeOldify (GAN),26.004897907031147,0.9591443984683233,0.0949116125702858,0.4956657886505127
000000473909.jpg,DeOldify (GAN),27.203653143708614,0.9541284706628438,0.10779081284999847,0.49785923957824707
000000474812.jpg,DeOldify (GAN),24.60923830595213,0.9502097664973493,0.12408974766731262,0.495220422744751
000000475246.jpg,DeOldify (GAN),26.642861751959476,0.9661246783650642,0.08914710581302643,0.49384570121765137
000000476390.jpg,DeOldify (GAN),24.811186230733316,0.9360057469693194,0.14073346555233002,0.49248409271240234
000000477323.jpg,DeOldify (GAN),15.435332683532872,0.8931576433995344,0.36195167899131775,0.49005937576293945
000000477832.jpg,DeOldify (GAN),29.605505753224183,0.9768121286785588,0.09075327217578888,0.47807884216308594
000000478183.jpg,DeOldify (GAN),24.844796761976905,0.9211390180699381,0.1104070395231247,0.48940587043762207
000000478218.jpg,DeOldify (GAN),25.181004817853378,0.9204077092114789,0.1256197690963745,0.4846808910369873
000000478746.jpg,DeOldify (GAN),19.995492992439168,0.8793823007575793,0.19351769983768463,0.4847829341888428
000000479224.jpg,DeOldify (GAN),27.08516423129424,0.9762750587787403,0.14721429347991943,0.5069963932037354
000000480149.jpg,DeOldify (GAN),19.542911103356722,0.9573103297188791,0.11992493271827698,0.4924752712249756
000000480276.jpg,DeOldify (GAN),30.197449766692994,0.9838408263084504,0.0543430894613266,0.4847893714904785
000000480466.jpg,DeOldify (GAN),34.28503796891717,0.9842884124131812,0.11261871457099915,0.48134279251098633
000000480987.jpg,DeOldify (GAN),29.117816097945784,0.9800760934586342,0.0790591761469841,0.4825770854949951
000000481307.jpg,DeOldify (GAN),25.817453711491275,0.9465560492660665,0.10757878422737122,0.4817671775817871
000000482289.jpg,DeOldify (GAN),18.436445990660474,0.7780398028960667,0.26201358437538147,0.4889867305755615
000000482640.jpg,DeOldify (GAN),21.99234081156215,0.8587221562659177,0.15531833469867706,0.4904763698577881
000000482645.jpg,DeOldify (GAN),21.979803884302918,0.8874929500858227,0.1330505609512329,0.4915459156036377
000000482973.jpg,DeOldify (GAN),18.1949469699872,0.718618684774008,0.35172325372695923,0.5108358860015869
000000483619.jpg,DeOldify (GAN),19.78382785064905,0.8821814537709033,0.23284204304218292,0.5063929557800293
000000486591.jpg,DeOldify (GAN),23.163090581775286,0.9531756545545611,0.13012950122356415,0.4906163215637207
000000487158.jpg,DeOldify (GAN),28.13144881571995,0.9780463524796112,0.08754420280456543,0.5029125213623047
000000487214.jpg,DeOldify (GAN),26.703724426494716,0.9596801638695194,0.12424010038375854,0.4991168975830078
000000487789.jpg,DeOldify (GAN),21.96391887728307,0.9114189504335748,0.18177273869514465,0.48612213134765625
000000487969.jpg,DeOldify (GAN),24.01507431941603,0.8967664399133507,0.21164582669734955,0.4893147945404053
000000488067.jpg,DeOldify (GAN),19.291735136930786,0.8513057798065239,0.25210413336753845,0.500544548034668
000000488900.jpg,DeOldify (GAN),21.82046626244989,0.8492180217679038,0.16257357597351074,0.4892880916595459
000000489092.jpg,DeOldify (GAN),19.427259596811236,0.8971299029132872,0.1654074788093567,0.4934048652648926
000000489240.jpg,DeOldify (GAN),25.62763182862418,0.9291410180193265,0.11026497185230255,0.48633599281311035
000000489365.jpg,DeOldify (GAN),17.522913421363615,0.8591878807652636,0.17855127155780792,0.4993247985839844
000000489392.jpg,DeOldify (GAN),25.16865865361646,0.9232083615692889,0.09171277284622192,0.47892045974731445
000000489536.jpg,DeOldify (GAN),21.486248914235162,0.9036854540308932,0.1758388727903366,0.48780298233032227
000000489562.jpg,DeOldify (GAN),24.55652866056111,0.949642768732002,0.14669592678546906,0.49540042877197266
000000489925.jpg,DeOldify (GAN),28.575083380125577,0.9626265630335468,0.0869867354631424,0.5023705959320068
000000490229.jpg,DeOldify (GAN),22.35027886092903,0.8791300991466532,0.20110352337360382,0.49628424644470215
000000490573.jpg,DeOldify (GAN),29.503564962150747,0.9727648843007538,0.10767028480768204,0.49472713470458984
000000492688.jpg,DeOldify (GAN),28.181488351358816,0.9762361037652006,0.0704730823636055,0.493316650390625
000000493693.jpg,DeOldify (GAN),27.208933861326553,0.9590298791258576,0.09021030366420746,0.4944877624511719
000000493948.jpg,DeOldify (GAN),25.673105125188357,0.9541753989041958,0.1697085201740265,0.4866068363189697
000000494088.jpg,DeOldify (GAN),28.6100113099498,0.9653344742931952,0.09132053703069687,0.488356351852417
000000495016.jpg,DeOldify (GAN),33.57687968028862,0.9818123071486725,0.044462691992521286,0.4950737953186035
000000495550.jpg,DeOldify (GAN),21.494521964807088,0.7693031519809109,0.14512869715690613,0.49093151092529297
000000495998.jpg,DeOldify (GAN),18.68088233902415,0.8917903366026444,0.13952001929283142,0.48656415939331055
000000496163.jpg,DeOldify (GAN),22.187149332424767,0.9520936957387773,0.1563863605260849,0.4893655776977539
000000496590.jpg,DeOldify (GAN),19.036108127165058,0.8789246973772795,0.1887149214744568,0.4890165328979492
000000496827.jpg,DeOldify (GAN),26.2497543738287,0.9493687378260454,0.13123691082000732,0.49248552322387695
000000496852.jpg,DeOldify (GAN),30.79301082467967,0.8263328498579833,0.2374863624572754,0.5013933181762695
000000497293.jpg,DeOldify (GAN),33.05693096575379,0.9761300507280363,0.08463270962238312,0.47568368911743164
000000497346.jpg,DeOldify (GAN),22.675823828991305,0.9344242254877694,0.1320778727531433,0.5207610130310059
000000497814.jpg,DeOldify (GAN),24.663870342266932,0.949950150488229,0.1291595846414566,0.4890720844268799
000000497866.jpg,DeOldify (GAN),17.997663967757017,0.9067146422306595,0.20123115181922913,0.48737215995788574
000000497886.jpg,DeOldify (GAN),27.619527792345217,0.9728264577477367,0.11202384531497955,0.49816465377807617
000000499178.jpg,DeOldify (GAN),29.310262464379342,0.9394865615434295,0.06932353973388672,0.48207664489746094
000000499769.jpg,DeOldify (GAN),14.668690829251272,0.8259566393916681,0.2498224973678589,0.49109435081481934
000000500131.jpg,DeOldify (GAN),26.351023162835496,0.9602401875545196,0.091778464615345,0.4992959499359131
000000500308.jpg,DeOldify (GAN),21.45156061374361,0.7330006310610742,0.13801148533821106,0.48564672470092773
000000500397.jpg,DeOldify (GAN),32.27193961771813,0.9850562038332393,0.06639353930950165,0.503281831741333
000000501024.jpg,DeOldify (GAN),26.30545347737875,0.9379686781221594,0.11237943172454834,0.4781005382537842
000000501068.jpg,DeOldify (GAN),17.60646416946186,0.8701599285105188,0.23756596446037292,0.5748164653778076
000000501207.jpg,DeOldify (GAN),22.08070262855985,0.8969699566110498,0.19914765655994415,0.4830965995788574
000000502734.jpg,DeOldify (GAN),13.301584780417787,0.8183399495868028,0.3035354018211365,0.5106427669525146
000000502834.jpg,DeOldify (GAN),34.07964010984393,0.9815399265819659,0.06308528780937195,0.5238006114959717
000000504966.jpg,DeOldify (GAN),24.92294035589697,0.9360410546908288,0.16479438543319702,0.5000193119049072
000000505231.jpg,DeOldify (GAN),21.663852071293274,0.9413445890844073,0.11547671258449554,0.48871946334838867
000000507156.jpg,DeOldify (GAN),19.571689398170687,0.8696363988827366,0.2699428200721741,0.4956929683685303
000000507433.jpg,DeOldify (GAN),21.438482158462072,0.8646477000752126,0.26653510332107544,0.5035347938537598
000000508587.jpg,DeOldify (GAN),20.298838424601527,0.8268224449529539,0.13105899095535278,0.47851109504699707
000000508942.jpg,DeOldify (GAN),23.87726504824544,0.934545557505955,0.1274918168783188,0.5084953308105469
000000509125.jpg,DeOldify (GAN),28.778885465496998,0.9690724422631577,0.08774910122156143,0.5014679431915283
000000509857.jpg,DeOldify (GAN),20.92696930212079,0.8910762393207757,0.19514143466949463,0.48920226097106934
000000510575.jpg,DeOldify (GAN),26.742704807342633,0.971243321788189,0.09398309141397476,0.49347591400146484
000000512278.jpg,DeOldify (GAN),25.39785158194578,0.9114882650635466,0.18681751191616058,0.4931325912475586
000000513747.jpg,DeOldify (GAN),24.06161840030807,0.9385084927102502,0.15392042696475983,0.4912846088409424
000000513763.jpg,DeOldify (GAN),23.28727429188367,0.9272602620019197,0.17226916551589966,0.48899102210998535
000000513788.jpg,DeOldify (GAN),31.252480446933436,0.9639753827139946,0.040299177169799805,0.49283266067504883
000000514876.jpg,DeOldify (GAN),20.833165078037084,0.9139655728687628,0.1711970418691635,0.6206846237182617
000000516166.jpg,DeOldify (GAN),22.24730217641154,0.9161686565034556,0.16599783301353455,0.5067040920257568
000000516746.jpg,DeOldify (GAN),21.62030713771976,0.7897475861521496,0.2281350940465927,0.4907972812652588
000000517892.jpg,DeOldify (GAN),19.429350918954146,0.8851347058174367,0.28751012682914734,0.4812800884246826
000000518461.jpg,DeOldify (GAN),23.87149179736841,0.9354626204080222,0.22771918773651123,0.487945556640625
000000519456.jpg,DeOldify (GAN),23.10803404436912,0.9441709350754238,0.13384336233139038,0.5007266998291016
000000519473.jpg,DeOldify (GAN),24.5229891169201,0.9101317102382617,0.14481711387634277,0.49071598052978516
000000519698.jpg,DeOldify (GAN),24.654430538825718,0.9229405821568312,0.1267455518245697,0.4965856075286865
000000519825.jpg,DeOldify (GAN),26.887872256835376,0.9473452989613476,0.08545829355716705,0.4845423698425293
000000521265.jpg,DeOldify (GAN),27.232870628559233,0.9785715653752982,0.0875396877527237,0.4870321750640869
000000522648.jpg,DeOldify (GAN),26.55470481723954,0.9771089872752942,0.13420353829860687,0.5016930103302002
000000524566.jpg,DeOldify (GAN),25.295836061643243,0.9416338957870067,0.1629919856786728,0.4876365661621094
000000524687.jpg,DeOldify (GAN),27.6005886483279,0.9472435132458653,0.10882318019866943,0.48954033851623535
000000525901.jpg,DeOldify (GAN),27.637649292873693,0.9475724588632072,0.11172399669885635,0.48050975799560547
000000526918.jpg,DeOldify (GAN),28.64904469990774,0.9643935023183504,0.07807110995054245,0.5030851364135742
000000527007.jpg,DeOldify (GAN),23.751329265788662,0.892262282789389,0.129619762301445,0.4934844970703125
000000527162.jpg,DeOldify (GAN),21.579581401062814,0.9173218811937328,0.16335389018058777,0.4867265224456787
000000528103.jpg,DeOldify (GAN),26.18489608110022,0.9744914321152852,0.07438408583402634,0.48931026458740234
000000528703.jpg,DeOldify (GAN),24.733209789673932,0.96859312744352,0.15064024925231934,0.48201680183410645
000000528902.jpg,DeOldify (GAN),20.358467648448993,0.8993765103388321,0.22214561700820923,0.4863247871398926
000000529149.jpg,DeOldify (GAN),22.999299373384922,0.9456875919436071,0.13370122015476227,0.494701623916626
000000530032.jpg,DeOldify (GAN),28.059039937588196,0.9825995569134646,0.09454129636287689,0.4863133430480957
000000530139.jpg,DeOldify (GAN),30.84602529950744,0.9406280681478978,0.078590527176857,0.498856782913208
000000531310.jpg,DeOldify (GAN),26.44664089060192,0.9274855726859111,0.24934473633766174,0.4951183795928955
000000532528.jpg,DeOldify (GAN),28.10405511798342,0.968703400625968,0.05081328749656677,0.4926624298095703
000000532794.jpg,DeOldify (GAN),20.252552780515416,0.8556653192071452,0.1868610382080078,0.4932217597961426
000000532939.jpg,DeOldify (GAN),25.591450074307144,0.9519955715112992,0.13163889944553375,0.5153846740722656
000000533167.jpg,DeOldify (GAN),31.354909855343728,0.974234641081508,0.1027584820985794,0.5052652359008789
000000533492.jpg,DeOldify (GAN),28.992709508028476,0.9687303012288174,0.08192970603704453,0.4915618896484375
000000534563.jpg,DeOldify (GAN),24.120361260544332,0.9430372557942214,0.1459168791770935,0.48624110221862793
000000534893.jpg,DeOldify (GAN),23.008850262286742,0.9413364368281368,0.14101432263851166,0.4912283420562744
000000534929.jpg,DeOldify (GAN),20.593503967828617,0.9277505760074826,0.1926804482936859,0.4901432991027832
000000535594.jpg,DeOldify (GAN),26.287233469898865,0.9631856627936896,0.06522990018129349,0.4974701404571533
000000535744.jpg,DeOldify (GAN),20.774660664582957,0.8596790991211866,0.16440293192863464,0.48574256896972656
000000536197.jpg,DeOldify (GAN),27.314044974730333,0.9706448089996819,0.08915431797504425,0.49756884574890137
000000536256.jpg,DeOldify (GAN),21.538202846129355,0.9173335764016332,0.15110088884830475,0.4881126880645752
000000536591.jpg,DeOldify (GAN),22.66424146152202,0.9515786060714909,0.1723202019929886,0.5665457248687744
000000537394.jpg,DeOldify (GAN),28.885929404916965,0.9229201245558306,0.1017882227897644,0.48633742332458496
000000537747.jpg,DeOldify (GAN),24.033915936128377,0.9262377649716944,0.1458493322134018,0.49205684661865234
000000538365.jpg,DeOldify (GAN),19.613399232948765,0.8290318015506277,0.2660617530345917,0.49001216888427734
000000538767.jpg,DeOldify (GAN),26.838531133856076,0.8823486261848267,0.08497840911149979,0.4962635040283203
000000539512.jpg,DeOldify (GAN),19.531738455142914,0.8171042302694093,0.2111532986164093,0.4938013553619385
000000540650.jpg,DeOldify (GAN),23.463223111327316,0.9267657370964016,0.19243267178535461,0.4914851188659668
000000540908.jpg,DeOldify (GAN),18.376790995248868,0.8867077067764776,0.22002410888671875,0.49866342544555664
000000541946.jpg,DeOldify (GAN),26.382560088235195,0.9280453967271355,0.13799820840358734,0.5042862892150879
000000543061.jpg,DeOldify (GAN),22.11519566606228,0.8752146118489769,0.17518118023872375,0.4854145050048828
000000543624.jpg,DeOldify (GAN),24.73095746261074,0.9676870362970678,0.04912629723548889,0.4880683422088623
000000544049.jpg,DeOldify (GAN),21.66251320425562,0.9368043127914922,0.19357015192508698,0.4900062084197998
000000544468.jpg,DeOldify (GAN),22.017979490471248,0.9071364773330134,0.16395193338394165,0.524228572845459
000000544509.jpg,DeOldify (GAN),26.882893013647006,0.9748182610405923,0.06461921334266663,0.4910581111907959
000000544790.jpg,DeOldify (GAN),24.60342880466665,0.8935670152433294,0.17250986397266388,0.48546838760375977
000000546072.jpg,DeOldify (GAN),22.803301126229755,0.8655998527323111,0.20407241582870483,0.5034904479980469
000000546573.jpg,DeOldify (GAN),20.519703865997933,0.9220772534299227,0.19309669733047485,0.4936563968658447
000000546982.jpg,DeOldify (GAN),29.605693731344452,0.9644348366339348,0.06008008494973183,0.49504590034484863
000000547466.jpg,DeOldify (GAN),25.986348431219444,0.9484820537788444,0.14002983272075653,0.49309873580932617
000000547729.jpg,DeOldify (GAN),23.13680959450068,0.93533939767763,0.15595372021198273,0.4958789348602295
000000548023.jpg,DeOldify (GAN),25.27892966960255,0.9333745777205276,0.11137758195400238,0.49683260917663574
000000548152.jpg,DeOldify (GAN),19.22575949815378,0.82343106039341,0.20260284841060638,0.4910905361175537
000000548290.jpg,DeOldify (GAN),29.20343765184601,0.9571095001870523,0.09106459468603134,0.49107956886291504
000000548392.jpg,DeOldify (GAN),23.09190319650466,0.9541867861861956,0.1293901801109314,0.5042941570281982
000000549516.jpg,DeOldify (GAN),20.424238561884852,0.9200058495983979,0.17756661772727966,0.4926943778991699
000000549791.jpg,DeOldify (GAN),42.2088778529286,0.9966547568241196,0.005812232382595539,0.5077316761016846
000000549863.jpg,DeOldify (GAN),23.553114957376387,0.8797447800755619,0.14183536171913147,0.49321603775024414
000000551893.jpg,DeOldify (GAN),20.03525929263333,0.9009435466906756,0.1966589242219925,0.4975130558013916
000000552051.jpg,DeOldify (GAN),27.122958420630063,0.9654744108798962,0.10864771902561188,0.5080356597900391
000000552524.jpg,DeOldify (GAN),24.17851459136214,0.9637182526278366,0.15656068921089172,0.4962577819824219
000000553782.jpg,DeOldify (GAN),22.55051509729277,0.8675662071658921,0.22958210110664368,0.5054976940155029
000000554072.jpg,DeOldify (GAN),24.3818648683946,0.9471222109503928,0.07644466310739517,0.48933959007263184
000000554696.jpg,DeOldify (GAN),24.839144997117117,0.9593345563050885,0.15026162564754486,0.48642683029174805
000000555111.jpg,DeOldify (GAN),17.06738168236433,0.8956272452581725,0.2455429583787918,0.4905235767364502
000000556059.jpg,DeOldify (GAN),21.15450498407757,0.9155742663413186,0.1727500855922699,0.4872019290924072
000000557665.jpg,DeOldify (GAN),24.819281199496743,0.9599152675123251,0.1393459141254425,0.48184776306152344
000000558003.jpg,DeOldify (GAN),40.71243799501859,0.9908672667770931,0.015175433829426765,0.48790526390075684
000000558059.jpg,DeOldify (GAN),26.876094443173866,0.946192139771293,0.06718108057975769,0.4985480308532715
000000558240.jpg,DeOldify (GAN),25.448417442504592,0.9108245410506385,0.130674347281456,0.4822394847869873
000000558583.jpg,DeOldify (GAN),23.4775171945763,0.7401111196643114,0.1483781635761261,0.5012302398681641
000000558778.jpg,DeOldify (GAN),22.02006198930112,0.884544361415,0.148593932390213,0.4967215061187744
000000560672.jpg,DeOldify (GAN),19.21210315406436,0.8555289111364814,0.26662513613700867,0.49959802627563477
000000560696.jpg,DeOldify (GAN),24.20597798421509,0.930965793095415,0.1501690000295639,0.48837828636169434
000000562022.jpg,DeOldify (GAN),25.00769282077247,0.9581793047006006,0.1885020136833191,0.505035400390625
000000562439.jpg,DeOldify (GAN),28.319115774144933,0.9656258141951802,0.09405012428760529,0.5008625984191895
000000563425.jpg,DeOldify (GAN),16.986404744075465,0.8205854556956789,0.2511552572250366,0.5015196800231934
000000563629.jpg,DeOldify (GAN),17.026876865926134,0.8861684867428035,0.16849049925804138,0.49234676361083984
000000563703.jpg,DeOldify (GAN),20.39670005404168,0.862986383836328,0.19935491681098938,0.5013687610626221
000000563908.jpg,DeOldify (GAN),19.257583031426975,0.9115041057178801,0.14723043143749237,0.4967327117919922
000000566196.jpg,DeOldify (GAN),24.27021895619831,0.8998529827670868,0.11598321795463562,0.5146856307983398
000000566702.jpg,DeOldify (GAN),24.062379378851,0.9672713646970515,0.13959069550037384,0.4886152744293213
000000567272.jpg,DeOldify (GAN),25.04350905844623,0.9454228223054937,0.14657586812973022,0.49848389625549316
000000567623.jpg,DeOldify (GAN),30.224065407818195,0.9684144278384462,0.06504465639591217,0.49620556831359863
000000570575.jpg,DeOldify (GAN),21.938046767670755,0.8829509653688555,0.18465477228164673,0.4879875183105469
000000570764.jpg,DeOldify (GAN),27.329782896706703,0.9652266533273289,0.11793041229248047,0.509711742401123
000000571027.jpg,DeOldify (GAN),23.072745672041,0.9359432955041577,0.18208745121955872,0.4785881042480469
000000571463.jpg,DeOldify (GAN),24.226943229081634,0.9574118292822523,0.0812339186668396,0.4993162155151367
000000572190.jpg,DeOldify (GAN),30.123837283069985,0.9132446179720098,0.09604436904191971,0.4916517734527588
000000572389.jpg,DeOldify (GAN),31.334849366896876,0.9891402957322497,0.03902930021286011,0.4852569103240967
000000572562.jpg,DeOldify (GAN),22.870657934298073,0.8613670095579429,0.17908482253551483,0.4889242649078369
000000572576.jpg,DeOldify (GAN),16.59800713955182,0.8367283835029825,0.2751002609729767,0.47705078125
000000575930.jpg,DeOldify (GAN),19.430459756605252,0.8437661766715278,0.17628790438175201,0.49334025382995605
000000577218.jpg,DeOldify (GAN),26.933004005377565,0.960296967331221,0.10428289324045181,0.4982573986053467
000000577335.jpg,DeOldify (GAN),25.367661920029292,0.961133947019703,0.12310770153999329,0.49502062797546387
000000577784.jpg,DeOldify (GAN),30.118023255004942,0.9564970108760577,0.11620277166366577,0.4917778968811035
000000577861.jpg,DeOldify (GAN),19.614354159665154,0.8696719595387283,0.1896408051252365,0.49065637588500977
000000578062.jpg,DeOldify (GAN),26.52636946722501,0.9578422728025556,0.08552573621273041,0.486375093460083
000000579250.jpg,DeOldify (GAN),25.047154907777177,0.9650260113149903,0.1013314351439476,0.4901092052459717
000000579597.jpg,DeOldify (GAN),20.323957000626734,0.8964213589770852,0.229611337184906,0.48420286178588867
000000579714.jpg,DeOldify (GAN),19.99137216763697,0.9171040650023956,0.30491727590560913,0.5081748962402344
000000579733.jpg,DeOldify (GAN),22.933861855384908,0.9344364990846789,0.14254269003868103,0.4919884204864502
000000580610.jpg,DeOldify (GAN),19.910905101967938,0.7969917994529595,0.25784823298454285,0.48998045921325684
000000581265.jpg,DeOldify (GAN),22.106228966971045,0.9045514622095744,0.2401096522808075,0.4999871253967285
000000581342.jpg,DeOldify (GAN),25.803703954700808,0.8959498869408257,0.12443489581346512,0.5041790008544922
